factor,trade_date,baseline_log_total_mv,portfolio_log_total_mv,active_log_total_mv,portfolio_size_percentile,baseline_count,holding_count,missing_size_count
Debt_to_Equity,20220128,13.527797841417618,13.26616617810281,-0.26163166331480703,0.43884977071326764,4401,880,0
Debt_to_Equity,20220228,13.565352579344282,13.287844592752798,-0.277507986591484,0.4338368645664483,4423,885,0
Debt_to_Equity,20220331,13.496581314495419,13.201211698987867,-0.2953696155075516,0.4276061251985762,4460,892,0
Debt_to_Equity,20220429,13.33116176846919,13.025276699778306,-0.30588506869088405,0.4263553190655525,4469,885,0
Debt_to_Equity,20220531,13.422348159164494,13.09734772369007,-0.3250004354744238,0.4194379678488158,4496,899,0
Debt_to_Equity,20220630,13.48792974916534,13.173249516932309,-0.314680232233032,0.42293958776499985,4527,905,0
Debt_to_Equity,20220729,13.510160456933223,13.182603027421294,-0.3275574295119288,0.41884569946471795,4559,912,0
Debt_to_Equity,20220831,13.469032238878778,13.129535142203727,-0.3394970966750517,0.4139620682064896,4612,922,0
Debt_to_Equity,20220930,13.36926216123646,13.021911213107938,-0.34735094812852196,0.41196200567399777,4655,931,0
Debt_to_Equity,20221031,13.395405091950657,13.114750211599205,-0.28065488035145236,0.4305506526557754,4686,937,1
Debt_to_Equity,20221130,13.457098820417032,13.151879124049024,-0.30521969636800783,0.4229230833896753,4728,946,0
Debt_to_Equity,20221230,13.39838242046714,13.093608003989104,-0.30477441647803616,0.423421552493829,4780,956,0
Debt_to_Equity,20230131,13.474916410719583,13.173712379611981,-0.3012040311076021,0.4251582135460403,4786,957,0
Debt_to_Equity,20230228,13.499611806621152,13.206366301685257,-0.29324550493589463,0.42726033578939254,4814,963,0
Debt_to_Equity,20230331,13.479012148153421,13.20551862982087,-0.2734935183325504,0.4328193579667245,4848,970,0
Debt_to_Equity,20230428,13.450533559035414,13.131189143777416,-0.31934441525799784,0.4223274581541439,4859,965,0
Debt_to_Equity,20230531,13.447372959537425,13.141159045158792,-0.3062139143786329,0.42499766902105995,4891,978,0
Debt_to_Equity,20230630,13.44983396528639,13.139960104654442,-0.30987386063194755,0.4224381366359897,4942,988,0
Debt_to_Equity,20230731,13.45883768599557,13.119651141770275,-0.3391865442252957,0.41508226254285635,4969,994,0
Debt_to_Equity,20230831,13.415140334067397,13.107959106270785,-0.3071812277966117,0.42626995155983544,5002,1001,0
Debt_to_Equity,20230928,13.40761997609005,13.091485505476104,-0.31613447061394595,0.42234608090848413,5019,1004,0
Debt_to_Equity,20231031,13.391586075635944,13.091203946631222,-0.3003821290047224,0.4243918366348124,5032,1007,0
Debt_to_Equity,20231130,13.436365042773792,13.153830911226251,-0.2825341315475409,0.42485091646419526,5049,1010,0
Debt_to_Equity,20231229,13.425961604712603,13.150043346291184,-0.27591825842141837,0.4235094774641075,5066,1013,0
Debt_to_Equity,20240131,13.21130403584524,12.888281350590374,-0.3230226852548661,0.41309711308928176,5085,1017,0
Debt_to_Equity,20240229,13.265189891317156,12.94869663804317,-0.31649325327398614,0.41919481558320826,5089,1018,0
Debt_to_Equity,20240329,13.296324407826035,12.97848954895375,-0.3178348588722848,0.41754255928690365,5099,1020,0
Debt_to_Equity,20240430,13.283260727955764,12.955726970027445,-0.3275337579283182,0.4165433032768173,5068,1013,0
Debt_to_Equity,20240531,13.26186091374952,12.932913888746587,-0.3289470250029325,0.4174255112809506,5094,1019,0
Debt_to_Equity,20240628,13.167664835784514,12.852255048116927,-0.315409787667587,0.42259925457226577,5103,1021,0
Debt_to_Equity,20240731,13.168907191384136,12.847448296926434,-0.32145889445770237,0.41888277944922825,5103,1020,0
Debt_to_Equity,20240830,13.123837412027148,12.788633044353254,-0.33520436767389405,0.41529483815461143,5111,1022,0
Debt_to_Equity,20240930,13.327985140635553,13.002440168818492,-0.3255449718170613,0.4171448699590625,5114,1022,0
Debt_to_Equity,20241031,13.398566879492098,13.099669825300213,-0.29889705419188495,0.42104005813598633,5120,1024,0
Debt_to_Equity,20241129,13.44292932580768,13.150765548846284,-0.29216377696139695,0.41966855933807445,5134,1027,0
Debt_to_Equity,20241231,13.384183365260759,13.083868218397166,-0.30031514686359273,0.41980533776785495,5143,1028,0
Debt_to_Equity,20250127,13.368578359227817,13.079686506748576,-0.28889185247924054,0.42293542832576475,5157,1032,0
Debt_to_Equity,20250228,13.437829046871714,13.162255233509075,-0.2755738133626391,0.424802713402927,5158,1031,0
Debt_to_Equity,20250331,13.437959280610594,13.154050999021182,-0.2839082815894116,0.4223435613517951,5162,1033,0
Debt_to_Equity,20250430,13.425684525905208,13.181396264943107,-0.24428826096210088,0.4338370810722576,5135,1026,0
Debt_to_Equity,20250530,13.459462706479618,13.219957713618964,-0.2395049928606543,0.43383405749791754,5165,1032,0
Debt_to_Equity,20250630,13.510328311670834,13.278599059975978,-0.2317292516948566,0.43608728213507614,5184,1037,0
Debt_to_Equity,20250731,13.557793404836662,13.324457420395342,-0.23333598444131987,0.43619546601812687,5191,1039,0
Debt_to_Equity,20250829,13.63162261900554,13.388109318972202,-0.2435133000333387,0.4335781355466299,5196,1039,0
Debt_to_Equity,20250930,13.632857255744115,13.377925929631402,-0.25493132611271285,0.4309682716538892,5204,1041,0
Debt_to_Equity,20251031,13.64684093632186,13.394305670910938,-0.25253526541092164,0.43225888887152536,5215,1043,0
Debt_to_Equity,20251128,13.631569273587985,13.373462269253363,-0.2581070043346223,0.4295281797780726,5217,1043,0
Debt_to_Equity,20251231,13.64693447339505,13.385085699323458,-0.26184877407159135,0.4293590787822978,5239,1048,0
Debt_to_Equity,20260130,13.71748109538549,13.46356278179008,-0.2539183135954115,0.43226972938156,5249,1050,0
Debt_to_Equity,20260227,13.750634836721947,13.480257327694865,-0.2703775090270817,0.4274114440136125,5258,1052,0
Debt_to_Equity,20260331,13.640680720400868,13.362566284003913,-0.27811443639695455,0.4262533322224421,5266,1053,0
Debt_to_Equity,20260430,13.703769951468612,13.413944482460645,-0.28982546900796713,0.4242906603432547,5281,1056,0
Debt_to_Equity,20260529,13.661940646839094,13.366605525872735,-0.2953351209663584,0.42590430594544304,5297,1059,0
Debt_to_Equity,20260630,13.597639559715336,13.319643832854618,-0.27799572686071805,0.43303399786400854,5300,1060,0
Dividend_Yield,20220128,13.69164977126081,13.92630059456065,0.234650823299841,0.5514850902796102,3043,609,0
Dividend_Yield,20220228,13.726457089327086,13.9716892793396,0.24523219001251384,0.5525372981755772,3047,610,0
Dividend_Yield,20220331,13.655078328912948,13.953587155785602,0.2985088268726539,0.5670809929963248,3036,608,0
Dividend_Yield,20220429,13.50349327416956,13.77193646968372,0.26844319551415907,0.5583450519046967,2960,591,0
Dividend_Yield,20220531,13.602498238901939,13.868071928574297,0.26557368967235817,0.5567167860530287,2804,561,0
Dividend_Yield,20220630,13.629065696689546,13.914274266977312,0.28520857028776625,0.5609013801559446,2985,597,0
Dividend_Yield,20220729,13.630065875881007,13.92099966919911,0.29093379331810354,0.5616285775727246,3197,640,0
Dividend_Yield,20220831,13.602220187081585,13.900038692077906,0.29781850499632156,0.5636950438012164,3277,656,0
Dividend_Yield,20220930,13.507009701756212,13.830437600023085,0.323427898266873,0.5690074080201469,3297,660,0
Dividend_Yield,20221031,13.535099763951282,13.849778925193576,0.3146791612422941,0.568255924678569,3303,661,0
Dividend_Yield,20221130,13.599070007557591,13.911066608047125,0.31199660048953426,0.5663145646518524,3316,664,0
Dividend_Yield,20221230,13.554879088260765,13.85274868987095,0.2978696016101843,0.5609585753317454,3315,663,0
Dividend_Yield,20230131,13.635667142334832,13.928691985428912,0.2930248430940807,0.5594943887215533,3314,663,0
Dividend_Yield,20230228,13.666641949309238,13.961777203962097,0.29513525465285895,0.5616644410886308,3314,663,0
Dividend_Yield,20230331,13.648901717521746,13.94525902598706,0.29635730846531416,0.5625294534534976,3308,662,0
Dividend_Yield,20230428,13.61793483561895,13.912641230548488,0.29470639492953765,0.5595119360615759,3240,648,0
Dividend_Yield,20230531,13.608585353707932,13.845989641121996,0.23740428741406383,0.5466845146546314,3053,611,0
Dividend_Yield,20230630,13.596565155760725,13.804393337062276,0.20782818130155079,0.5480375286488117,3183,637,0
Dividend_Yield,20230731,13.592398203817218,13.81026146858186,0.21786326476464168,0.5533420475790808,3377,676,0
Dividend_Yield,20230831,13.557900526328375,13.754909037932727,0.19700851160435207,0.5513519070185956,3409,682,0
Dividend_Yield,20230928,13.545779135504562,13.731260630566451,0.1854814950618895,0.5474089229547743,3432,687,0
Dividend_Yield,20231031,13.521295102027512,13.68864829651094,0.16735319448342878,0.544931655416924,3462,693,0
Dividend_Yield,20231130,13.564560672142632,13.918320259358092,0.3537595872154604,0.5800151588573701,3474,695,0
Dividend_Yield,20231229,13.554359653691344,13.96132910370238,0.4069694500110348,0.5930231887378171,3482,697,0
Dividend_Yield,20240131,13.349885875785136,13.73419430851259,0.38430843272745463,0.5842156073683281,3485,697,0
Dividend_Yield,20240229,13.412966218109803,13.700865605588968,0.28789938747916466,0.5559594423863468,3484,697,0
Dividend_Yield,20240329,13.44390588111747,13.731190822242935,0.2872849411254652,0.5604414387633769,3480,696,0
Dividend_Yield,20240430,13.44060213600791,13.709143534613009,0.2685413986050982,0.5530749027900949,3424,685,0
Dividend_Yield,20240531,13.424405772306905,13.717917993655568,0.2935122213486636,0.5599251672781002,3266,654,0
Dividend_Yield,20240628,13.30139768569115,13.540934425794662,0.239536740103512,0.5506882637748789,3461,692,0
Dividend_Yield,20240731,13.2753275106374,13.567563847668659,0.29223633703125884,0.5597466744810453,3766,753,0
Dividend_Yield,20240830,13.240287851549967,13.53050677232276,0.29021892077279254,0.5591000745448719,3843,769,0
Dividend_Yield,20240930,13.435883626489586,13.725460142123378,0.28957651563379194,0.559797005027333,3864,773,0
Dividend_Yield,20241031,13.485194239498703,13.887697931902965,0.4025036924042613,0.585949891345273,3897,779,0
Dividend_Yield,20241129,13.531817678172473,13.995302598055712,0.46348491988323914,0.6060730074671934,3909,782,0
Dividend_Yield,20241231,13.48042333838927,13.906242867788835,0.4258195293995648,0.5912198095619979,3919,784,0
Dividend_Yield,20250127,13.467463046098267,13.892123967272795,0.424660921174528,0.5912002039740119,3937,788,0
Dividend_Yield,20250228,13.528479234020669,13.962466701937306,0.4339874679166371,0.5956240908669872,3937,787,0
Dividend_Yield,20250331,13.534586774858518,14.013764780147072,0.4791780052885546,0.605509535821881,3936,788,0
Dividend_Yield,20250430,13.516209890015167,14.008986517153044,0.49277662713787684,0.6113872125194821,3886,777,0
Dividend_Yield,20250530,13.566230085889192,14.093282626199219,0.5270525403100272,0.6192205019492736,3639,728,0
Dividend_Yield,20250630,13.626536819415092,14.114236949349305,0.48770012993421297,0.6109269286896787,3583,717,0
Dividend_Yield,20250731,13.670750655464705,14.141614728827468,0.4708640733627636,0.6067858275827457,3694,739,0
Dividend_Yield,20250829,13.75402049669845,14.174036514216748,0.4200160175182983,0.595349926329403,3726,745,0
Dividend_Yield,20250930,13.756012428671868,14.151299964751814,0.3952875360799464,0.5896480523280684,3729,746,0
Dividend_Yield,20251031,13.764525356637494,14.204817755291721,0.4402923986542273,0.6009160803253978,3728,746,0
Dividend_Yield,20251128,13.736950068018688,14.238499031865459,0.501548963846771,0.615804178106961,3729,746,0
Dividend_Yield,20251231,13.759436483379448,14.215410263354723,0.45597377997527566,0.6032552625354352,3729,746,0
Dividend_Yield,20260130,13.831480301590586,14.249425460963124,0.41794515937253784,0.594795279801133,3720,744,0
Dividend_Yield,20260227,13.865023421485642,14.313088745672065,0.4480653241864232,0.6010640962118823,3725,745,0
Dividend_Yield,20260331,13.75415530119052,14.20792915275682,0.4537738515663001,0.6006196045518358,3714,743,0
Dividend_Yield,20260430,13.811351071962283,14.206186909861012,0.39483583789872867,0.5906246155738712,3696,739,0
Dividend_Yield,20260529,13.792811188934872,14.158697525031798,0.365886336096926,0.5776020810215339,3528,705,0
Dividend_Yield,20260630,13.73781083322673,13.94951662672566,0.21170579349893082,0.5417472303797751,3543,709,0
Gross_Margin,20220128,13.476351823520284,13.65911084151606,0.18275901799577632,0.5529582700483394,4329,866,0
Gross_Margin,20220228,13.515581671521542,13.691731436184886,0.17614976466334475,0.5506402581647784,4349,870,0
Gross_Margin,20220331,13.448702622506769,13.622100217186393,0.17339759467962423,0.5509541798100692,4384,877,0
Gross_Margin,20220429,13.279969383977386,13.542532494789546,0.26256311081215955,0.5735497687447072,4386,868,0
Gross_Margin,20220531,13.375480854045456,13.624518697401923,0.24903784335646684,0.5682740562556279,4403,881,0
Gross_Margin,20220630,13.442035868410166,13.694371460178468,0.25233559176830234,0.5672844595148534,4433,886,0
Gross_Margin,20220729,13.467230343256652,13.681141119097685,0.21391077584103257,0.5599074040626618,4464,893,0
Gross_Margin,20220831,13.425355358284708,13.642968521928937,0.2176131636442289,0.5608771862711346,4516,903,0
Gross_Margin,20220930,13.32535726870334,13.555666386557924,0.23030911785458308,0.5646133732004941,4559,912,0
Gross_Margin,20221031,13.352941512089398,13.611457559665952,0.25851604757655444,0.5736750652846061,4590,918,1
Gross_Margin,20221130,13.414334960403131,13.652950265164682,0.23861530476155046,0.5688995971926453,4632,927,0
Gross_Margin,20221230,13.35509679727453,13.590907808539264,0.23581101126473314,0.5662869011668492,4683,937,0
Gross_Margin,20230131,13.432081941197417,13.662332281197836,0.23025034000041877,0.56517215130817,4689,938,0
Gross_Margin,20230228,13.457233671652524,13.692499338312206,0.23526566665968218,0.5684855238861051,4716,943,0
Gross_Margin,20230331,13.43708212650107,13.688721011058293,0.2516388845572237,0.5727297506925211,4750,950,0
Gross_Margin,20230428,13.407126760776064,13.687250879127024,0.28012411835095996,0.5784061656704202,4761,946,0
Gross_Margin,20230531,13.404713006302202,13.662622209417364,0.25790920311516174,0.574065585304603,4793,959,0
Gross_Margin,20230630,13.408286945964825,13.63092003054197,0.22263308457714537,0.564406276657301,4844,969,0
Gross_Margin,20230731,13.415513733879088,13.619625554788467,0.20411182090937885,0.5595424582566986,4871,974,0
Gross_Margin,20230831,13.372316886103775,13.576964346983063,0.2046474608792881,0.5597506788857793,4904,981,0
Gross_Margin,20230928,13.364885697300053,13.57035839173369,0.20547269443363625,0.5595651125176156,4921,984,0
Gross_Margin,20231031,13.349062898977184,13.557068559232276,0.20800566025509148,0.5603427245722563,4934,987,0
Gross_Margin,20231130,13.39504572422986,13.600730976433343,0.20568525220348377,0.5609681233301287,4951,991,0
Gross_Margin,20231229,13.385114627147397,13.58182700036138,0.19671237321398394,0.5583155737970497,4968,994,0
Gross_Margin,20240131,13.1666286490723,13.349634512114005,0.1830058630417053,0.553220738649949,4987,998,0
Gross_Margin,20240229,13.220493853512798,13.431356009518023,0.2108621560052253,0.5584666012435998,4991,999,0
Gross_Margin,20240329,13.253030166326294,13.430136087953967,0.1771059216276729,0.5494015083097263,5001,1001,0
Gross_Margin,20240430,13.238967986773739,13.426915092755907,0.18794710598216824,0.5510015433579146,4971,994,0
Gross_Margin,20240531,13.217164941453822,13.390800796674004,0.17363585522018177,0.5474363474763795,4996,999,0
Gross_Margin,20240628,13.12248377513764,13.29658549243351,0.1741017172958692,0.546244764226782,5005,1001,0
Gross_Margin,20240731,13.12310290013492,13.293397641722175,0.170294741587254,0.5458724093089725,5005,1001,0
Gross_Margin,20240830,13.078507708748862,13.234577821226233,0.15607011247737113,0.5426783073197639,5014,1003,0
Gross_Margin,20240930,13.282786757126239,13.450210377529217,0.1674236204029782,0.5455292154624212,5018,1003,0
Gross_Margin,20241031,13.353984561672252,13.513635367554079,0.15965080588182623,0.544973629972345,5022,1004,0
Gross_Margin,20241129,13.398924098446054,13.562523863703136,0.1635997652570822,0.5469147461021461,5036,1007,0
Gross_Margin,20241231,13.339214372347605,13.497263485552912,0.15804911320530657,0.5431571751167147,5045,1009,0
Gross_Margin,20250127,13.324032351640131,13.474406223482712,0.15037387184258044,0.5416150686718854,5059,1012,0
Gross_Margin,20250228,13.395517000957732,13.54299930838547,0.1474823074277385,0.5408833625104048,5062,1012,0
Gross_Margin,20250331,13.395314033090614,13.546013384540151,0.1506993514495374,0.5412792014120422,5066,1013,0
Gross_Margin,20250430,13.383136046635181,13.561599858206637,0.17846381157145608,0.549939863306527,5039,1007,0
Gross_Margin,20250530,13.416940312275102,13.58233909348639,0.16539878121128737,0.5473656044123182,5069,1013,0
Gross_Margin,20250630,13.467482447827155,13.626031235212443,0.15854878738528733,0.5450403285653329,5088,1017,0
Gross_Margin,20250731,13.51557594534022,13.702439658790805,0.1868637134505846,0.5541596804964747,5095,1019,0
Gross_Margin,20250829,13.590124649059849,13.767030892339946,0.1769062432800972,0.5483030565167244,5100,1020,0
Gross_Margin,20250930,13.592476889410516,13.740272630480888,0.14779574107037163,0.5391671147101166,5108,1021,0
Gross_Margin,20251031,13.606359646627618,13.752651919887946,0.14629227326032712,0.5423689624438367,5119,1024,0
Gross_Margin,20251128,13.592566129925368,13.731952610382837,0.13938648045746937,0.5406144208983071,5124,1025,0
Gross_Margin,20251231,13.606892263464418,13.734812446541097,0.12792018307667874,0.5364302994606913,5143,1029,0
Gross_Margin,20260130,13.679081703472983,13.80600052100509,0.12691881753210765,0.5359624962095849,5153,1031,0
Gross_Margin,20260227,13.713070741058718,13.81511594894779,0.10204520788907168,0.5289032257096593,5162,1033,0
Gross_Margin,20260331,13.602051776629498,13.712329734450773,0.1102779578212747,0.5294016027595597,5170,1034,0
Gross_Margin,20260430,13.666481078096648,13.861095072291784,0.19461399419513548,0.5492177031775706,5186,1037,0
Gross_Margin,20260529,13.624365924954803,13.815040222001212,0.19067429704640837,0.5452218878026416,5201,1040,0
Gross_Margin,20260630,13.559354255647467,13.76190273291824,0.20254847727077419,0.5455452135023602,5204,1041,0
Holder_Concen,20220128,13.507779032416082,13.461616152086533,-0.04616288032954863,0.484859880452385,3018,604,0
Holder_Concen,20220228,13.543552337432507,13.485972916310647,-0.05757942112185965,0.482523611290392,3048,610,0
Holder_Concen,20220331,13.480516725766169,13.382265447383354,-0.09825127838281489,0.47133537481687793,3165,633,0
Holder_Concen,20220429,13.302054993864392,13.19575339798747,-0.10630159587692134,0.473268132971609,3455,686,0
Holder_Concen,20220531,13.38957157943476,13.256170932174896,-0.13340064725986345,0.46524769567791024,3541,708,0
Holder_Concen,20220630,13.460456821939307,13.31889994572334,-0.1415568762159669,0.46573333898106994,3571,714,0
Holder_Concen,20220729,13.483362580343067,13.336087144995975,-0.1472754353470922,0.46482370246301175,3612,722,0
Holder_Concen,20220831,13.442284224880753,13.360401717596597,-0.08188250728415625,0.4783254222040343,3845,769,0
Holder_Concen,20220930,13.341172550607043,13.245627463415456,-0.09554508719158683,0.47395434025436933,3903,781,0
Holder_Concen,20221031,13.366204266241688,13.279435075802626,-0.08676919043906217,0.4773476810287261,3990,798,1
Holder_Concen,20221130,13.422701042277962,13.30542855123247,-0.11727249104549209,0.4689513667191386,4038,808,0
Holder_Concen,20221230,13.361498509483718,13.187826924713452,-0.17367158477026656,0.45670939916716247,4100,820,0
Holder_Concen,20230131,13.44208428210885,13.275214937231667,-0.16686934487718297,0.45833296324784656,4109,822,0
Holder_Concen,20230228,13.467775833433969,13.297453145754526,-0.1703226876794428,0.45867449536551175,4130,826,0
Holder_Concen,20230331,13.461844268512086,13.273170907862848,-0.18867336064923812,0.45297099601012947,4192,838,0
Holder_Concen,20230428,13.425309665895863,13.289585731507502,-0.13572393438836095,0.4651163831255044,4308,856,0
Holder_Concen,20230531,13.426673986966952,13.297020287374698,-0.1296536995922537,0.4671835223814124,4362,873,0
Holder_Concen,20230630,13.429363686424281,13.283438957145663,-0.14592472927861877,0.4635911028055827,4412,882,0
Holder_Concen,20230731,13.434398525214442,13.265443870190774,-0.16895465502366847,0.4598746549072179,4442,889,0
Holder_Concen,20230831,13.396915132274094,13.312055825473614,-0.08485930680047993,0.48337351387844785,4570,914,0
Holder_Concen,20230928,13.38872045159382,13.286261596156299,-0.10245885543752031,0.4781057721038138,4584,917,0
Holder_Concen,20231031,13.371633344274285,13.399446255216588,0.02781291094230376,0.5055275248459273,4648,930,0
Holder_Concen,20231130,13.417884476836822,13.441925851247436,0.024041374410614935,0.5025177113666516,4668,934,0
Holder_Concen,20231229,13.407910684990732,13.451297023492513,0.043386338501781196,0.5062898194910385,4688,938,0
Holder_Concen,20240131,13.188550067189428,13.24492258127125,0.05637251408182209,0.507803010107817,4707,942,0
Holder_Concen,20240229,13.242985687068124,13.278281989743196,0.035296302675071445,0.4988813175095985,4724,945,0
Holder_Concen,20240329,13.276047268731112,13.301244140436845,0.025196871705732704,0.4971486237718192,4746,950,0
Holder_Concen,20240430,13.263086942110602,13.3227504245819,0.05966348247129716,0.5038610924927531,4805,961,0
Holder_Concen,20240531,13.24192233798495,13.309996851697345,0.06807451371239459,0.5074947811512761,4830,966,0
Holder_Concen,20240628,13.147761777200477,13.223076823062993,0.07531504586251536,0.50963860050543,4840,968,0
Holder_Concen,20240731,13.149163922673143,13.213320447215594,0.06415652454245091,0.5062857334305289,4841,968,0
Holder_Concen,20240830,13.10892862469891,13.211707870438183,0.10277924573927244,0.5138523811673665,4892,978,0
Holder_Concen,20240930,13.31485535525786,13.412218796142028,0.09736344088416793,0.510549042065806,4900,980,0
Holder_Concen,20241031,13.388220696541609,13.512522426342473,0.12430172980086418,0.518561499884104,4943,988,0
Holder_Concen,20241129,13.43218087661393,13.558483974494,0.12630309788006855,0.5200645364282579,4955,991,0
Holder_Concen,20241231,13.373804501447948,13.51598726826259,0.14218276681464204,0.5246997137925656,4962,992,0
Holder_Concen,20250127,13.358305419843813,13.506659314745688,0.14835389490187545,0.5275270943330612,4971,995,0
Holder_Concen,20250228,13.42830843073559,13.564342961831544,0.13603453109595343,0.5253379690856322,4972,994,0
Holder_Concen,20250331,13.429326252393754,13.554671535801809,0.1253452834080555,0.5233223430188505,4977,996,0
Holder_Concen,20250430,13.41771585619201,13.647150084348215,0.2294342281562063,0.5455819251701787,4989,997,0
Holder_Concen,20250530,13.45182489751561,13.680597849769295,0.228772952253685,0.546138775500455,5014,1002,0
Holder_Concen,20250630,13.502347757793052,13.721206585302454,0.21885882750940233,0.5432179793158314,5028,1005,0
Holder_Concen,20250731,13.550204154736436,13.774083382985237,0.22387922824880135,0.5442498092953214,5030,1006,0
Holder_Concen,20250829,13.624631436381735,13.821095193863654,0.19646375748191858,0.537820762872169,5051,1010,0
Holder_Concen,20250930,13.626138749818043,13.834342359130908,0.2082036093128643,0.542012555444871,5058,1011,0
Holder_Concen,20251031,13.64049943561976,13.829489380358961,0.18898994473920006,0.5390609381007305,5100,1020,0
Holder_Concen,20251128,13.624605876304344,13.807710688161267,0.18310481185692318,0.5369788805707066,5097,1019,0
Holder_Concen,20251231,13.638941681006017,13.825859724958857,0.18691804395283995,0.5378433887385473,5105,1021,0
Holder_Concen,20260130,13.710344845572484,13.885694819867558,0.1753499742950737,0.5355010019751718,5105,1021,0
Holder_Concen,20260227,13.744968713119851,13.916304799911874,0.1713360867920226,0.5345583955409041,5107,1022,0
Holder_Concen,20260331,13.636298104492537,13.814413055519465,0.17811495102692732,0.5365371861749653,5104,1021,0
Holder_Concen,20260430,13.69918345523795,13.888952334226152,0.18976887898820216,0.5363125246954993,5167,1033,0
Holder_Concen,20260529,13.655403980743518,13.844018897282806,0.1886149165392883,0.536049879423522,5171,1034,0
Holder_Concen,20260630,13.59119692200572,13.770364797687071,0.17916787568135106,0.5332542084118568,5165,1033,0
Main_Net_In,20220128,13.550865560468134,14.068686379695423,0.5178208192272891,0.643811466871456,4347,869,0
Main_Net_In,20220228,13.592286109608327,14.125916510107773,0.5336304004994457,0.6404727107028978,4364,873,0
Main_Net_In,20220331,13.52801975793759,13.851726243574614,0.32370648563702353,0.5833812319312248,4394,879,0
Main_Net_In,20220429,13.361630504477954,14.274503241028313,0.9128727365503586,0.7236372907296434,4394,869,0
Main_Net_In,20220531,13.458118149708506,14.20855449026476,0.750436340556254,0.6810375692926898,4408,882,0
Main_Net_In,20220630,13.528999529964288,14.176753319818662,0.6477537898543737,0.6579951999755412,4430,886,0
Main_Net_In,20220729,13.555656174294471,13.827031174848091,0.2713750005536202,0.5806841605764407,4456,891,0
Main_Net_In,20220831,13.515233183875177,13.795844515080157,0.2806113312049803,0.5632253554638949,4506,901,0
Main_Net_In,20220930,13.416853067945661,13.783120422866572,0.366267354920911,0.59406425117297,4541,909,0
Main_Net_In,20221031,13.446074577073771,13.851816221838858,0.40574164476508656,0.618694793112508,4565,913,0
Main_Net_In,20221130,13.512319454305379,13.94681397334164,0.4344945190362619,0.6144044196909809,4598,920,0
Main_Net_In,20221230,13.469273027585707,13.961090342588752,0.49181731500304515,0.6363843767752387,4618,924,0
Main_Net_In,20230131,13.546768965568,13.806746749398846,0.2599777838308448,0.5841531601918964,4621,924,0
Main_Net_In,20230228,13.576842466162875,13.903298238555772,0.32645577239289736,0.592611683449762,4640,928,0
Main_Net_In,20230331,13.560132888494374,14.056112500385535,0.49597961189116013,0.6414832343986666,4666,933,0
Main_Net_In,20230428,13.534570318465029,14.264798363002528,0.7302280445374993,0.6913522241394844,4670,927,0
Main_Net_In,20230531,13.53264398397183,13.812689357344897,0.280045373373067,0.5881905954377857,4695,939,0
Main_Net_In,20230630,13.537424310362432,14.10490735281072,0.5674830424482877,0.6538319624704021,4740,948,0
Main_Net_In,20230731,13.548877975728354,13.984427870668718,0.43554989494036356,0.6290325676584433,4761,952,0
Main_Net_In,20230831,13.508808348305248,13.832930373544379,0.3241220252391308,0.5959695254140918,4788,958,0
Main_Net_In,20230928,13.503312173960904,13.985190467993885,0.4818782940329811,0.6435318555949158,4799,960,0
Main_Net_In,20231031,13.489515754384646,13.732616029621965,0.24310027523731925,0.5800476324493791,4809,962,0
Main_Net_In,20231130,13.520349683442717,13.797677747804698,0.2773280643619813,0.5779641793357553,4820,964,0
Main_Net_In,20231229,13.49939235896444,13.878130499552267,0.37873814058782607,0.6163088174576737,4829,966,0
Main_Net_In,20240131,13.28681139877386,13.43178854145652,0.14497714268265938,0.5396446710779254,4845,969,0
Main_Net_In,20240229,13.340805770926234,13.805347445211403,0.4645416742851687,0.6121814501037732,4848,970,0
Main_Net_In,20240329,13.379360185731603,13.785607280428545,0.4062470946969423,0.5991486369387837,4855,971,0
Main_Net_In,20240430,13.369059730297765,13.646692032076123,0.2776323017783575,0.5734317451905333,4823,964,0
Main_Net_In,20240531,13.348872416735363,13.862384625394357,0.5135122086589945,0.6350360229321901,4848,970,0
Main_Net_In,20240628,13.253177366468387,13.892528966682251,0.639351600213864,0.6518647531554888,4857,971,0
Main_Net_In,20240731,13.251853700554387,14.036528280062102,0.7846745795077155,0.6969826216188763,4857,971,0
Main_Net_In,20240830,13.209220936179618,13.983035268120934,0.7738143319413169,0.6987107231983506,4863,972,0
Main_Net_In,20240930,13.409854922499676,13.844869602953091,0.4350146804534152,0.6153482755644897,4864,972,0
Main_Net_In,20241031,13.46387529229249,13.91308093934329,0.4492056470507997,0.6236216345541666,4867,973,0
Main_Net_In,20241129,13.501306918582696,14.076488056440443,0.5751811378577472,0.6350054516008724,4879,976,0
Main_Net_In,20241231,13.455541022363782,13.534485289151311,0.07894426678752886,0.5236573458170184,4884,977,0
Main_Net_In,20250127,13.438331578917825,13.723468859270103,0.28513728035227714,0.5694917337978688,4897,980,0
Main_Net_In,20250228,13.500345558876093,13.629904009544639,0.12955845066854543,0.5396440814474316,4898,979,0
Main_Net_In,20250331,13.499861187011565,13.66996978393491,0.17010859692334535,0.5505660027732783,4901,980,0
Main_Net_In,20250430,13.484223083100545,13.94935407236279,0.46513098926224394,0.6359757805507295,4875,974,0
Main_Net_In,20250530,13.516092008827323,13.746895758174697,0.23080374934737335,0.5687483353863569,4904,980,0
Main_Net_In,20250630,13.566033026080403,14.068590377944586,0.5025573518641835,0.6495992370510985,4921,984,0
Main_Net_In,20250731,13.61712125192931,14.188937364379726,0.5718161124504153,0.6547956407982152,4926,986,0
Main_Net_In,20250829,13.692889660953206,14.002834602894144,0.30994494194093747,0.6004851543190479,4927,985,0
Main_Net_In,20250930,13.69811038343911,14.103372710361587,0.4052623269224771,0.6190334595118356,4932,986,0
Main_Net_In,20251031,13.710679633881094,14.219802123147154,0.5091224892660602,0.6486878985067778,4940,988,0
Main_Net_In,20251128,13.70283922987698,14.1494591342652,0.4466199043882195,0.6186133734907862,4937,987,0
Main_Net_In,20251231,13.719240596009984,14.151754195909815,0.4325135998998313,0.6302941159702862,4956,991,0
Main_Net_In,20260130,13.791123786109221,14.284295864664237,0.4931720785550162,0.6245627899934769,4962,993,0
Main_Net_In,20260227,13.827835653161069,14.28792006732665,0.460084414165582,0.6353595703473915,4967,994,0
Main_Net_In,20260331,13.724635579376274,14.082725680563652,0.3580901011873774,0.6049909280527135,4967,994,0
Main_Net_In,20260430,13.791326832462977,14.31614725373945,0.5248204212764733,0.64542765236372,4974,994,0
Main_Net_In,20260529,13.752674397049143,14.134481710034223,0.38180731298507986,0.6073749250614012,4984,996,0
Main_Net_In,20260630,13.692298534531536,14.59932779935534,0.9070292648238034,0.7206658394267695,4981,996,0
Momentum_60D,20220128,13.525514085494677,13.292687382020446,-0.23282670347423107,0.44271081115620325,4316,863,0
Momentum_60D,20220228,13.561107724861802,13.465063459655422,-0.09604426520638043,0.4754333347220999,4354,871,0
Momentum_60D,20220331,13.49460980570663,13.44649508490593,-0.048114720800700894,0.48680221018463,4397,880,0
Momentum_60D,20220429,13.33118365715323,13.731852772879432,0.4006691157262008,0.5978947826880916,4391,868,0
Momentum_60D,20220531,13.426465291050366,13.696390087109531,0.26992479605916486,0.5734547290141169,4413,883,0
Momentum_60D,20220630,13.489967508283232,13.960297925176295,0.4703304168930629,0.6222444646954732,4451,890,0
Momentum_60D,20220729,13.512756748752743,13.639081994948544,0.1263252461958011,0.5552787960607118,4493,899,0
Momentum_60D,20220831,13.47090061337809,13.514657940470174,0.04375732709208435,0.5258818529536761,4524,905,0
Momentum_60D,20220930,13.374473253300081,13.434178915357268,0.05970566205718697,0.513785818229285,4546,910,0
Momentum_60D,20221031,13.401405658575724,13.56860125134549,0.16719559276976526,0.5528766786731817,4570,914,1
Momentum_60D,20221130,13.463920410080334,13.629323778144132,0.16540336806379763,0.5511386907621906,4630,926,0
Momentum_60D,20221230,13.407711937116101,13.484329992492201,0.0766180553761,0.532185435159374,4691,938,0
Momentum_60D,20230131,13.481559576081235,13.743246047239541,0.26168647115830623,0.5608878905885141,4718,944,0
Momentum_60D,20230228,13.502750960997577,13.630590635312574,0.12783967431499654,0.5362767181462742,4756,951,0
Momentum_60D,20230331,13.48085225480312,13.617063461247701,0.13621120644458173,0.542293891068417,4796,959,0
Momentum_60D,20230428,13.452472802881285,13.882586709142462,0.43011390626117674,0.614079781939816,4789,951,0
Momentum_60D,20230531,13.449260725176625,13.786919226014541,0.33765850083791626,0.5910147830492998,4812,963,0
Momentum_60D,20230630,13.452288358981555,13.485065643452627,0.032777284471071866,0.511789895589601,4851,970,0
Momentum_60D,20230731,13.46411805487674,13.245381936139564,-0.21873611873717635,0.43172945457605033,4876,975,0
Momentum_60D,20230831,13.418368436113168,13.375413717011758,-0.042954719101409466,0.4693152161426548,4911,982,0
Momentum_60D,20230928,13.410372961648442,13.480287045655428,0.06991408400698695,0.494701833436409,4944,989,0
Momentum_60D,20231031,13.393426037860113,13.319875259420385,-0.07355077843972779,0.4777721774702658,4975,995,0
Momentum_60D,20231130,13.438925111450137,13.101344758430228,-0.3375803530199093,0.4313291580511631,5010,1002,0
Momentum_60D,20231229,13.428516737782296,13.079345938689407,-0.34917079909288873,0.41312706265726684,5026,1005,0
Momentum_60D,20240131,13.21387136424917,13.518463609041463,0.30459224479229263,0.5598464424325902,5046,1010,0
Momentum_60D,20240229,13.266541073473416,14.193285685712965,0.9267446122395491,0.7060280305397554,5052,1011,0
Momentum_60D,20240329,13.297546076582872,14.221359644605258,0.9238135680223856,0.7233303834321115,5071,1015,0
Momentum_60D,20240430,13.283589341720116,14.15011943259855,0.8665300908784346,0.7221824730132315,5049,1009,0
Momentum_60D,20240531,13.262492674008307,13.491769049754225,0.22927637574591841,0.5609142499534999,5080,1016,0
Momentum_60D,20240628,13.167419088439715,13.845278787642311,0.677859699202596,0.6543725707404248,5090,1018,0
Momentum_60D,20240731,13.169008118801695,13.563376788703291,0.3943686699015956,0.5733174786491285,5088,1017,0
Momentum_60D,20240830,13.124173169849549,12.775285393023875,-0.3488877768256735,0.38619454030939454,5091,1018,0
Momentum_60D,20240930,13.329450476932854,13.264974966523592,-0.06447551040926136,0.48502895264003093,5093,1018,0
Momentum_60D,20241031,13.398920580162363,13.17648197389683,-0.22243860626553236,0.4511263851845561,5090,1018,0
Momentum_60D,20241129,13.443264873767433,13.293483442368416,-0.1497814313990169,0.4678191450056361,5103,1021,0
Momentum_60D,20241231,13.384026791623763,13.344772590229478,-0.03925420139428404,0.49745868667101534,5112,1022,0
Momentum_60D,20250127,13.36839965639523,13.386454312554616,0.01805465615938573,0.5136890898274834,5125,1025,0
Momentum_60D,20250228,13.437340983345035,13.628534144563982,0.1911931612189477,0.5704926015567193,5132,1026,0
Momentum_60D,20250331,13.436965929983877,13.297862721670082,-0.13910320831379508,0.4722595093147149,5135,1027,0
Momentum_60D,20250430,13.426010268948152,13.238263850147133,-0.1877464188010194,0.4577505457793384,5110,1021,0
Momentum_60D,20250530,13.459663928841339,13.275804031856524,-0.1838598969848153,0.44834251061193997,5136,1026,0
Momentum_60D,20250630,13.510172960583642,13.20401970513291,-0.3061532554507327,0.4124243209542696,5160,1032,0
Momentum_60D,20250731,13.556297376052129,13.54195882600302,-0.014338550049108889,0.5028040621574906,5169,1034,0
Momentum_60D,20250829,13.630548415847143,13.975183260235157,0.3446348443880147,0.6116953216472553,5174,1035,0
Momentum_60D,20250930,13.632753332989392,14.171392301982225,0.5386389689928333,0.6538588418777644,5179,1036,0
Momentum_60D,20251031,13.646414887443296,14.043345662059737,0.39693077461644144,0.6134617383158214,5187,1037,0
Momentum_60D,20251128,13.630810886116636,13.799235244484343,0.16842435836770697,0.5427562374927527,5186,1037,0
Momentum_60D,20251231,13.644301603164122,13.85673332530457,0.21243172214044748,0.56083847188951,5202,1040,0
Momentum_60D,20260130,13.715741349667704,14.15261992085537,0.43687857118766615,0.6311389826929836,5213,1043,0
Momentum_60D,20260227,13.749971882133659,14.197450540767878,0.44747865863421943,0.6377807179415759,5222,1045,0
Momentum_60D,20260331,13.642633177726763,13.977359828038843,0.3347266503120796,0.6006111346060568,5231,1046,0
Momentum_60D,20260430,13.70480959473836,14.108117326175996,0.40330773143763565,0.6086966233457435,5238,1047,0
Momentum_60D,20260529,13.660074618502874,14.211196078123368,0.5511214596204947,0.6461897508432158,5252,1050,0
Momentum_60D,20260630,13.594838915520173,14.409422724517961,0.8145838089977886,0.7050690577875914,5259,1052,0
PE_TTM,20220128,13.608776538580251,14.10242275786862,0.4936462192883688,0.6231022558924556,3787,757,0
PE_TTM,20220228,13.647115804432023,14.124548583196711,0.4774327787646886,0.6184413348961466,3809,762,0
PE_TTM,20220331,13.569102412665996,14.109007242373517,0.5399048297075204,0.6342686417027267,3858,772,0
PE_TTM,20220429,13.407708332819947,13.991580457781343,0.5838721249613954,0.642801693695139,3841,766,0
PE_TTM,20220531,13.504794023070835,14.06948967081097,0.5646956477401357,0.6390881472477384,3823,765,0
PE_TTM,20220630,13.569102600347632,14.047282603620836,0.478180003273204,0.6185402084934793,3852,770,0
PE_TTM,20220729,13.583963649058107,14.038840665756547,0.4548770166984397,0.615825974899334,3885,777,0
PE_TTM,20220831,13.55084967046567,14.054483838345186,0.5036341678795164,0.6262736266475983,3822,764,0
PE_TTM,20220930,13.450597896064385,13.974313562821646,0.5237156667572602,0.6295812697435685,3863,773,0
PE_TTM,20221031,13.487820947365119,13.960982544745189,0.47316159738007,0.6171284309264733,3834,767,0
PE_TTM,20221130,13.541677062509157,14.010173303825162,0.4684962413160054,0.6152072543174515,3874,775,0
PE_TTM,20221230,13.475068496155057,13.860097297882717,0.3850288017276604,0.5947595908806245,3929,786,0
PE_TTM,20230131,13.55462334900571,13.947147384346255,0.3925240353405446,0.5966907086098436,3937,788,0
PE_TTM,20230228,13.586287633047615,13.954600542750534,0.36831290970291874,0.5951188693223182,3947,790,0
PE_TTM,20230331,13.562511972198239,13.87045218012129,0.30794020792305155,0.5812805922317813,3996,799,0
PE_TTM,20230428,13.54007299970506,13.856612432307049,0.3165394326019886,0.5805496666932524,3946,788,0
PE_TTM,20230531,13.536820895032493,13.861483701929531,0.3246628068970381,0.5839824079022358,3935,787,0
PE_TTM,20230630,13.545064575238678,13.81051836428685,0.26545378904817163,0.574220325195532,3974,795,0
PE_TTM,20230731,13.538436941661741,13.83537682680957,0.2969398851478289,0.5820912108009719,4012,803,0
PE_TTM,20230831,13.499901974375607,13.797620873799026,0.297718899423419,0.5835956226403536,3957,792,0
PE_TTM,20230928,13.489370027298534,13.780238979696438,0.2908689523979042,0.5816028244941347,3976,795,0
PE_TTM,20231031,13.47589341930087,13.81834877709381,0.34245535779293945,0.595179577169967,3961,793,0
PE_TTM,20231130,13.519058009029305,14.094911788802362,0.5758537797730572,0.6449589810529646,3975,795,0
PE_TTM,20231229,13.510515274113313,14.183672290258837,0.6731570161455238,0.6713306818801419,3994,799,0
PE_TTM,20240131,13.304418928055581,13.95659132346903,0.6521723954134497,0.6630739785624447,4012,803,0
PE_TTM,20240229,13.367580554326628,13.911757084600314,0.5441765302736865,0.6269862858613946,4015,803,0
PE_TTM,20240329,13.393554545577386,13.885898539196564,0.492343993619178,0.6184920816964552,4059,812,0
PE_TTM,20240430,13.395817542381486,13.917044153200957,0.5212266108194701,0.6187956164040365,4036,807,0
PE_TTM,20240531,13.38237526768476,13.867334879855822,0.4849596121710622,0.6101126178171145,4044,809,0
PE_TTM,20240628,13.294564474239296,13.755562565410262,0.4609980911709659,0.6044590082020158,4052,810,0
PE_TTM,20240731,13.286004686532426,13.770998154820209,0.484993468287783,0.6114834933881462,4057,811,0
PE_TTM,20240830,13.256772193117472,13.732782338270377,0.4760101451529053,0.6104586842176764,3955,791,0
PE_TTM,20240930,13.452003527951062,13.90380650561443,0.45180297766336786,0.6044847605874638,3954,791,0
PE_TTM,20241031,13.515172317545998,14.076199464610433,0.5610271470644346,0.6321598081502824,3874,775,0
PE_TTM,20241129,13.560478770682902,14.192513893630759,0.6320351229478565,0.6550837805662401,3889,778,0
PE_TTM,20241231,13.511587965277073,14.091577657557378,0.5799896922803054,0.6375854700854701,3900,780,0
PE_TTM,20250127,13.504976874600374,14.117049495561789,0.6120726209614151,0.6458808346443915,3908,782,0
PE_TTM,20250228,13.562257323906698,14.169158046666162,0.6069007227594643,0.6468354603767236,3916,783,0
PE_TTM,20250331,13.572481301368155,14.21077321436135,0.6382919129931945,0.6542755885786301,3936,787,0
PE_TTM,20250430,13.552933452858039,14.22146647027929,0.668533017421252,0.6650592133537784,3886,776,0
PE_TTM,20250530,13.584394728277653,14.27964778877569,0.6952530604980378,0.673311262919589,3888,778,0
PE_TTM,20250630,13.631720388977307,14.286255306568908,0.6545349175916009,0.6652750453293913,3903,781,0
PE_TTM,20250731,13.67452730972718,14.351525841108918,0.6769985313817379,0.6678775499946311,3913,783,0
PE_TTM,20250829,13.759321918638127,14.412724056381162,0.6534021377430346,0.6596879376251198,3859,772,0
PE_TTM,20250930,13.76169740625236,14.361152363260917,0.5994549570085574,0.6437001877416387,3861,772,0
PE_TTM,20251031,13.783614975253334,14.44718705761261,0.6635720823592752,0.6589102704916254,3841,768,0
PE_TTM,20251128,13.756562589553726,14.431063816171218,0.6745012266174921,0.6618843993843992,3848,770,0
PE_TTM,20251231,13.780069829687235,14.392332542212122,0.6122627125248865,0.642333008105046,3865,773,0
PE_TTM,20260130,13.851755229943018,14.42885348318867,0.5770982532456514,0.6362206035379813,3875,775,0
PE_TTM,20260227,13.884485408085922,14.445259501096753,0.5607740930108314,0.6303591638208005,3891,778,0
PE_TTM,20260331,13.774627784141686,14.368149531047777,0.5935217469060916,0.6378963342515259,3932,787,0
PE_TTM,20260430,13.851807967971096,14.409035469787234,0.5572275018161381,0.6265647567036751,3912,783,0
PE_TTM,20260529,13.814471704624136,14.297382435727801,0.4829107311036651,0.6058035861736664,3929,786,0
PE_TTM,20260630,13.757988335181702,14.140518964097215,0.3825306289155126,0.5818912640365284,3936,787,0
ROE,20220128,13.527852533324959,14.181552915397603,0.6537003820726444,0.6686102261725297,4407,881,0
ROE,20220228,13.56585169588104,14.216428283105941,0.6505765872249007,0.6680512206799951,4427,886,0
ROE,20220331,13.497422675908707,14.149386405810361,0.6519637299016541,0.6672553000838862,4464,893,0
ROE,20220429,13.330574048124532,14.040555274075434,0.7099812259509015,0.6648714411327733,4472,885,0
ROE,20220531,13.421135676010346,14.159789939645535,0.7386542636351887,0.6869443209327603,4498,900,0
ROE,20220630,13.48792974916534,14.221387760319043,0.7334580111537026,0.6815615820119186,4527,905,0
ROE,20220729,13.510160456933223,14.171138435100982,0.6609779781677592,0.6708890838634203,4559,912,0
ROE,20220831,13.469032238878778,14.16787169268203,0.6988394538032523,0.6784367104206138,4612,922,0
ROE,20220930,13.36926216123646,14.04331476367058,0.67405260243412,0.6711756758783564,4655,931,0
ROE,20221031,13.395405091950657,14.10139988307762,0.7059947911269635,0.679369544938375,4686,937,1
ROE,20221130,13.457098820417032,14.113764261856298,0.6566654414392659,0.6674162159310018,4728,946,0
ROE,20221230,13.39838242046714,13.994112771238038,0.5957303507708982,0.6503875544895925,4780,956,0
ROE,20230131,13.474916410719583,14.06439057947574,0.5894741687561567,0.6492838088800452,4786,957,0
ROE,20230228,13.499611806621152,14.055897032854388,0.5562852262332356,0.6434544710154402,4814,963,0
ROE,20230331,13.479012148153421,14.04260548023099,0.5635933320775681,0.6436532441903984,4848,970,0
ROE,20230428,13.450533559035414,14.08209884753446,0.631565288499047,0.6459190626442894,4859,965,0
ROE,20230531,13.447372959537425,14.045404536730945,0.5980315771935203,0.6506059081849347,4891,978,0
ROE,20230630,13.44983396528639,14.028470351835095,0.5786363865487054,0.6451389764998682,4942,988,0
ROE,20230731,13.45883768599557,14.03090921812961,0.5720715321340393,0.6451413249065738,4969,994,0
ROE,20230831,13.415140334067397,13.976684363862578,0.561544029795181,0.647766268118127,5002,1001,0
ROE,20230928,13.40761997609005,13.940975917924378,0.5333559418343281,0.6413380151440465,5019,1004,0
ROE,20231031,13.391586075635944,13.947423930239825,0.5558378546038814,0.6455443848545083,5032,1007,0
ROE,20231130,13.436365042773792,13.981744224003926,0.5453791812301336,0.644887233821421,5049,1010,0
ROE,20231229,13.425961604712603,13.980407399500244,0.5544457947876413,0.6470064058670368,5066,1013,0
ROE,20240131,13.21130403584524,13.808877809373552,0.5975737735283122,0.6533815983733755,5085,1017,0
ROE,20240229,13.265189891317156,13.900224672340908,0.6350347810237515,0.6566158720550237,5089,1018,0
ROE,20240329,13.296324407826035,13.948148949378963,0.6518245415529282,0.6574932032040116,5099,1020,0
ROE,20240430,13.283260727955764,13.924760566524604,0.6414998385688406,0.652969954132193,5068,1013,0
ROE,20240531,13.26186091374952,13.903930314366145,0.6420694006166254,0.6543382832580654,5094,1019,0
ROE,20240628,13.167664835784514,13.823200761480432,0.6555359256959186,0.655001580564754,5103,1021,0
ROE,20240731,13.168907191384136,13.785998109622959,0.6170909182388229,0.6493404494856928,5103,1020,0
ROE,20240830,13.123837412027148,13.73888736456731,0.6150499525401614,0.6483311195950869,5111,1022,0
ROE,20240930,13.327985140635553,13.974790740398674,0.6468055997631215,0.6533848221412843,5114,1022,0
ROE,20241031,13.398566879492098,14.005418042356563,0.6068511628644657,0.6466461181640625,5120,1024,0
ROE,20241129,13.44292932580768,14.023441941024293,0.5805126152166125,0.644346224209681,5134,1027,0
ROE,20241231,13.384183365260759,13.995403789159472,0.6112204238987129,0.6480415940672638,5143,1028,0
ROE,20250127,13.368578359227817,13.99649665303293,0.6279182938051129,0.6529473561186496,5157,1032,0
ROE,20250228,13.437829046871714,14.035564525828768,0.5977354789570537,0.6482153286881392,5158,1031,0
ROE,20250331,13.437959280610594,14.115108200182133,0.6771489195715397,0.665817822024302,5162,1033,0
ROE,20250430,13.425684525905208,14.008060888504897,0.582376362599689,0.6481037333135935,5135,1026,0
ROE,20250530,13.459462706479618,14.028122153670633,0.5686594471910151,0.6465844195802097,5165,1032,0
ROE,20250630,13.510328311670834,14.061599253929582,0.5512709422587481,0.6412204453730489,5184,1037,0
ROE,20250731,13.557793404836662,14.092351919370468,0.5345585145338063,0.6389950104283919,5191,1039,0
ROE,20250829,13.63162261900554,14.190642487344203,0.5590198683386625,0.6449502875166431,5196,1039,0
ROE,20250930,13.632857255744115,14.255550165663818,0.6226929099197029,0.6519829570248556,5204,1041,0
ROE,20251031,13.64684093632186,14.282023458067247,0.6351825217453868,0.6612755998304911,5215,1043,0
ROE,20251128,13.631569273587985,14.240186578591528,0.608617305003543,0.6534970947365635,5217,1043,0
ROE,20251231,13.64693447339505,14.270407349983438,0.623472876588389,0.6538876803305801,5239,1048,0
ROE,20260130,13.71748109538549,14.330801713429018,0.6133206180435273,0.652116412196427,5249,1050,0
ROE,20260227,13.750634836721947,14.349363142697966,0.5987283059760191,0.6474864663948617,5258,1052,0
ROE,20260331,13.640680720400868,14.323603744571582,0.682923024170714,0.6606490994388193,5266,1053,0
ROE,20260430,13.703769951468612,14.376171489455707,0.6724015379870956,0.6576377293097613,5281,1056,0
ROE,20260529,13.661940646839094,14.35014287547739,0.6882022286382963,0.656798982729904,5297,1059,0
ROE,20260630,13.597639559715336,14.303895848921846,0.7062562892065092,0.6521990032039873,5300,1060,0
Revenue_Growth,20220128,13.522868266531216,13.744965191080682,0.22209692454946683,0.5647845765903794,4425,885,0
Revenue_Growth,20220228,13.560834101159324,13.785398398319204,0.2245642971598798,0.564155071167285,4445,889,0
Revenue_Growth,20220331,13.494165395395758,13.70895469057538,0.21478929517962264,0.5644888901295223,4478,896,0
Revenue_Growth,20220429,13.326714612552621,13.635850123804254,0.3091355112516325,0.5828332569800276,4479,886,0
Revenue_Growth,20220531,13.420175424395072,13.719744882380361,0.2995694579852888,0.5803246608850345,4497,900,0
Revenue_Growth,20220630,13.486809433020852,13.81791519059655,0.33110575757569727,0.5854206390089917,4526,905,0
Revenue_Growth,20220729,13.509996196239847,13.83448390635765,0.3244877101178041,0.5862952943682184,4556,911,0
Revenue_Growth,20220831,13.469012398401567,13.827925505504538,0.3589131071029712,0.5976779278260345,4608,921,0
Revenue_Growth,20220930,13.369264880788515,13.725327857950987,0.3560629771624715,0.5966180540271648,4651,931,0
Revenue_Growth,20221031,13.39526426168842,13.73461137831144,0.33934711662302064,0.5929789921846972,4683,937,1
Revenue_Growth,20221130,13.457006590244163,13.773913372751185,0.3169067825070222,0.5889608913524257,4725,945,0
Revenue_Growth,20221230,13.398269030012916,13.700654800580375,0.30238577056745974,0.5839315259747939,4777,956,0
Revenue_Growth,20230131,13.47474577696005,13.787662966214977,0.31291718925492695,0.5870035398357691,4783,957,0
Revenue_Growth,20230228,13.499373745204279,13.789793606235936,0.2904198610316566,0.5825136090153759,4811,962,0
Revenue_Growth,20230331,13.478926958281498,13.72668160220578,0.24775464392428148,0.5734982135000533,4846,969,0
Revenue_Growth,20230428,13.450412962495154,13.5238390046987,0.07342604220354687,0.5268111783991793,4858,965,0
Revenue_Growth,20230531,13.44728726049303,13.501375774869114,0.05408851437608497,0.5203955319691704,4890,978,0
Revenue_Growth,20230630,13.449808389107316,13.511926388760418,0.062117999653102274,0.5226725973778031,4941,988,0
Revenue_Growth,20230731,13.458807551091933,13.49860494486017,0.039797393768237654,0.5169504344910042,4968,994,0
Revenue_Growth,20230831,13.415108273518525,13.511300713701694,0.09619244018316842,0.5338667266546688,5001,1000,0
Revenue_Growth,20230928,13.407585508358919,13.48971313045431,0.08212762209539193,0.5303177485355511,5018,1004,0
Revenue_Growth,20231031,13.39150091577204,13.453833188453537,0.06233227268149655,0.5228916368959324,5031,1007,0
Revenue_Growth,20231130,13.436297851306554,13.491145538310896,0.05484768700434195,0.5208649440617593,5048,1010,0
Revenue_Growth,20231229,13.425912064955432,13.479426264601695,0.053514199646263805,0.5214532888832151,5065,1013,0
Revenue_Growth,20240131,13.211287082968024,13.257817754445007,0.04653067147698309,0.5201087801628802,5084,1017,0
Revenue_Growth,20240229,13.265159237838713,13.330767599545451,0.06560836170673845,0.5242722195450444,5088,1018,0
Revenue_Growth,20240329,13.296329572745439,13.36062535797733,0.0642957852318915,0.5245945161116624,5098,1020,0
Revenue_Growth,20240430,13.28326912489939,13.256371380951165,-0.026897743948223862,0.4971155519006809,5067,1013,0
Revenue_Growth,20240531,13.261887414458078,13.241072062833766,-0.020815351624312584,0.5002412439710685,5093,1019,0
Revenue_Growth,20240628,13.167709309085627,13.167416212990927,-0.00029309609469940767,0.5047410281243034,5102,1020,0
Revenue_Growth,20240731,13.16894420001527,13.159668273088794,-0.00927592692647572,0.5014580018600934,5102,1020,0
Revenue_Growth,20240830,13.123837412027148,13.170196826631283,0.04635941460413484,0.5150784674166957,5111,1022,0
Revenue_Growth,20240930,13.327985140635553,13.350058954618326,0.022073813982773416,0.509126935230942,5114,1022,0
Revenue_Growth,20241031,13.398566879492098,13.433317590401415,0.03475071090931792,0.5132774353027344,5120,1024,0
Revenue_Growth,20241129,13.44292932580768,13.464183770970081,0.02125444516240016,0.5090104194917969,5134,1027,0
Revenue_Growth,20241231,13.384183365260759,13.425994776721273,0.04181141146051459,0.5139826828199865,5143,1028,0
Revenue_Growth,20250127,13.368578359227817,13.440483845840319,0.0719054866125024,0.5227645534856664,5157,1032,0
Revenue_Growth,20250228,13.437829046871714,13.51784187860911,0.08001283173739537,0.5254456742118783,5158,1031,0
Revenue_Growth,20250331,13.437959280610594,13.522719731055274,0.08476045044467995,0.5252546440159733,5162,1033,0
Revenue_Growth,20250430,13.425684525905208,13.425380133684328,-0.0003043922208796346,0.4985810029780716,5135,1026,0
Revenue_Growth,20250530,13.459462706479618,13.449057182384454,-0.010405524095164154,0.4966066510577305,5165,1032,0
Revenue_Growth,20250630,13.510328311670834,13.529311834388842,0.01898352271800796,0.5036050394656951,5184,1037,0
Revenue_Growth,20250731,13.557793404836662,13.57414154456578,0.01634813972911786,0.5031431649766226,5191,1039,0
Revenue_Growth,20250829,13.63162261900554,13.72823788359701,0.0966152645914704,0.5254365725911915,5196,1039,0
Revenue_Growth,20250930,13.632857255744115,13.756216814092335,0.12335955834821988,0.5294152285133508,5204,1041,0
Revenue_Growth,20251031,13.64684093632186,13.808164027853918,0.16132309153205782,0.5410537675725215,5215,1043,0
Revenue_Growth,20251128,13.631569273587985,13.775967370471525,0.1443980968835401,0.5369423400267324,5217,1043,0
Revenue_Growth,20251231,13.64693447339505,13.823098792424778,0.17616431902972884,0.5433949940915827,5239,1048,0
Revenue_Growth,20260130,13.71748109538549,13.906172376328444,0.18869128094295284,0.5469446334449191,5249,1050,0
Revenue_Growth,20260227,13.750634836721947,13.939803205207967,0.1891683684860208,0.54661374230396,5258,1052,0
Revenue_Growth,20260331,13.640680720400868,13.838608408873716,0.19792768847284847,0.550111738331766,5266,1053,0
Revenue_Growth,20260430,13.703769951468612,13.986277847959895,0.2825078964912837,0.5672830845856789,5281,1056,0
Revenue_Growth,20260529,13.661940646839094,13.978379832757284,0.3164391859181901,0.5745738095734699,5297,1059,0
Revenue_Growth,20260630,13.597639559715336,13.974033063302816,0.37639350358747947,0.5827728729085084,5300,1060,0
Turnover_20D,20220128,13.521590046725507,13.064416418229492,-0.4571736284960153,0.38763818281383117,4396,879,0
Turnover_20D,20220228,13.561357133383732,13.192897324235588,-0.3684598091481437,0.41298030261235574,4424,885,0
Turnover_20D,20220331,13.496625352510716,13.183970278787141,-0.31265507372357426,0.4262474194551062,4444,889,0
Turnover_20D,20220429,13.327780716662252,12.9667746392902,-0.3610060773720516,0.4192026616270129,4438,878,0
Turnover_20D,20220531,13.424105579549229,13.1216400073647,-0.30246557218452885,0.4315996800281765,4482,897,0
Turnover_20D,20220630,13.489453537352219,13.264649979648077,-0.22480355770414207,0.45751234567901233,4500,900,0
Turnover_20D,20220729,13.512844606940737,13.268251942798024,-0.2445926641427132,0.4501184158589534,4530,906,0
Turnover_20D,20220831,13.470658933966696,13.108808842943107,-0.3618500910235891,0.4144282651266347,4568,914,0
Turnover_20D,20220930,13.373454984658634,12.997606403061681,-0.3758485815969532,0.41076668955016427,4613,923,0
Turnover_20D,20221031,13.399326779059873,13.093539870543832,-0.3057869085160405,0.42829995095589724,4648,930,0
Turnover_20D,20221130,13.461994046405511,13.11943301554524,-0.3425610308602707,0.41814760468465534,4698,940,0
Turnover_20D,20221230,13.412120136673463,13.076098384212274,-0.33602175246118904,0.4211011023114281,4726,945,0
Turnover_20D,20230131,13.479727484575713,13.194674901190107,-0.2850525833856068,0.437373156042781,4766,953,0
Turnover_20D,20230228,13.503184025786993,13.158361315058215,-0.3448227107287778,0.4122670996673286,4792,959,0
Turnover_20D,20230331,13.482446862826492,13.280727616782382,-0.20171924604411018,0.45509660794191387,4821,964,0
Turnover_20D,20230428,13.452932914705055,13.425083750638427,-0.027849164066628518,0.5050232700450425,4824,958,0
Turnover_20D,20230531,13.450269268843678,13.326897942858384,-0.12337132598529443,0.47789833443411384,4860,972,0
Turnover_20D,20230630,13.45246764771375,13.255205013230771,-0.19726263448297843,0.45697710224389787,4906,981,0
Turnover_20D,20230731,13.461649663856091,13.126800291975036,-0.3348493718810559,0.4109144157680313,4936,987,0
Turnover_20D,20230831,13.415983561760768,13.117617930267203,-0.29836563149356543,0.41598088957049006,4974,995,0
Turnover_20D,20230928,13.409580904759235,13.0835041513146,-0.32607675344463516,0.4125961999999998,5000,1000,0
Turnover_20D,20231031,13.392564122975672,13.15315226812362,-0.23941185485205274,0.44055067097095896,5018,1004,0
Turnover_20D,20231130,13.438376487717445,13.007685947158581,-0.4306905405588637,0.39944187563826167,5036,1008,0
Turnover_20D,20231229,13.427462061618487,12.873644024041257,-0.5538180375772299,0.35158559049881594,5047,1010,0
Turnover_20D,20240131,13.21282375963571,12.638790523214679,-0.5740332364210303,0.3484228100573419,5072,1015,0
Turnover_20D,20240229,13.26531015576271,12.701335497828868,-0.5639746579338425,0.35249624712886257,5081,1017,0
Turnover_20D,20240329,13.297208487247481,12.888966339313551,-0.40824214793392954,0.3967134795681659,5090,1018,0
Turnover_20D,20240430,13.28356455270005,12.816112981137591,-0.4674515715624583,0.3780125361160837,5063,1012,0
Turnover_20D,20240531,13.26217200369806,12.842017077311823,-0.4201549263862372,0.39616735724162094,5091,1018,0
Turnover_20D,20240628,13.167262649250807,12.788648298299513,-0.3786143509512936,0.41013725289732483,5097,1019,0
Turnover_20D,20240731,13.168812360563926,12.735069815748416,-0.43374254481551056,0.392913517240689,5098,1019,0
Turnover_20D,20240830,13.124225550229514,12.650383493505736,-0.4738420567237789,0.3784038032222491,5103,1020,0
Turnover_20D,20240930,13.328761489222952,12.92889420982085,-0.39986727940210187,0.40524509099779893,5107,1021,0
Turnover_20D,20241031,13.3983081102796,13.037413992640712,-0.3608941176388889,0.4129981103424293,5109,1021,0
Turnover_20D,20241129,13.442790570498149,13.083969034016286,-0.3588215364818623,0.4104905175490778,5125,1025,0
Turnover_20D,20241231,13.3839086815982,13.008064672716785,-0.37584400888141545,0.4132596329449508,5133,1026,0
Turnover_20D,20250127,13.368409608013614,13.076192974168961,-0.292216633844653,0.4364141547220026,5145,1029,0
Turnover_20D,20250228,13.438019890647979,13.269400087875516,-0.16861980277246325,0.4763723222206645,5155,1031,0
Turnover_20D,20250331,13.437378825020863,12.994415980073084,-0.44296284494777893,0.38795570994812956,5152,1031,0
Turnover_20D,20250430,13.42602858573772,12.993694666557957,-0.43233391917976327,0.38809071934134803,5126,1024,0
Turnover_20D,20250530,13.459570256385545,12.990706951936875,-0.46886330444866964,0.37491250588229313,5159,1031,0
Turnover_20D,20250630,13.509821442310596,13.11547978934627,-0.3943416529643251,0.39568857379656397,5176,1035,0
Turnover_20D,20250731,13.556497723691448,13.249911319442955,-0.3065864042484936,0.42650314148124324,5184,1037,0
Turnover_20D,20250829,13.632210404268339,13.436213930026708,-0.19599647424163003,0.4625299713433847,5188,1038,0
Turnover_20D,20250930,13.632862280058628,13.564579576868631,-0.06828270318999685,0.5007466369828193,5193,1039,0
Turnover_20D,20251031,13.645760815188757,13.568784246306656,-0.0769765688821007,0.49532918592880226,5204,1041,0
Turnover_20D,20251128,13.631390708277223,13.419225144396908,-0.2121655638803155,0.45366975328969517,5207,1041,0
Turnover_20D,20251231,13.645161489637013,13.499287926717603,-0.14587356291941056,0.4741716552972296,5224,1045,0
Turnover_20D,20260130,13.717871001152767,13.64820062706878,-0.06967037408398724,0.5014236495542219,5240,1048,0
Turnover_20D,20260227,13.75103865098457,13.711165126662982,-0.03987352432158886,0.5090406163559361,5246,1049,0
Turnover_20D,20260331,13.64161672855652,13.648846033367768,0.0072293048112470615,0.5229199663742219,5254,1051,0
Turnover_20D,20260430,13.702989227103503,13.784711657117105,0.08172243001360258,0.5443450815930289,5264,1052,0
Turnover_20D,20260529,13.660881703719667,13.826805138161866,0.16592343444219892,0.5650729326197811,5283,1056,0
Turnover_20D,20260630,13.597301096275919,13.9661627298724,0.36886163359648094,0.6078783781997391,5291,1058,0
Volatility,20220128,13.571571730048403,13.627301543437524,0.055729813389120864,0.5014658726209132,3819,764,0
Volatility,20220228,13.603661620920974,13.689740827091113,0.08607920617013853,0.5077517497685319,3930,786,0
Volatility,20220331,13.53783681079227,13.72039511043954,0.18255829964727077,0.5324845570218394,3966,794,0
Volatility,20220429,13.36809459410582,13.662002077293218,0.29390748318739846,0.5545567793255557,3979,786,0
Volatility,20220531,13.461219514510883,13.733713330863702,0.272493816352819,0.5532415808676053,4027,806,0
Volatility,20220630,13.525058238663016,13.78816697995256,0.2631087412895443,0.551854246414659,4072,814,0
Volatility,20220729,13.545901006100936,13.823749225524864,0.27784821942392846,0.5577771407992119,4123,825,0
Volatility,20220831,13.502751009676292,13.866876017519626,0.36412500784333446,0.578253391172033,4185,837,0
Volatility,20220930,13.408207191703855,13.849656381043912,0.44144918934005695,0.5960285865810934,4218,844,0
Volatility,20221031,13.43158775466666,13.855467994800325,0.42388024013366454,0.5932775640844261,4246,849,0
Volatility,20221130,13.488955470165514,13.875303970898598,0.38634850073308336,0.5875358723908063,4317,864,0
Volatility,20221230,13.441663224001005,13.828304731754457,0.38664150775345263,0.5837832387123818,4355,871,0
Volatility,20230131,13.51476768035383,13.852364090583954,0.337596410230125,0.574625856812986,4386,877,0
Volatility,20230228,13.541782256745636,13.822761361756468,0.28097910501083234,0.5597302394039049,4422,885,0
Volatility,20230331,13.520813005427218,13.787977927759588,0.26716492233236977,0.5522374247334867,4458,892,0
Volatility,20230428,13.490935696876141,13.749850209479359,0.2589145126032175,0.5475748381417895,4470,887,0
Volatility,20230531,13.482959626566508,13.659129449345166,0.17616982277865745,0.5296292116432325,4509,902,0
Volatility,20230630,13.486235215851414,13.656200157565783,0.16996494171436893,0.528805002778703,4547,909,0
Volatility,20230731,13.497620772221698,13.733878261048437,0.23625748882673925,0.5510541202281389,4573,915,0
Volatility,20230831,13.443695916599415,13.660854133071508,0.2171582164720931,0.5511212009890302,4627,926,0
Volatility,20230928,13.438776259684262,13.665397511545022,0.22662125186075954,0.5530086816260447,4662,933,0
Volatility,20231031,13.42089854741757,13.617534010414351,0.19663546299678103,0.5474068014559704,4704,941,0
Volatility,20231130,13.458666664486195,13.824249372948275,0.36558270846207996,0.5825202973930135,4744,949,0
Volatility,20231229,13.442818547440607,13.844325415050104,0.4015068676094966,0.5950483218886754,4776,955,0
Volatility,20240131,13.231183509909348,13.852579150676444,0.621395640767096,0.6467035400386129,4805,961,0
Volatility,20240229,13.28430178476428,14.172095324303635,0.8877935395393557,0.7092530000275705,4816,964,0
Volatility,20240329,13.314037003145536,14.190729588812651,0.876692585667115,0.7071113709728091,4845,969,0
Volatility,20240430,13.301969246474718,14.3269164192869,1.0249471728121815,0.7378849202863755,4839,967,0
Volatility,20240531,13.277587833864457,14.35626474552923,1.0786769116647736,0.7495272504198152,4887,978,0
Volatility,20240628,13.180291238200569,14.305838177499425,1.1255469392988555,0.7551095903079623,4917,983,0
Volatility,20240731,13.178570283754711,14.294087181491996,1.115516897737285,0.7560108453809244,4953,990,0
Volatility,20240830,13.134434328275573,14.255511155989952,1.1210768277143792,0.7574327797836837,4985,997,0
Volatility,20240930,13.337234260653611,14.389621956254448,1.052387695600837,0.7443315999999998,5000,1000,0
Volatility,20241031,13.405884963377384,14.34191642825747,0.9360314648800863,0.7240444260212627,5008,1001,0
Volatility,20241129,13.44781195423606,14.362275882857062,0.9144639286210019,0.7241393509967077,5026,1005,0
Volatility,20241231,13.387822905541752,14.383658610033228,0.9958357044914763,0.7377748377475181,5038,1007,0
Volatility,20250127,13.371238510831102,14.370663816802068,0.9994253059709663,0.7390676837673816,5055,1011,0
Volatility,20250228,13.438602399408,14.29126625442384,0.852663855015841,0.708086151749219,5064,1013,0
Volatility,20250331,13.438513009678339,14.239609520793305,0.8010965111149666,0.6908598256245736,5063,1013,0
Volatility,20250430,13.427200569807116,14.224446009172622,0.797245439365506,0.6888286562419376,5033,1005,0
Volatility,20250530,13.46111574537193,14.2459502702822,0.78483452491027,0.6885269155322289,5059,1011,0
Volatility,20250630,13.511359034726743,14.267860803676843,0.7565017689501001,0.6812345755721726,5074,1015,0
Volatility,20250731,13.557933564838061,14.276319442462611,0.7183858776245504,0.6724896245618441,5079,1016,0
Volatility,20250829,13.63220582690543,14.326415280149078,0.6942094532436478,0.6668901666217342,5082,1016,0
Volatility,20250930,13.632976643997033,14.300035511835695,0.6670588678386622,0.6580930288211022,5090,1018,0
Volatility,20251031,13.646251944189403,14.326550007868146,0.6802980636787428,0.6638702815504877,5102,1020,0
Volatility,20251128,13.631335804190382,14.314432235078854,0.6830964308884724,0.6672235417099023,5102,1020,0
Volatility,20251231,13.644828472240823,14.26938494972703,0.6245564774862071,0.6472510881641922,5119,1024,0
Volatility,20260130,13.715740684681696,14.230182763957544,0.5144420792758471,0.6178184205397531,5131,1026,0
Volatility,20260227,13.749860712799306,14.199989420427702,0.4501287076283962,0.6006511206361971,5139,1028,0
Volatility,20260331,13.641080628774485,14.139571807672985,0.49849117889849914,0.6128323258607189,5138,1028,0
Volatility,20260430,13.703767833508632,14.04957607379297,0.3458082402843381,0.5691855028749175,5150,1030,0
Volatility,20260529,13.660070558215692,13.947484539338292,0.28741398112260086,0.5534174543015649,5157,1031,0
Volatility,20260630,13.595378488231228,13.764721825873835,0.16934333764260678,0.52523557344965,5161,1032,0
