factor,signal_date,exec_date,turnover,holding_count,composite_factor,bucket
Composite_Equal_D01,20220128,20220207,1.0,442,Composite_Equal,1
Composite_Equal_D01,20220228,20220301,0.26801801801801806,444,Composite_Equal,1
Composite_Equal_D01,20220331,20220401,0.27293064876957496,447,Composite_Equal,1
Composite_Equal_D01,20220429,20220505,0.5145413870246085,443,Composite_Equal,1
Composite_Equal_D01,20220531,20220601,0.354120267260579,449,Composite_Equal,1
Composite_Equal_D01,20220630,20220701,0.28539823008849563,452,Composite_Equal,1
Composite_Equal_D01,20220729,20220801,0.27912087912087913,455,Composite_Equal,1
Composite_Equal_D01,20220831,20220901,0.3913043478260869,460,Composite_Equal,1
Composite_Equal_D01,20220930,20221010,0.2645161290322581,465,Composite_Equal,1
Composite_Equal_D01,20221031,20221101,0.36965811965811957,468,Composite_Equal,1
Composite_Equal_D01,20221130,20221201,0.24364406779661021,472,Composite_Equal,1
Composite_Equal_D01,20221230,20230103,0.23270440251572325,477,Composite_Equal,1
Composite_Equal_D01,20230131,20230201,0.2573221757322176,478,Composite_Equal,1
Composite_Equal_D01,20230228,20230301,0.32016632016632013,481,Composite_Equal,1
Composite_Equal_D01,20230331,20230403,0.27066115702479343,484,Composite_Equal,1
Composite_Equal_D01,20230428,20230504,0.4648760330578512,482,Composite_Equal,1
Composite_Equal_D01,20230531,20230601,0.3496932515337423,489,Composite_Equal,1
Composite_Equal_D01,20230630,20230703,0.257606490872211,493,Composite_Equal,1
Composite_Equal_D01,20230731,20230801,0.29032258064516125,496,Composite_Equal,1
Composite_Equal_D01,20230831,20230901,0.42800000000000005,500,Composite_Equal,1
Composite_Equal_D01,20230928,20231009,0.23952095808383236,501,Composite_Equal,1
Composite_Equal_D01,20231031,20231101,0.389662027833002,503,Composite_Equal,1
Composite_Equal_D01,20231130,20231201,0.238095238095238,504,Composite_Equal,1
Composite_Equal_D01,20231229,20240102,0.23913043478260865,506,Composite_Equal,1
Composite_Equal_D01,20240131,20240201,0.25590551181102356,508,Composite_Equal,1
Composite_Equal_D01,20240229,20240301,0.28149606299212593,508,Composite_Equal,1
Composite_Equal_D01,20240329,20240401,0.24361493123772104,509,Composite_Equal,1
Composite_Equal_D01,20240430,20240506,0.5461689587426325,506,Composite_Equal,1
Composite_Equal_D01,20240531,20240603,0.24361493123772104,509,Composite_Equal,1
Composite_Equal_D01,20240628,20240701,0.22352941176470584,510,Composite_Equal,1
Composite_Equal_D01,20240731,20240801,0.2372549019607843,510,Composite_Equal,1
Composite_Equal_D01,20240830,20240902,0.3705882352941176,510,Composite_Equal,1
Composite_Equal_D01,20240930,20241008,0.2915851272015656,511,Composite_Equal,1
Composite_Equal_D01,20241031,20241101,0.3953033268101761,511,Composite_Equal,1
Composite_Equal_D01,20241129,20241202,0.255859375,512,Composite_Equal,1
Composite_Equal_D01,20241231,20250102,0.2962962962962963,513,Composite_Equal,1
Composite_Equal_D01,20250127,20250205,0.21359223300970873,515,Composite_Equal,1
Composite_Equal_D01,20250228,20250303,0.18640776699029127,515,Composite_Equal,1
Composite_Equal_D01,20250331,20250401,0.21124031007751937,516,Composite_Equal,1
Composite_Equal_D01,20250430,20250506,0.48643410852713176,512,Composite_Equal,1
Composite_Equal_D01,20250530,20250603,0.2776699029126214,515,Composite_Equal,1
Composite_Equal_D01,20250630,20250701,0.24710424710424708,518,Composite_Equal,1
Composite_Equal_D01,20250731,20250801,0.2909441233140655,519,Composite_Equal,1
Composite_Equal_D01,20250829,20250901,0.37379576107899803,519,Composite_Equal,1
Composite_Equal_D01,20250930,20251009,0.2519230769230769,520,Composite_Equal,1
Composite_Equal_D01,20251031,20251103,0.37115384615384617,520,Composite_Equal,1
Composite_Equal_D01,20251128,20251201,0.2552783109404991,521,Composite_Equal,1
Composite_Equal_D01,20251231,20260105,0.2810707456978968,523,Composite_Equal,1
Composite_Equal_D01,20260130,20260202,0.24809160305343508,524,Composite_Equal,1
Composite_Equal_D01,20260227,20260302,0.22476190476190475,525,Composite_Equal,1
Composite_Equal_D01,20260331,20260401,0.26095238095238105,525,Composite_Equal,1
Composite_Equal_D01,20260430,20260506,0.523719165085389,527,Composite_Equal,1
Composite_Equal_D01,20260529,20260601,0.23106060606060605,528,Composite_Equal,1
Composite_Equal_D01,20260630,20260701,0.24763705103969755,529,Composite_Equal,1
Composite_Equal_D02,20220128,20220207,1.0,442,Composite_Equal,2
Composite_Equal_D02,20220228,20220301,0.501123595505618,445,Composite_Equal,2
Composite_Equal_D02,20220331,20220401,0.5401785714285714,448,Composite_Equal,2
Composite_Equal_D02,20220429,20220505,0.7142857142857142,443,Composite_Equal,2
Composite_Equal_D02,20220531,20220601,0.5866666666666667,450,Composite_Equal,2
Composite_Equal_D02,20220630,20220701,0.5884955752212391,452,Composite_Equal,2
Composite_Equal_D02,20220729,20220801,0.5701754385964912,456,Composite_Equal,2
Composite_Equal_D02,20220831,20220901,0.6767895878524945,461,Composite_Equal,2
Composite_Equal_D02,20220930,20221010,0.5515021459227467,466,Composite_Equal,2
Composite_Equal_D02,20221031,20221101,0.6311300639658848,469,Composite_Equal,2
Composite_Equal_D02,20221130,20221201,0.4503171247357294,473,Composite_Equal,2
Composite_Equal_D02,20221230,20230103,0.5209205020920502,478,Composite_Equal,2
Composite_Equal_D02,20230131,20230201,0.5093945720250522,479,Composite_Equal,2
Composite_Equal_D02,20230228,20230301,0.5696465696465697,481,Composite_Equal,2
Composite_Equal_D02,20230331,20230403,0.5525773195876289,485,Composite_Equal,2
Composite_Equal_D02,20230428,20230504,0.7072164948453609,482,Composite_Equal,2
Composite_Equal_D02,20230531,20230601,0.6114519427402862,489,Composite_Equal,2
Composite_Equal_D02,20230630,20230703,0.47570850202429144,494,Composite_Equal,2
Composite_Equal_D02,20230731,20230801,0.5855130784708248,497,Composite_Equal,2
Composite_Equal_D02,20230831,20230901,0.6780000000000002,500,Composite_Equal,2
Composite_Equal_D02,20230928,20231009,0.49402390438247007,502,Composite_Equal,2
Composite_Equal_D02,20231031,20231101,0.6500994035785289,503,Composite_Equal,2
Composite_Equal_D02,20231130,20231201,0.504950495049505,505,Composite_Equal,2
Composite_Equal_D02,20231229,20240102,0.47731755424063116,507,Composite_Equal,2
Composite_Equal_D02,20240131,20240201,0.48919449901768175,509,Composite_Equal,2
Composite_Equal_D02,20240229,20240301,0.5166994106090372,509,Composite_Equal,2
Composite_Equal_D02,20240329,20240401,0.5098039215686274,510,Composite_Equal,2
Composite_Equal_D02,20240430,20240506,0.7372549019607841,506,Composite_Equal,2
Composite_Equal_D02,20240531,20240603,0.47937131630648333,509,Composite_Equal,2
Composite_Equal_D02,20240628,20240701,0.5352941176470588,510,Composite_Equal,2
Composite_Equal_D02,20240731,20240801,0.5196078431372548,510,Composite_Equal,2
Composite_Equal_D02,20240830,20240902,0.6203522504892368,511,Composite_Equal,2
Composite_Equal_D02,20240930,20241008,0.547945205479452,511,Composite_Equal,2
Composite_Equal_D02,20241031,20241101,0.63671875,512,Composite_Equal,2
Composite_Equal_D02,20241129,20241202,0.4970760233918129,513,Composite_Equal,2
Composite_Equal_D02,20241231,20250102,0.5330739299610895,514,Composite_Equal,2
Composite_Equal_D02,20250127,20250205,0.4437984496124031,516,Composite_Equal,2
Composite_Equal_D02,20250228,20250303,0.41860465116279066,516,Composite_Equal,2
Composite_Equal_D02,20250331,20250401,0.501937984496124,516,Composite_Equal,2
Composite_Equal_D02,20250430,20250506,0.7151162790697674,513,Composite_Equal,2
Composite_Equal_D02,20250530,20250603,0.5445736434108528,516,Composite_Equal,2
Composite_Equal_D02,20250630,20250701,0.49613899613899615,518,Composite_Equal,2
Composite_Equal_D02,20250731,20250801,0.558766859344894,519,Composite_Equal,2
Composite_Equal_D02,20250829,20250901,0.6165703275529865,519,Composite_Equal,2
Composite_Equal_D02,20250930,20251009,0.5057692307692307,520,Composite_Equal,2
Composite_Equal_D02,20251031,20251103,0.6122840690978888,521,Composite_Equal,2
Composite_Equal_D02,20251128,20251201,0.4798464491362764,521,Composite_Equal,2
Composite_Equal_D02,20251231,20260105,0.531548757170172,523,Composite_Equal,2
Composite_Equal_D02,20260130,20260202,0.4942748091603054,524,Composite_Equal,2
Composite_Equal_D02,20260227,20260302,0.45904761904761915,525,Composite_Equal,2
Composite_Equal_D02,20260331,20260401,0.5437262357414449,526,Composite_Equal,2
Composite_Equal_D02,20260430,20260506,0.7096774193548385,527,Composite_Equal,2
Composite_Equal_D02,20260529,20260601,0.4593572778827978,529,Composite_Equal,2
Composite_Equal_D02,20260630,20260701,0.4801512287334594,529,Composite_Equal,2
Composite_Equal_D03,20220128,20220207,1.0,442,Composite_Equal,3
Composite_Equal_D03,20220228,20220301,0.6171171171171173,444,Composite_Equal,3
Composite_Equal_D03,20220331,20220401,0.6116071428571428,448,Composite_Equal,3
Composite_Equal_D03,20220429,20220505,0.7991071428571428,443,Composite_Equal,3
Composite_Equal_D03,20220531,20220601,0.6755555555555556,450,Composite_Equal,3
Composite_Equal_D03,20220630,20220701,0.6799116997792496,453,Composite_Equal,3
Composite_Equal_D03,20220729,20220801,0.6747252747252747,455,Composite_Equal,3
Composite_Equal_D03,20220831,20220901,0.7310195227765726,461,Composite_Equal,3
Composite_Equal_D03,20220930,20221010,0.6408602150537634,465,Composite_Equal,3
Composite_Equal_D03,20221031,20221101,0.6773504273504273,468,Composite_Equal,3
Composite_Equal_D03,20221130,20221201,0.6088794926004227,473,Composite_Equal,3
Composite_Equal_D03,20221230,20230103,0.6548117154811715,478,Composite_Equal,3
Composite_Equal_D03,20230131,20230201,0.6924686192468618,478,Composite_Equal,3
Composite_Equal_D03,20230228,20230301,0.686070686070686,481,Composite_Equal,3
Composite_Equal_D03,20230331,20230403,0.6673553719008264,484,Composite_Equal,3
Composite_Equal_D03,20230428,20230504,0.7520661157024793,483,Composite_Equal,3
Composite_Equal_D03,20230531,20230601,0.7198364008179958,489,Composite_Equal,3
Composite_Equal_D03,20230630,20230703,0.6255060728744939,494,Composite_Equal,3
Composite_Equal_D03,20230731,20230801,0.6559356136820924,497,Composite_Equal,3
Composite_Equal_D03,20230831,20230901,0.7720000000000001,500,Composite_Equal,3
Composite_Equal_D03,20230928,20231009,0.593625498007968,502,Composite_Equal,3
Composite_Equal_D03,20231031,20231101,0.7117296222664017,503,Composite_Equal,3
Composite_Equal_D03,20231130,20231201,0.5841584158415841,505,Composite_Equal,3
Composite_Equal_D03,20231229,20240102,0.5750988142292489,506,Composite_Equal,3
Composite_Equal_D03,20240131,20240201,0.6437007874015747,508,Composite_Equal,3
Composite_Equal_D03,20240229,20240301,0.636542239685658,509,Composite_Equal,3
Composite_Equal_D03,20240329,20240401,0.5960784313725491,510,Composite_Equal,3
Composite_Equal_D03,20240430,20240506,0.8254901960784313,507,Composite_Equal,3
Composite_Equal_D03,20240531,20240603,0.6090373280943026,509,Composite_Equal,3
Composite_Equal_D03,20240628,20240701,0.6333333333333333,510,Composite_Equal,3
Composite_Equal_D03,20240731,20240801,0.6333333333333333,510,Composite_Equal,3
Composite_Equal_D03,20240830,20240902,0.6966731898238747,511,Composite_Equal,3
Composite_Equal_D03,20240930,20241008,0.6438356164383561,511,Composite_Equal,3
Composite_Equal_D03,20241031,20241101,0.7299412915851271,511,Composite_Equal,3
Composite_Equal_D03,20241129,20241202,0.5886939571150097,513,Composite_Equal,3
Composite_Equal_D03,20241231,20250102,0.669260700389105,514,Composite_Equal,3
Composite_Equal_D03,20250127,20250205,0.5689320388349516,515,Composite_Equal,3
Composite_Equal_D03,20250228,20250303,0.5378640776699029,515,Composite_Equal,3
Composite_Equal_D03,20250331,20250401,0.5949612403100775,516,Composite_Equal,3
Composite_Equal_D03,20250430,20250506,0.8042635658914729,513,Composite_Equal,3
Composite_Equal_D03,20250530,20250603,0.6531007751937984,516,Composite_Equal,3
Composite_Equal_D03,20250630,20250701,0.6428571428571428,518,Composite_Equal,3
Composite_Equal_D03,20250731,20250801,0.6551059730250481,519,Composite_Equal,3
Composite_Equal_D03,20250829,20250901,0.699421965317919,519,Composite_Equal,3
Composite_Equal_D03,20250930,20251009,0.6173076923076923,520,Composite_Equal,3
Composite_Equal_D03,20251031,20251103,0.6928982725527832,521,Composite_Equal,3
Composite_Equal_D03,20251128,20251201,0.6417624521072796,522,Composite_Equal,3
Composite_Equal_D03,20251231,20260105,0.6195028680688337,523,Composite_Equal,3
Composite_Equal_D03,20260130,20260202,0.5973282442748091,524,Composite_Equal,3
Composite_Equal_D03,20260227,20260302,0.5580952380952382,525,Composite_Equal,3
Composite_Equal_D03,20260331,20260401,0.6102661596958174,526,Composite_Equal,3
Composite_Equal_D03,20260430,20260506,0.7666034155597721,527,Composite_Equal,3
Composite_Equal_D03,20260529,20260601,0.6049149338374291,529,Composite_Equal,3
Composite_Equal_D03,20260630,20260701,0.5973534971644614,529,Composite_Equal,3
Composite_Equal_D04,20220128,20220207,1.0,443,Composite_Equal,4
Composite_Equal_D04,20220228,20220301,0.6561797752808989,445,Composite_Equal,4
Composite_Equal_D04,20220331,20220401,0.65625,448,Composite_Equal,4
Composite_Equal_D04,20220429,20220505,0.8147321428571428,443,Composite_Equal,4
Composite_Equal_D04,20220531,20220601,0.7133333333333333,450,Composite_Equal,4
Composite_Equal_D04,20220630,20220701,0.7101769911504425,452,Composite_Equal,4
Composite_Equal_D04,20220729,20220801,0.7236842105263157,456,Composite_Equal,4
Composite_Equal_D04,20220831,20220901,0.7657266811279826,461,Composite_Equal,4
Composite_Equal_D04,20220930,20221010,0.7274678111587983,466,Composite_Equal,4
Composite_Equal_D04,20221031,20221101,0.7228144989339018,469,Composite_Equal,4
Composite_Equal_D04,20221130,20221201,0.6461864406779662,472,Composite_Equal,4
Composite_Equal_D04,20221230,20230103,0.6841004184100418,478,Composite_Equal,4
Composite_Equal_D04,20230131,20230201,0.6889352818371608,479,Composite_Equal,4
Composite_Equal_D04,20230228,20230301,0.7359667359667361,481,Composite_Equal,4
Composite_Equal_D04,20230331,20230403,0.688659793814433,485,Composite_Equal,4
Composite_Equal_D04,20230428,20230504,0.8,482,Composite_Equal,4
Composite_Equal_D04,20230531,20230601,0.7525562372188139,489,Composite_Equal,4
Composite_Equal_D04,20230630,20230703,0.6477732793522266,494,Composite_Equal,4
Composite_Equal_D04,20230731,20230801,0.7183098591549295,497,Composite_Equal,4
Composite_Equal_D04,20230831,20230901,0.7840000000000001,500,Composite_Equal,4
Composite_Equal_D04,20230928,20231009,0.6215139442231075,502,Composite_Equal,4
Composite_Equal_D04,20231031,20231101,0.757455268389662,503,Composite_Equal,4
Composite_Equal_D04,20231130,20231201,0.6257425742574257,505,Composite_Equal,4
Composite_Equal_D04,20231229,20240102,0.5877712031558187,507,Composite_Equal,4
Composite_Equal_D04,20240131,20240201,0.6679764243614932,509,Composite_Equal,4
Composite_Equal_D04,20240229,20240301,0.7053045186640472,509,Composite_Equal,4
Composite_Equal_D04,20240329,20240401,0.6254901960784314,510,Composite_Equal,4
Composite_Equal_D04,20240430,20240506,0.8098039215686272,506,Composite_Equal,4
Composite_Equal_D04,20240531,20240603,0.668627450980392,510,Composite_Equal,4
Composite_Equal_D04,20240628,20240701,0.6490196078431372,510,Composite_Equal,4
Composite_Equal_D04,20240731,20240801,0.6980392156862745,510,Composite_Equal,4
Composite_Equal_D04,20240830,20240902,0.776908023483366,511,Composite_Equal,4
Composite_Equal_D04,20240930,20241008,0.735812133072407,511,Composite_Equal,4
Composite_Equal_D04,20241031,20241101,0.759765625,512,Composite_Equal,4
Composite_Equal_D04,20241129,20241202,0.695906432748538,513,Composite_Equal,4
Composite_Equal_D04,20241231,20250102,0.7231968810916178,513,Composite_Equal,4
Composite_Equal_D04,20250127,20250205,0.6027131782945736,516,Composite_Equal,4
Composite_Equal_D04,20250228,20250303,0.5755813953488372,516,Composite_Equal,4
Composite_Equal_D04,20250331,20250401,0.6453488372093024,516,Composite_Equal,4
Composite_Equal_D04,20250430,20250506,0.8062015503875969,512,Composite_Equal,4
Composite_Equal_D04,20250530,20250603,0.6918604651162791,516,Composite_Equal,4
Composite_Equal_D04,20250630,20250701,0.6853281853281853,518,Composite_Equal,4
Composite_Equal_D04,20250731,20250801,0.7052023121387283,519,Composite_Equal,4
Composite_Equal_D04,20250829,20250901,0.7321772639691715,519,Composite_Equal,4
Composite_Equal_D04,20250930,20251009,0.6134615384615384,520,Composite_Equal,4
Composite_Equal_D04,20251031,20251103,0.7658349328214973,521,Composite_Equal,4
Composite_Equal_D04,20251128,20251201,0.7005758157389635,521,Composite_Equal,4
Composite_Equal_D04,20251231,20260105,0.66412213740458,524,Composite_Equal,4
Composite_Equal_D04,20260130,20260202,0.6552380952380954,525,Composite_Equal,4
Composite_Equal_D04,20260227,20260302,0.5866666666666668,525,Composite_Equal,4
Composite_Equal_D04,20260331,20260401,0.6749049429657794,526,Composite_Equal,4
Composite_Equal_D04,20260430,20260506,0.7855787476280833,527,Composite_Equal,4
Composite_Equal_D04,20260529,20260601,0.6351606805293006,529,Composite_Equal,4
Composite_Equal_D04,20260630,20260701,0.6616257088846882,529,Composite_Equal,4
Composite_Equal_D05,20220128,20220207,1.0,442,Composite_Equal,5
Composite_Equal_D05,20220228,20220301,0.695945945945946,444,Composite_Equal,5
Composite_Equal_D05,20220331,20220401,0.6986607142857142,448,Composite_Equal,5
Composite_Equal_D05,20220429,20220505,0.84375,443,Composite_Equal,5
Composite_Equal_D05,20220531,20220601,0.7511111111111111,450,Composite_Equal,5
Composite_Equal_D05,20220630,20220701,0.7505518763796911,453,Composite_Equal,5
Composite_Equal_D05,20220729,20220801,0.7543859649122808,456,Composite_Equal,5
Composite_Equal_D05,20220831,20220901,0.8112798264642082,461,Composite_Equal,5
Composite_Equal_D05,20220930,20221010,0.713978494623656,465,Composite_Equal,5
Composite_Equal_D05,20221031,20221101,0.7393162393162392,468,Composite_Equal,5
Composite_Equal_D05,20221130,20221201,0.6701902748414376,473,Composite_Equal,5
Composite_Equal_D05,20221230,20230103,0.7259414225941422,478,Composite_Equal,5
Composite_Equal_D05,20230131,20230201,0.6966527196652719,478,Composite_Equal,5
Composite_Equal_D05,20230228,20230301,0.7572614107883816,482,Composite_Equal,5
Composite_Equal_D05,20230331,20230403,0.7169421487603305,484,Composite_Equal,5
Composite_Equal_D05,20230428,20230504,0.8388429752066114,483,Composite_Equal,5
Composite_Equal_D05,20230531,20230601,0.7423312883435582,489,Composite_Equal,5
Composite_Equal_D05,20230630,20230703,0.665991902834008,494,Composite_Equal,5
Composite_Equal_D05,20230731,20230801,0.7203219315895372,497,Composite_Equal,5
Composite_Equal_D05,20230831,20230901,0.7760000000000001,500,Composite_Equal,5
Composite_Equal_D05,20230928,20231009,0.6334661354581672,502,Composite_Equal,5
Composite_Equal_D05,20231031,20231101,0.742063492063492,504,Composite_Equal,5
Composite_Equal_D05,20231130,20231201,0.6712871287128714,505,Composite_Equal,5
Composite_Equal_D05,20231229,20240102,0.6106719367588931,506,Composite_Equal,5
Composite_Equal_D05,20240131,20240201,0.6732283464566928,508,Composite_Equal,5
Composite_Equal_D05,20240229,20240301,0.6954813359528487,509,Composite_Equal,5
Composite_Equal_D05,20240329,20240401,0.6588235294117646,510,Composite_Equal,5
Composite_Equal_D05,20240430,20240506,0.8352941176470587,507,Composite_Equal,5
Composite_Equal_D05,20240531,20240603,0.7170923379174852,509,Composite_Equal,5
Composite_Equal_D05,20240628,20240701,0.7098039215686275,510,Composite_Equal,5
Composite_Equal_D05,20240731,20240801,0.7196078431372549,510,Composite_Equal,5
Composite_Equal_D05,20240830,20240902,0.7495107632093934,511,Composite_Equal,5
Composite_Equal_D05,20240930,20241008,0.7495107632093932,511,Composite_Equal,5
Composite_Equal_D05,20241031,20241101,0.7632093933463796,511,Composite_Equal,5
Composite_Equal_D05,20241129,20241202,0.6744639376218323,513,Composite_Equal,5
Composite_Equal_D05,20241231,20250102,0.715953307392996,514,Composite_Equal,5
Composite_Equal_D05,20250127,20250205,0.6472868217054264,516,Composite_Equal,5
Composite_Equal_D05,20250228,20250303,0.625968992248062,515,Composite_Equal,5
Composite_Equal_D05,20250331,20250401,0.691860465116279,516,Composite_Equal,5
Composite_Equal_D05,20250430,20250506,0.8197674418604651,513,Composite_Equal,5
Composite_Equal_D05,20250530,20250603,0.7093023255813953,516,Composite_Equal,5
Composite_Equal_D05,20250630,20250701,0.7007722007722007,518,Composite_Equal,5
Composite_Equal_D05,20250731,20250801,0.6936416184971098,519,Composite_Equal,5
Composite_Equal_D05,20250829,20250901,0.7538461538461538,520,Composite_Equal,5
Composite_Equal_D05,20250930,20251009,0.6673076923076924,520,Composite_Equal,5
Composite_Equal_D05,20251031,20251103,0.7543186180422266,521,Composite_Equal,5
Composite_Equal_D05,20251128,20251201,0.7145593869731799,522,Composite_Equal,5
Composite_Equal_D05,20251231,20260105,0.6749521988527725,523,Composite_Equal,5
Composite_Equal_D05,20260130,20260202,0.669847328244275,524,Composite_Equal,5
Composite_Equal_D05,20260227,20260302,0.6026615969581748,526,Composite_Equal,5
Composite_Equal_D05,20260331,20260401,0.6939163498098858,526,Composite_Equal,5
Composite_Equal_D05,20260430,20260506,0.8087121212121211,528,Composite_Equal,5
Composite_Equal_D05,20260529,20260601,0.6578449905482042,529,Composite_Equal,5
Composite_Equal_D05,20260630,20260701,0.6786389413988659,529,Composite_Equal,5
Composite_Equal_D06,20220128,20220207,1.0,442,Composite_Equal,6
Composite_Equal_D06,20220228,20220301,0.7123595505617979,445,Composite_Equal,6
Composite_Equal_D06,20220331,20220401,0.703125,448,Composite_Equal,6
Composite_Equal_D06,20220429,20220505,0.8415178571428571,443,Composite_Equal,6
Composite_Equal_D06,20220531,20220601,0.7327394209354119,449,Composite_Equal,6
Composite_Equal_D06,20220630,20220701,0.747787610619469,452,Composite_Equal,6
Composite_Equal_D06,20220729,20220801,0.7494505494505495,455,Composite_Equal,6
Composite_Equal_D06,20220831,20220901,0.7695652173913043,460,Composite_Equal,6
Composite_Equal_D06,20220930,20221010,0.7253218884120172,466,Composite_Equal,6
Composite_Equal_D06,20221031,20221101,0.7100213219616204,469,Composite_Equal,6
Composite_Equal_D06,20221130,20221201,0.6469344608879493,473,Composite_Equal,6
Composite_Equal_D06,20221230,20230103,0.6506276150627615,478,Composite_Equal,6
Composite_Equal_D06,20230131,20230201,0.7035490605427976,479,Composite_Equal,6
Composite_Equal_D06,20230228,20230301,0.7214137214137215,481,Composite_Equal,6
Composite_Equal_D06,20230331,20230403,0.7175257731958763,485,Composite_Equal,6
Composite_Equal_D06,20230428,20230504,0.8061855670103093,482,Composite_Equal,6
Composite_Equal_D06,20230531,20230601,0.7259713701431493,489,Composite_Equal,6
Composite_Equal_D06,20230630,20230703,0.6740890688259108,494,Composite_Equal,6
Composite_Equal_D06,20230731,20230801,0.7459677419354837,496,Composite_Equal,6
Composite_Equal_D06,20230831,20230901,0.8000000000000002,500,Composite_Equal,6
Composite_Equal_D06,20230928,20231009,0.6467065868263474,501,Composite_Equal,6
Composite_Equal_D06,20231031,20231101,0.7196819085487078,503,Composite_Equal,6
Composite_Equal_D06,20231130,20231201,0.6455445544554456,505,Composite_Equal,6
Composite_Equal_D06,20231229,20240102,0.6272189349112427,507,Composite_Equal,6
Composite_Equal_D06,20240131,20240201,0.6679764243614932,509,Composite_Equal,6
Composite_Equal_D06,20240229,20240301,0.762278978388998,509,Composite_Equal,6
Composite_Equal_D06,20240329,20240401,0.7000000000000001,510,Composite_Equal,6
Composite_Equal_D06,20240430,20240506,0.7941176470588234,506,Composite_Equal,6
Composite_Equal_D06,20240531,20240603,0.7249508840864439,509,Composite_Equal,6
Composite_Equal_D06,20240628,20240701,0.7,510,Composite_Equal,6
Composite_Equal_D06,20240731,20240801,0.7392156862745097,510,Composite_Equal,6
Composite_Equal_D06,20240830,20240902,0.7705882352941176,510,Composite_Equal,6
Composite_Equal_D06,20240930,20241008,0.735812133072407,511,Composite_Equal,6
Composite_Equal_D06,20241031,20241101,0.765625,512,Composite_Equal,6
Composite_Equal_D06,20241129,20241202,0.6998050682261209,513,Composite_Equal,6
Composite_Equal_D06,20241231,20250102,0.735408560311284,514,Composite_Equal,6
Composite_Equal_D06,20250127,20250205,0.6077669902912621,515,Composite_Equal,6
Composite_Equal_D06,20250228,20250303,0.6182170542635658,516,Composite_Equal,6
Composite_Equal_D06,20250331,20250401,0.7073643410852712,516,Composite_Equal,6
Composite_Equal_D06,20250430,20250506,0.8139534883720929,513,Composite_Equal,6
Composite_Equal_D06,20250530,20250603,0.7131782945736433,516,Composite_Equal,6
Composite_Equal_D06,20250630,20250701,0.7084942084942085,518,Composite_Equal,6
Composite_Equal_D06,20250731,20250801,0.7071290944123313,519,Composite_Equal,6
Composite_Equal_D06,20250829,20250901,0.8015414258188824,519,Composite_Equal,6
Composite_Equal_D06,20250930,20251009,0.6826923076923077,520,Composite_Equal,6
Composite_Equal_D06,20251031,20251103,0.7332053742802305,521,Composite_Equal,6
Composite_Equal_D06,20251128,20251201,0.7120921305182342,521,Composite_Equal,6
Composite_Equal_D06,20251231,20260105,0.6978967495219885,523,Composite_Equal,6
Composite_Equal_D06,20260130,20260202,0.6393129770992367,524,Composite_Equal,6
Composite_Equal_D06,20260227,20260302,0.6285714285714287,525,Composite_Equal,6
Composite_Equal_D06,20260331,20260401,0.7161904761904765,525,Composite_Equal,6
Composite_Equal_D06,20260430,20260506,0.827324478178368,527,Composite_Equal,6
Composite_Equal_D06,20260529,20260601,0.6767485822306238,529,Composite_Equal,6
Composite_Equal_D06,20260630,20260701,0.7013232514177695,529,Composite_Equal,6
Composite_Equal_D07,20220128,20220207,1.0,443,Composite_Equal,7
Composite_Equal_D07,20220228,20220301,0.6644144144144144,444,Composite_Equal,7
Composite_Equal_D07,20220331,20220401,0.700892857142857,448,Composite_Equal,7
Composite_Equal_D07,20220429,20220505,0.8303571428571428,443,Composite_Equal,7
Composite_Equal_D07,20220531,20220601,0.7422222222222222,450,Composite_Equal,7
Composite_Equal_D07,20220630,20220701,0.7190265486725664,452,Composite_Equal,7
Composite_Equal_D07,20220729,20220801,0.75,456,Composite_Equal,7
Composite_Equal_D07,20220831,20220901,0.7874186550976139,461,Composite_Equal,7
Composite_Equal_D07,20220930,20221010,0.6860215053763441,465,Composite_Equal,7
Composite_Equal_D07,20221031,20221101,0.7158119658119657,468,Composite_Equal,7
Composite_Equal_D07,20221130,20221201,0.6822033898305084,472,Composite_Equal,7
Composite_Equal_D07,20221230,20230103,0.6527196652719665,478,Composite_Equal,7
Composite_Equal_D07,20230131,20230201,0.6841004184100417,478,Composite_Equal,7
Composite_Equal_D07,20230228,20230301,0.6923076923076923,481,Composite_Equal,7
Composite_Equal_D07,20230331,20230403,0.7334710743801653,484,Composite_Equal,7
Composite_Equal_D07,20230428,20230504,0.8057851239669421,482,Composite_Equal,7
Composite_Equal_D07,20230531,20230601,0.7239263803680982,489,Composite_Equal,7
Composite_Equal_D07,20230630,20230703,0.680161943319838,494,Composite_Equal,7
Composite_Equal_D07,20230731,20230801,0.7344064386317907,497,Composite_Equal,7
Composite_Equal_D07,20230831,20230901,0.7600000000000001,500,Composite_Equal,7
Composite_Equal_D07,20230928,20231009,0.641434262948207,502,Composite_Equal,7
Composite_Equal_D07,20231031,20231101,0.7594433399602385,503,Composite_Equal,7
Composite_Equal_D07,20231130,20231201,0.6297029702970297,505,Composite_Equal,7
Composite_Equal_D07,20231229,20240102,0.6422924901185769,506,Composite_Equal,7
Composite_Equal_D07,20240131,20240201,0.68503937007874,508,Composite_Equal,7
Composite_Equal_D07,20240229,20240301,0.68762278978389,509,Composite_Equal,7
Composite_Equal_D07,20240329,20240401,0.6647058823529413,510,Composite_Equal,7
Composite_Equal_D07,20240430,20240506,0.8176470588235292,506,Composite_Equal,7
Composite_Equal_D07,20240531,20240603,0.7098039215686273,510,Composite_Equal,7
Composite_Equal_D07,20240628,20240701,0.6803921568627451,510,Composite_Equal,7
Composite_Equal_D07,20240731,20240801,0.7294117647058823,510,Composite_Equal,7
Composite_Equal_D07,20240830,20240902,0.7475538160469668,511,Composite_Equal,7
Composite_Equal_D07,20240930,20241008,0.7181996086105674,511,Composite_Equal,7
Composite_Equal_D07,20241031,20241101,0.7553816046966731,511,Composite_Equal,7
Composite_Equal_D07,20241129,20241202,0.668615984405458,513,Composite_Equal,7
Composite_Equal_D07,20241231,20250102,0.7076023391812865,513,Composite_Equal,7
Composite_Equal_D07,20250127,20250205,0.6744186046511628,516,Composite_Equal,7
Composite_Equal_D07,20250228,20250303,0.6182170542635659,515,Composite_Equal,7
Composite_Equal_D07,20250331,20250401,0.6705426356589147,516,Composite_Equal,7
Composite_Equal_D07,20250430,20250506,0.7926356589147286,512,Composite_Equal,7
Composite_Equal_D07,20250530,20250603,0.687984496124031,516,Composite_Equal,7
Composite_Equal_D07,20250630,20250701,0.7027027027027026,518,Composite_Equal,7
Composite_Equal_D07,20250731,20250801,0.7437379576107899,519,Composite_Equal,7
Composite_Equal_D07,20250829,20250901,0.7475915221579961,519,Composite_Equal,7
Composite_Equal_D07,20250930,20251009,0.6480769230769231,520,Composite_Equal,7
Composite_Equal_D07,20251031,20251103,0.7236084452975049,521,Composite_Equal,7
Composite_Equal_D07,20251128,20251201,0.6813819577735125,521,Composite_Equal,7
Composite_Equal_D07,20251231,20260105,0.6736641221374046,524,Composite_Equal,7
Composite_Equal_D07,20260130,20260202,0.6457142857142857,525,Composite_Equal,7
Composite_Equal_D07,20260227,20260302,0.6000000000000001,525,Composite_Equal,7
Composite_Equal_D07,20260331,20260401,0.6768060836501901,526,Composite_Equal,7
Composite_Equal_D07,20260430,20260506,0.7855787476280833,527,Composite_Equal,7
Composite_Equal_D07,20260529,20260601,0.6521739130434783,529,Composite_Equal,7
Composite_Equal_D07,20260630,20260701,0.6672967863894141,529,Composite_Equal,7
Composite_Equal_D08,20220128,20220207,1.0,442,Composite_Equal,8
Composite_Equal_D08,20220228,20220301,0.6494382022471912,445,Composite_Equal,8
Composite_Equal_D08,20220331,20220401,0.6785714285714286,448,Composite_Equal,8
Composite_Equal_D08,20220429,20220505,0.8013392857142857,443,Composite_Equal,8
Composite_Equal_D08,20220531,20220601,0.7088888888888889,450,Composite_Equal,8
Composite_Equal_D08,20220630,20220701,0.6843267108167772,453,Composite_Equal,8
Composite_Equal_D08,20220729,20220801,0.6989010989010989,455,Composite_Equal,8
Composite_Equal_D08,20220831,20220901,0.7700650759219088,461,Composite_Equal,8
Composite_Equal_D08,20220930,20221010,0.6523605150214592,466,Composite_Equal,8
Composite_Equal_D08,20221031,20221101,0.6950959488272921,469,Composite_Equal,8
Composite_Equal_D08,20221130,20221201,0.6723044397463,473,Composite_Equal,8
Composite_Equal_D08,20221230,20230103,0.6631799163179916,478,Composite_Equal,8
Composite_Equal_D08,20230131,20230201,0.6617954070981211,479,Composite_Equal,8
Composite_Equal_D08,20230228,20230301,0.6735966735966736,481,Composite_Equal,8
Composite_Equal_D08,20230331,20230403,0.707216494845361,485,Composite_Equal,8
Composite_Equal_D08,20230428,20230504,0.7628865979381443,483,Composite_Equal,8
Composite_Equal_D08,20230531,20230601,0.6912065439672801,489,Composite_Equal,8
Composite_Equal_D08,20230630,20230703,0.6417004048582995,494,Composite_Equal,8
Composite_Equal_D08,20230731,20230801,0.698189134808853,497,Composite_Equal,8
Composite_Equal_D08,20230831,20230901,0.7180000000000002,500,Composite_Equal,8
Composite_Equal_D08,20230928,20231009,0.6095617529880477,502,Composite_Equal,8
Composite_Equal_D08,20231031,20231101,0.6858846918489065,503,Composite_Equal,8
Composite_Equal_D08,20231130,20231201,0.6257425742574257,505,Composite_Equal,8
Composite_Equal_D08,20231229,20240102,0.5641025641025641,507,Composite_Equal,8
Composite_Equal_D08,20240131,20240201,0.6286836935166995,509,Composite_Equal,8
Composite_Equal_D08,20240229,20240301,0.6404715127701375,509,Composite_Equal,8
Composite_Equal_D08,20240329,20240401,0.6235294117647059,510,Composite_Equal,8
Composite_Equal_D08,20240430,20240506,0.807843137254902,507,Composite_Equal,8
Composite_Equal_D08,20240531,20240603,0.6895874263261297,509,Composite_Equal,8
Composite_Equal_D08,20240628,20240701,0.6941176470588235,510,Composite_Equal,8
Composite_Equal_D08,20240731,20240801,0.6901960784313725,510,Composite_Equal,8
Composite_Equal_D08,20240830,20240902,0.7397260273972603,511,Composite_Equal,8
Composite_Equal_D08,20240930,20241008,0.6790606653620352,511,Composite_Equal,8
Composite_Equal_D08,20241031,20241101,0.71875,512,Composite_Equal,8
Composite_Equal_D08,20241129,20241202,0.6432748538011697,513,Composite_Equal,8
Composite_Equal_D08,20241231,20250102,0.6809338521400778,514,Composite_Equal,8
Composite_Equal_D08,20250127,20250205,0.5786407766990291,515,Composite_Equal,8
Composite_Equal_D08,20250228,20250303,0.5406976744186046,516,Composite_Equal,8
Composite_Equal_D08,20250331,20250401,0.6201550387596899,516,Composite_Equal,8
Composite_Equal_D08,20250430,20250506,0.7732558139534884,513,Composite_Equal,8
Composite_Equal_D08,20250530,20250603,0.6821705426356588,516,Composite_Equal,8
Composite_Equal_D08,20250630,20250701,0.6853281853281853,518,Composite_Equal,8
Composite_Equal_D08,20250731,20250801,0.6666666666666667,519,Composite_Equal,8
Composite_Equal_D08,20250829,20250901,0.6917148362235066,519,Composite_Equal,8
Composite_Equal_D08,20250930,20251009,0.6403846153846153,520,Composite_Equal,8
Composite_Equal_D08,20251031,20251103,0.6909788867562381,521,Composite_Equal,8
Composite_Equal_D08,20251128,20251201,0.6379310344827585,522,Composite_Equal,8
Composite_Equal_D08,20251231,20260105,0.627151051625239,523,Composite_Equal,8
Composite_Equal_D08,20260130,20260202,0.601145038167939,524,Composite_Equal,8
Composite_Equal_D08,20260227,20260302,0.5676190476190477,525,Composite_Equal,8
Composite_Equal_D08,20260331,20260401,0.6425855513307983,526,Composite_Equal,8
Composite_Equal_D08,20260430,20260506,0.7571157495256166,527,Composite_Equal,8
Composite_Equal_D08,20260529,20260601,0.6408317580340266,529,Composite_Equal,8
Composite_Equal_D08,20260630,20260701,0.6446124763705106,529,Composite_Equal,8
Composite_Equal_D09,20220128,20220207,1.0,442,Composite_Equal,9
Composite_Equal_D09,20220228,20220301,0.5585585585585586,444,Composite_Equal,9
Composite_Equal_D09,20220331,20220401,0.5803571428571428,448,Composite_Equal,9
Composite_Equal_D09,20220429,20220505,0.7611607142857142,443,Composite_Equal,9
Composite_Equal_D09,20220531,20220601,0.6488888888888888,450,Composite_Equal,9
Composite_Equal_D09,20220630,20220701,0.6194690265486726,452,Composite_Equal,9
Composite_Equal_D09,20220729,20220801,0.6491228070175439,456,Composite_Equal,9
Composite_Equal_D09,20220831,20220901,0.685466377440347,461,Composite_Equal,9
Composite_Equal_D09,20220930,20221010,0.5763440860215054,465,Composite_Equal,9
Composite_Equal_D09,20221031,20221101,0.6239316239316239,468,Composite_Equal,9
Composite_Equal_D09,20221130,20221201,0.602536997885835,473,Composite_Equal,9
Composite_Equal_D09,20221230,20230103,0.5836820083682008,478,Composite_Equal,9
Composite_Equal_D09,20230131,20230201,0.5481171548117154,478,Composite_Equal,9
Composite_Equal_D09,20230228,20230301,0.6195426195426196,481,Composite_Equal,9
Composite_Equal_D09,20230331,20230403,0.6260330578512396,484,Composite_Equal,9
Composite_Equal_D09,20230428,20230504,0.7190082644628099,482,Composite_Equal,9
Composite_Equal_D09,20230531,20230601,0.6441717791411044,489,Composite_Equal,9
Composite_Equal_D09,20230630,20230703,0.5789473684210525,494,Composite_Equal,9
Composite_Equal_D09,20230731,20230801,0.6257545271629777,497,Composite_Equal,9
Composite_Equal_D09,20230831,20230901,0.674,500,Composite_Equal,9
Composite_Equal_D09,20230928,20231009,0.5577689243027888,502,Composite_Equal,9
Composite_Equal_D09,20231031,20231101,0.6640159045725647,503,Composite_Equal,9
Composite_Equal_D09,20231130,20231201,0.5544554455445545,505,Composite_Equal,9
Composite_Equal_D09,20231229,20240102,0.4980237154150196,506,Composite_Equal,9
Composite_Equal_D09,20240131,20240201,0.5314960629921259,508,Composite_Equal,9
Composite_Equal_D09,20240229,20240301,0.587426326129666,509,Composite_Equal,9
Composite_Equal_D09,20240329,20240401,0.5686274509803921,510,Composite_Equal,9
Composite_Equal_D09,20240430,20240506,0.7431372549019606,506,Composite_Equal,9
Composite_Equal_D09,20240531,20240603,0.6090373280943026,509,Composite_Equal,9
Composite_Equal_D09,20240628,20240701,0.6137254901960785,510,Composite_Equal,9
Composite_Equal_D09,20240731,20240801,0.6254901960784314,510,Composite_Equal,9
Composite_Equal_D09,20240830,20240902,0.639921722113503,511,Composite_Equal,9
Composite_Equal_D09,20240930,20241008,0.5890410958904109,511,Composite_Equal,9
Composite_Equal_D09,20241031,20241101,0.6203522504892367,511,Composite_Equal,9
Composite_Equal_D09,20241129,20241202,0.5497076023391813,513,Composite_Equal,9
Composite_Equal_D09,20241231,20250102,0.603112840466926,514,Composite_Equal,9
Composite_Equal_D09,20250127,20250205,0.5116279069767442,516,Composite_Equal,9
Composite_Equal_D09,20250228,20250303,0.45348837209302323,515,Composite_Equal,9
Composite_Equal_D09,20250331,20250401,0.5581395348837208,516,Composite_Equal,9
Composite_Equal_D09,20250430,20250506,0.7131782945736433,513,Composite_Equal,9
Composite_Equal_D09,20250530,20250603,0.6065891472868217,516,Composite_Equal,9
Composite_Equal_D09,20250630,20250701,0.5752895752895753,518,Composite_Equal,9
Composite_Equal_D09,20250731,20250801,0.6165703275529865,519,Composite_Equal,9
Composite_Equal_D09,20250829,20250901,0.6416184971098265,519,Composite_Equal,9
Composite_Equal_D09,20250930,20251009,0.5711538461538461,520,Composite_Equal,9
Composite_Equal_D09,20251031,20251103,0.6276391554702496,521,Composite_Equal,9
Composite_Equal_D09,20251128,20251201,0.5662188099808061,521,Composite_Equal,9
Composite_Equal_D09,20251231,20260105,0.5525812619502868,523,Composite_Equal,9
Composite_Equal_D09,20260130,20260202,0.5591603053435115,524,Composite_Equal,9
Composite_Equal_D09,20260227,20260302,0.47428571428571437,525,Composite_Equal,9
Composite_Equal_D09,20260331,20260401,0.5760456273764258,526,Composite_Equal,9
Composite_Equal_D09,20260430,20260506,0.7134724857685009,527,Composite_Equal,9
Composite_Equal_D09,20260529,20260601,0.5368620037807184,529,Composite_Equal,9
Composite_Equal_D09,20260630,20260701,0.5406427221172023,529,Composite_Equal,9
Composite_Equal_D10,20220128,20220207,1.0,443,Composite_Equal,10
Composite_Equal_D10,20220228,20220301,0.34606741573033706,445,Composite_Equal,10
Composite_Equal_D10,20220331,20220401,0.3794642857142857,448,Composite_Equal,10
Composite_Equal_D10,20220429,20220505,0.5825892857142856,443,Composite_Equal,10
Composite_Equal_D10,20220531,20220601,0.4177777777777777,450,Composite_Equal,10
Composite_Equal_D10,20220630,20220701,0.35761589403973515,453,Composite_Equal,10
Composite_Equal_D10,20220729,20220801,0.39254385964912286,456,Composite_Equal,10
Composite_Equal_D10,20220831,20220901,0.4468546637744034,461,Composite_Equal,10
Composite_Equal_D10,20220930,20221010,0.36480686695278963,466,Composite_Equal,10
Composite_Equal_D10,20221031,20221101,0.38166311300639655,469,Composite_Equal,10
Composite_Equal_D10,20221130,20221201,0.39746300211416496,473,Composite_Equal,10
Composite_Equal_D10,20221230,20230103,0.36401673640167365,478,Composite_Equal,10
Composite_Equal_D10,20230131,20230201,0.32150313152400833,479,Composite_Equal,10
Composite_Equal_D10,20230228,20230301,0.40871369294605797,482,Composite_Equal,10
Composite_Equal_D10,20230331,20230403,0.3896907216494845,485,Composite_Equal,10
Composite_Equal_D10,20230428,20230504,0.46804123711340206,483,Composite_Equal,10
Composite_Equal_D10,20230531,20230601,0.3926380368098159,489,Composite_Equal,10
Composite_Equal_D10,20230630,20230703,0.3663967611336032,494,Composite_Equal,10
Composite_Equal_D10,20230731,20230801,0.39637826961770617,497,Composite_Equal,10
Composite_Equal_D10,20230831,20230901,0.41716566866267474,501,Composite_Equal,10
Composite_Equal_D10,20230928,20231009,0.3505976095617529,502,Composite_Equal,10
Composite_Equal_D10,20231031,20231101,0.4325396825396825,504,Composite_Equal,10
Composite_Equal_D10,20231130,20231201,0.37425742574257426,505,Composite_Equal,10
Composite_Equal_D10,20231229,20240102,0.32347140039447736,507,Composite_Equal,10
Composite_Equal_D10,20240131,20240201,0.2946954813359529,509,Composite_Equal,10
Composite_Equal_D10,20240229,20240301,0.33005893909626716,509,Composite_Equal,10
Composite_Equal_D10,20240329,20240401,0.3666666666666667,510,Composite_Equal,10
Composite_Equal_D10,20240430,20240506,0.5352941176470588,507,Composite_Equal,10
Composite_Equal_D10,20240531,20240603,0.3411764705882353,510,Composite_Equal,10
Composite_Equal_D10,20240628,20240701,0.39921722113502933,511,Composite_Equal,10
Composite_Equal_D10,20240731,20240801,0.40900195694716235,510,Composite_Equal,10
Composite_Equal_D10,20240830,20240902,0.4716242661448141,511,Composite_Equal,10
Composite_Equal_D10,20240930,20241008,0.3972602739726027,511,Composite_Equal,10
Composite_Equal_D10,20241031,20241101,0.423828125,512,Composite_Equal,10
Composite_Equal_D10,20241129,20241202,0.31384015594541914,513,Composite_Equal,10
Composite_Equal_D10,20241231,20250102,0.3910505836575875,514,Composite_Equal,10
Composite_Equal_D10,20250127,20250205,0.2655038759689923,516,Composite_Equal,10
Composite_Equal_D10,20250228,20250303,0.24418604651162792,516,Composite_Equal,10
Composite_Equal_D10,20250331,20250401,0.31976744186046513,516,Composite_Equal,10
Composite_Equal_D10,20250430,20250506,0.5174418604651163,513,Composite_Equal,10
Composite_Equal_D10,20250530,20250603,0.3701550387596899,516,Composite_Equal,10
Composite_Equal_D10,20250630,20250701,0.4054054054054054,518,Composite_Equal,10
Composite_Equal_D10,20250731,20250801,0.4238921001926782,519,Composite_Equal,10
Composite_Equal_D10,20250829,20250901,0.4230769230769231,520,Composite_Equal,10
Composite_Equal_D10,20250930,20251009,0.37044145873320544,521,Composite_Equal,10
Composite_Equal_D10,20251031,20251103,0.41458733205374276,521,Composite_Equal,10
Composite_Equal_D10,20251128,20251201,0.3984674329501915,522,Composite_Equal,10
Composite_Equal_D10,20251231,20260105,0.3549618320610687,524,Composite_Equal,10
Composite_Equal_D10,20260130,20260202,0.3733333333333334,525,Composite_Equal,10
Composite_Equal_D10,20260227,20260302,0.30038022813688214,526,Composite_Equal,10
Composite_Equal_D10,20260331,20260401,0.4068441064638783,526,Composite_Equal,10
Composite_Equal_D10,20260430,20260506,0.5625,528,Composite_Equal,10
Composite_Equal_D10,20260529,20260601,0.3213610586011343,529,Composite_Equal,10
Composite_Equal_D10,20260630,20260701,0.34150943396226413,530,Composite_Equal,10
Composite_RollingRankIC_D01,20220128,20220207,1.0,442,Composite_RollingRankIC,1
Composite_RollingRankIC_D01,20220228,20220301,0.26801801801801806,444,Composite_RollingRankIC,1
Composite_RollingRankIC_D01,20220331,20220401,0.27293064876957496,447,Composite_RollingRankIC,1
Composite_RollingRankIC_D01,20220429,20220505,0.5145413870246085,443,Composite_RollingRankIC,1
Composite_RollingRankIC_D01,20220531,20220601,0.354120267260579,449,Composite_RollingRankIC,1
Composite_RollingRankIC_D01,20220630,20220701,0.28539823008849563,452,Composite_RollingRankIC,1
Composite_RollingRankIC_D01,20220729,20220801,0.7692307692307692,455,Composite_RollingRankIC,1
Composite_RollingRankIC_D01,20220831,20220901,0.55,460,Composite_RollingRankIC,1
Composite_RollingRankIC_D01,20220930,20221010,0.39139784946236567,465,Composite_RollingRankIC,1
Composite_RollingRankIC_D01,20221031,20221101,0.3632478632478632,468,Composite_RollingRankIC,1
Composite_RollingRankIC_D01,20221130,20221201,0.3919491525423729,472,Composite_RollingRankIC,1
Composite_RollingRankIC_D01,20221230,20230103,0.3940677966101695,472,Composite_RollingRankIC,1
Composite_RollingRankIC_D01,20230131,20230201,0.3744769874476987,478,Composite_RollingRankIC,1
Composite_RollingRankIC_D01,20230228,20230301,0.37837837837837834,481,Composite_RollingRankIC,1
Composite_RollingRankIC_D01,20230331,20230403,0.32438016528925623,484,Composite_RollingRankIC,1
Composite_RollingRankIC_D01,20230428,20230504,0.3243801652892562,482,Composite_RollingRankIC,1
Composite_RollingRankIC_D01,20230531,20230601,0.2985685071574642,489,Composite_RollingRankIC,1
Composite_RollingRankIC_D01,20230630,20230703,0.2150101419878297,493,Composite_RollingRankIC,1
Composite_RollingRankIC_D01,20230731,20230801,0.2036290322580645,496,Composite_RollingRankIC,1
Composite_RollingRankIC_D01,20230831,20230901,0.28200000000000003,500,Composite_RollingRankIC,1
Composite_RollingRankIC_D01,20230928,20231009,0.13772455089820365,501,Composite_RollingRankIC,1
Composite_RollingRankIC_D01,20231031,20231101,0.2147117296222664,503,Composite_RollingRankIC,1
Composite_RollingRankIC_D01,20231130,20231201,0.1785714285714285,504,Composite_RollingRankIC,1
Composite_RollingRankIC_D01,20231229,20240102,0.16600790513833985,506,Composite_RollingRankIC,1
Composite_RollingRankIC_D01,20240131,20240201,0.12007874015748027,508,Composite_RollingRankIC,1
Composite_RollingRankIC_D01,20240229,20240301,0.2086614173228346,508,Composite_RollingRankIC,1
Composite_RollingRankIC_D01,20240329,20240401,0.17092337917485267,509,Composite_RollingRankIC,1
Composite_RollingRankIC_D01,20240430,20240506,0.3673870333988212,506,Composite_RollingRankIC,1
Composite_RollingRankIC_D01,20240531,20240603,0.21021611001964638,509,Composite_RollingRankIC,1
Composite_RollingRankIC_D01,20240628,20240701,0.18235294117647058,510,Composite_RollingRankIC,1
Composite_RollingRankIC_D01,20240731,20240801,0.19999999999999998,510,Composite_RollingRankIC,1
Composite_RollingRankIC_D01,20240830,20240902,0.3392156862745098,510,Composite_RollingRankIC,1
Composite_RollingRankIC_D01,20240930,20241008,0.3013698630136986,511,Composite_RollingRankIC,1
Composite_RollingRankIC_D01,20241031,20241101,0.40117416829745595,511,Composite_RollingRankIC,1
Composite_RollingRankIC_D01,20241129,20241202,0.19921874999999997,512,Composite_RollingRankIC,1
Composite_RollingRankIC_D01,20241231,20250102,0.16959064327485382,513,Composite_RollingRankIC,1
Composite_RollingRankIC_D01,20250127,20250205,0.15339805825242717,515,Composite_RollingRankIC,1
Composite_RollingRankIC_D01,20250228,20250303,0.16893203883495145,515,Composite_RollingRankIC,1
Composite_RollingRankIC_D01,20250331,20250401,0.1627906976744186,516,Composite_RollingRankIC,1
Composite_RollingRankIC_D01,20250430,20250506,0.43217054263565896,512,Composite_RollingRankIC,1
Composite_RollingRankIC_D01,20250530,20250603,0.19611650485436896,515,Composite_RollingRankIC,1
Composite_RollingRankIC_D01,20250630,20250701,0.16795366795366792,518,Composite_RollingRankIC,1
Composite_RollingRankIC_D01,20250731,20250801,0.18882466281310215,519,Composite_RollingRankIC,1
Composite_RollingRankIC_D01,20250829,20250901,0.3892100192678227,519,Composite_RollingRankIC,1
Composite_RollingRankIC_D01,20250930,20251009,0.28076923076923077,520,Composite_RollingRankIC,1
Composite_RollingRankIC_D01,20251031,20251103,0.29615384615384616,520,Composite_RollingRankIC,1
Composite_RollingRankIC_D01,20251128,20251201,0.18618042226487527,521,Composite_RollingRankIC,1
Composite_RollingRankIC_D01,20251231,20260105,0.1701720841300191,523,Composite_RollingRankIC,1
Composite_RollingRankIC_D01,20260130,20260202,0.1984732824427481,524,Composite_RollingRankIC,1
Composite_RollingRankIC_D01,20260227,20260302,0.1238095238095238,525,Composite_RollingRankIC,1
Composite_RollingRankIC_D01,20260331,20260401,0.20571428571428574,525,Composite_RollingRankIC,1
Composite_RollingRankIC_D01,20260430,20260506,0.23529411764705882,527,Composite_RollingRankIC,1
Composite_RollingRankIC_D01,20260529,20260601,0.13257575757575757,528,Composite_RollingRankIC,1
Composite_RollingRankIC_D01,20260630,20260701,0.15500945179584122,529,Composite_RollingRankIC,1
Composite_RollingRankIC_D02,20220128,20220207,1.0,442,Composite_RollingRankIC,2
Composite_RollingRankIC_D02,20220228,20220301,0.501123595505618,445,Composite_RollingRankIC,2
Composite_RollingRankIC_D02,20220331,20220401,0.5401785714285714,448,Composite_RollingRankIC,2
Composite_RollingRankIC_D02,20220429,20220505,0.7142857142857142,443,Composite_RollingRankIC,2
Composite_RollingRankIC_D02,20220531,20220601,0.5866666666666667,450,Composite_RollingRankIC,2
Composite_RollingRankIC_D02,20220630,20220701,0.5884955752212391,452,Composite_RollingRankIC,2
Composite_RollingRankIC_D02,20220729,20220801,0.8201754385964912,456,Composite_RollingRankIC,2
Composite_RollingRankIC_D02,20220831,20220901,0.7180043383947938,461,Composite_RollingRankIC,2
Composite_RollingRankIC_D02,20220930,20221010,0.6008583690987125,466,Composite_RollingRankIC,2
Composite_RollingRankIC_D02,20221031,20221101,0.5586353944562898,469,Composite_RollingRankIC,2
Composite_RollingRankIC_D02,20221130,20221201,0.5856236786469344,473,Composite_RollingRankIC,2
Composite_RollingRankIC_D02,20221230,20230103,0.5687103594080338,473,Composite_RollingRankIC,2
Composite_RollingRankIC_D02,20230131,20230201,0.5511482254697286,479,Composite_RollingRankIC,2
Composite_RollingRankIC_D02,20230228,20230301,0.5654885654885655,481,Composite_RollingRankIC,2
Composite_RollingRankIC_D02,20230331,20230403,0.531958762886598,485,Composite_RollingRankIC,2
Composite_RollingRankIC_D02,20230428,20230504,0.5010309278350515,482,Composite_RollingRankIC,2
Composite_RollingRankIC_D02,20230531,20230601,0.5132924335378324,489,Composite_RollingRankIC,2
Composite_RollingRankIC_D02,20230630,20230703,0.4473684210526315,494,Composite_RollingRankIC,2
Composite_RollingRankIC_D02,20230731,20230801,0.38028169014084506,497,Composite_RollingRankIC,2
Composite_RollingRankIC_D02,20230831,20230901,0.4840000000000001,500,Composite_RollingRankIC,2
Composite_RollingRankIC_D02,20230928,20231009,0.3247011952191235,502,Composite_RollingRankIC,2
Composite_RollingRankIC_D02,20231031,20231101,0.3677932405566601,503,Composite_RollingRankIC,2
Composite_RollingRankIC_D02,20231130,20231201,0.4059405940594059,505,Composite_RollingRankIC,2
Composite_RollingRankIC_D02,20231229,20240102,0.3609467455621302,507,Composite_RollingRankIC,2
Composite_RollingRankIC_D02,20240131,20240201,0.2730844793713163,509,Composite_RollingRankIC,2
Composite_RollingRankIC_D02,20240229,20240301,0.4518664047151277,509,Composite_RollingRankIC,2
Composite_RollingRankIC_D02,20240329,20240401,0.3941176470588235,510,Composite_RollingRankIC,2
Composite_RollingRankIC_D02,20240430,20240506,0.5882352941176469,506,Composite_RollingRankIC,2
Composite_RollingRankIC_D02,20240531,20240603,0.4597249508840865,509,Composite_RollingRankIC,2
Composite_RollingRankIC_D02,20240628,20240701,0.43529411764705883,510,Composite_RollingRankIC,2
Composite_RollingRankIC_D02,20240731,20240801,0.4294117647058824,510,Composite_RollingRankIC,2
Composite_RollingRankIC_D02,20240830,20240902,0.5518590998043053,511,Composite_RollingRankIC,2
Composite_RollingRankIC_D02,20240930,20241008,0.6007827788649707,511,Composite_RollingRankIC,2
Composite_RollingRankIC_D02,20241031,20241101,0.56640625,512,Composite_RollingRankIC,2
Composite_RollingRankIC_D02,20241129,20241202,0.3976608187134503,513,Composite_RollingRankIC,2
Composite_RollingRankIC_D02,20241231,20250102,0.4221789883268482,514,Composite_RollingRankIC,2
Composite_RollingRankIC_D02,20250127,20250205,0.39728682170542634,516,Composite_RollingRankIC,2
Composite_RollingRankIC_D02,20250228,20250303,0.36627906976744184,516,Composite_RollingRankIC,2
Composite_RollingRankIC_D02,20250331,20250401,0.31007751937984496,516,Composite_RollingRankIC,2
Composite_RollingRankIC_D02,20250430,20250506,0.6375968992248062,513,Composite_RollingRankIC,2
Composite_RollingRankIC_D02,20250530,20250603,0.4321705426356589,516,Composite_RollingRankIC,2
Composite_RollingRankIC_D02,20250630,20250701,0.37258687258687256,518,Composite_RollingRankIC,2
Composite_RollingRankIC_D02,20250731,20250801,0.40655105973025046,519,Composite_RollingRankIC,2
Composite_RollingRankIC_D02,20250829,20250901,0.581888246628131,519,Composite_RollingRankIC,2
Composite_RollingRankIC_D02,20250930,20251009,0.5596153846153846,520,Composite_RollingRankIC,2
Composite_RollingRankIC_D02,20251031,20251103,0.4836852207293667,521,Composite_RollingRankIC,2
Composite_RollingRankIC_D02,20251128,20251201,0.43186180422264875,521,Composite_RollingRankIC,2
Composite_RollingRankIC_D02,20251231,20260105,0.3881453154875717,523,Composite_RollingRankIC,2
Composite_RollingRankIC_D02,20260130,20260202,0.4427480916030534,524,Composite_RollingRankIC,2
Composite_RollingRankIC_D02,20260227,20260302,0.2914285714285714,525,Composite_RollingRankIC,2
Composite_RollingRankIC_D02,20260331,20260401,0.43726235741444863,526,Composite_RollingRankIC,2
Composite_RollingRankIC_D02,20260430,20260506,0.4667931688804554,527,Composite_RollingRankIC,2
Composite_RollingRankIC_D02,20260529,20260601,0.3270321361058601,529,Composite_RollingRankIC,2
Composite_RollingRankIC_D02,20260630,20260701,0.3648393194706995,529,Composite_RollingRankIC,2
Composite_RollingRankIC_D03,20220128,20220207,1.0,442,Composite_RollingRankIC,3
Composite_RollingRankIC_D03,20220228,20220301,0.6171171171171173,444,Composite_RollingRankIC,3
Composite_RollingRankIC_D03,20220331,20220401,0.6116071428571428,448,Composite_RollingRankIC,3
Composite_RollingRankIC_D03,20220429,20220505,0.7991071428571428,443,Composite_RollingRankIC,3
Composite_RollingRankIC_D03,20220531,20220601,0.6755555555555556,450,Composite_RollingRankIC,3
Composite_RollingRankIC_D03,20220630,20220701,0.6799116997792496,453,Composite_RollingRankIC,3
Composite_RollingRankIC_D03,20220729,20220801,0.8879120879120879,455,Composite_RollingRankIC,3
Composite_RollingRankIC_D03,20220831,20220901,0.7592190889370931,461,Composite_RollingRankIC,3
Composite_RollingRankIC_D03,20220930,20221010,0.6494623655913979,465,Composite_RollingRankIC,3
Composite_RollingRankIC_D03,20221031,20221101,0.6260683760683761,468,Composite_RollingRankIC,3
Composite_RollingRankIC_D03,20221130,20221201,0.6786469344608879,473,Composite_RollingRankIC,3
Composite_RollingRankIC_D03,20221230,20230103,0.6363636363636364,473,Composite_RollingRankIC,3
Composite_RollingRankIC_D03,20230131,20230201,0.6401673640167364,478,Composite_RollingRankIC,3
Composite_RollingRankIC_D03,20230228,20230301,0.6174636174636174,481,Composite_RollingRankIC,3
Composite_RollingRankIC_D03,20230331,20230403,0.609504132231405,484,Composite_RollingRankIC,3
Composite_RollingRankIC_D03,20230428,20230504,0.5888429752066114,483,Composite_RollingRankIC,3
Composite_RollingRankIC_D03,20230531,20230601,0.6114519427402862,489,Composite_RollingRankIC,3
Composite_RollingRankIC_D03,20230630,20230703,0.5809716599190282,494,Composite_RollingRankIC,3
Composite_RollingRankIC_D03,20230731,20230801,0.4587525150905432,497,Composite_RollingRankIC,3
Composite_RollingRankIC_D03,20230831,20230901,0.5480000000000002,500,Composite_RollingRankIC,3
Composite_RollingRankIC_D03,20230928,20231009,0.4362549800796812,502,Composite_RollingRankIC,3
Composite_RollingRankIC_D03,20231031,20231101,0.45924453280318095,503,Composite_RollingRankIC,3
Composite_RollingRankIC_D03,20231130,20231201,0.504950495049505,505,Composite_RollingRankIC,3
Composite_RollingRankIC_D03,20231229,20240102,0.43675889328063233,506,Composite_RollingRankIC,3
Composite_RollingRankIC_D03,20240131,20240201,0.374015748031496,508,Composite_RollingRankIC,3
Composite_RollingRankIC_D03,20240229,20240301,0.5481335952848723,509,Composite_RollingRankIC,3
Composite_RollingRankIC_D03,20240329,20240401,0.4784313725490196,510,Composite_RollingRankIC,3
Composite_RollingRankIC_D03,20240430,20240506,0.6352941176470588,507,Composite_RollingRankIC,3
Composite_RollingRankIC_D03,20240531,20240603,0.555992141453831,509,Composite_RollingRankIC,3
Composite_RollingRankIC_D03,20240628,20240701,0.5274509803921569,510,Composite_RollingRankIC,3
Composite_RollingRankIC_D03,20240731,20240801,0.5254901960784313,510,Composite_RollingRankIC,3
Composite_RollingRankIC_D03,20240830,20240902,0.6536203522504893,511,Composite_RollingRankIC,3
Composite_RollingRankIC_D03,20240930,20241008,0.6888454011741683,511,Composite_RollingRankIC,3
Composite_RollingRankIC_D03,20241031,20241101,0.6340508806262231,511,Composite_RollingRankIC,3
Composite_RollingRankIC_D03,20241129,20241202,0.47173489278752434,513,Composite_RollingRankIC,3
Composite_RollingRankIC_D03,20241231,20250102,0.5077821011673151,514,Composite_RollingRankIC,3
Composite_RollingRankIC_D03,20250127,20250205,0.5708737864077671,515,Composite_RollingRankIC,3
Composite_RollingRankIC_D03,20250228,20250303,0.5184466019417475,515,Composite_RollingRankIC,3
Composite_RollingRankIC_D03,20250331,20250401,0.40697674418604646,516,Composite_RollingRankIC,3
Composite_RollingRankIC_D03,20250430,20250506,0.6724806201550387,513,Composite_RollingRankIC,3
Composite_RollingRankIC_D03,20250530,20250603,0.5213178294573644,516,Composite_RollingRankIC,3
Composite_RollingRankIC_D03,20250630,20250701,0.4845559845559846,518,Composite_RollingRankIC,3
Composite_RollingRankIC_D03,20250731,20250801,0.5240847784200385,519,Composite_RollingRankIC,3
Composite_RollingRankIC_D03,20250829,20250901,0.6878612716763005,519,Composite_RollingRankIC,3
Composite_RollingRankIC_D03,20250930,20251009,0.6711538461538461,520,Composite_RollingRankIC,3
Composite_RollingRankIC_D03,20251031,20251103,0.5681381957773514,521,Composite_RollingRankIC,3
Composite_RollingRankIC_D03,20251128,20251201,0.5191570881226053,522,Composite_RollingRankIC,3
Composite_RollingRankIC_D03,20251231,20260105,0.4627151051625239,523,Composite_RollingRankIC,3
Composite_RollingRankIC_D03,20260130,20260202,0.5343511450381679,524,Composite_RollingRankIC,3
Composite_RollingRankIC_D03,20260227,20260302,0.3561904761904762,525,Composite_RollingRankIC,3
Composite_RollingRankIC_D03,20260331,20260401,0.579847908745247,526,Composite_RollingRankIC,3
Composite_RollingRankIC_D03,20260430,20260506,0.5635673624288424,527,Composite_RollingRankIC,3
Composite_RollingRankIC_D03,20260529,20260601,0.45935727788279773,529,Composite_RollingRankIC,3
Composite_RollingRankIC_D03,20260630,20260701,0.4744801512287335,529,Composite_RollingRankIC,3
Composite_RollingRankIC_D04,20220128,20220207,1.0,443,Composite_RollingRankIC,4
Composite_RollingRankIC_D04,20220228,20220301,0.6561797752808989,445,Composite_RollingRankIC,4
Composite_RollingRankIC_D04,20220331,20220401,0.65625,448,Composite_RollingRankIC,4
Composite_RollingRankIC_D04,20220429,20220505,0.8147321428571428,443,Composite_RollingRankIC,4
Composite_RollingRankIC_D04,20220531,20220601,0.7133333333333333,450,Composite_RollingRankIC,4
Composite_RollingRankIC_D04,20220630,20220701,0.7101769911504425,452,Composite_RollingRankIC,4
Composite_RollingRankIC_D04,20220729,20220801,0.9035087719298245,456,Composite_RollingRankIC,4
Composite_RollingRankIC_D04,20220831,20220901,0.8264642082429501,461,Composite_RollingRankIC,4
Composite_RollingRankIC_D04,20220930,20221010,0.703862660944206,466,Composite_RollingRankIC,4
Composite_RollingRankIC_D04,20221031,20221101,0.6631130063965883,469,Composite_RollingRankIC,4
Composite_RollingRankIC_D04,20221130,20221201,0.7372881355932204,472,Composite_RollingRankIC,4
Composite_RollingRankIC_D04,20221230,20230103,0.6610169491525424,472,Composite_RollingRankIC,4
Composite_RollingRankIC_D04,20230131,20230201,0.6931106471816285,479,Composite_RollingRankIC,4
Composite_RollingRankIC_D04,20230228,20230301,0.681912681912682,481,Composite_RollingRankIC,4
Composite_RollingRankIC_D04,20230331,20230403,0.6453608247422681,485,Composite_RollingRankIC,4
Composite_RollingRankIC_D04,20230428,20230504,0.5979381443298969,482,Composite_RollingRankIC,4
Composite_RollingRankIC_D04,20230531,20230601,0.6687116564417178,489,Composite_RollingRankIC,4
Composite_RollingRankIC_D04,20230630,20230703,0.5951417004048581,494,Composite_RollingRankIC,4
Composite_RollingRankIC_D04,20230731,20230801,0.5070422535211268,497,Composite_RollingRankIC,4
Composite_RollingRankIC_D04,20230831,20230901,0.5840000000000001,500,Composite_RollingRankIC,4
Composite_RollingRankIC_D04,20230928,20231009,0.44422310756972105,502,Composite_RollingRankIC,4
Composite_RollingRankIC_D04,20231031,20231101,0.5188866799204772,503,Composite_RollingRankIC,4
Composite_RollingRankIC_D04,20231130,20231201,0.5762376237623762,505,Composite_RollingRankIC,4
Composite_RollingRankIC_D04,20231229,20240102,0.4674556213017752,507,Composite_RollingRankIC,4
Composite_RollingRankIC_D04,20240131,20240201,0.41257367387033406,509,Composite_RollingRankIC,4
Composite_RollingRankIC_D04,20240229,20240301,0.5972495088408645,509,Composite_RollingRankIC,4
Composite_RollingRankIC_D04,20240329,20240401,0.5431372549019609,510,Composite_RollingRankIC,4
Composite_RollingRankIC_D04,20240430,20240506,0.6705882352941175,506,Composite_RollingRankIC,4
Composite_RollingRankIC_D04,20240531,20240603,0.5941176470588234,510,Composite_RollingRankIC,4
Composite_RollingRankIC_D04,20240628,20240701,0.6176470588235294,510,Composite_RollingRankIC,4
Composite_RollingRankIC_D04,20240731,20240801,0.6274509803921569,510,Composite_RollingRankIC,4
Composite_RollingRankIC_D04,20240830,20240902,0.6908023483365948,511,Composite_RollingRankIC,4
Composite_RollingRankIC_D04,20240930,20241008,0.6986301369863013,511,Composite_RollingRankIC,4
Composite_RollingRankIC_D04,20241031,20241101,0.69921875,512,Composite_RollingRankIC,4
Composite_RollingRankIC_D04,20241129,20241202,0.5692007797270955,513,Composite_RollingRankIC,4
Composite_RollingRankIC_D04,20241231,20250102,0.6003898635477583,513,Composite_RollingRankIC,4
Composite_RollingRankIC_D04,20250127,20250205,0.5872093023255813,516,Composite_RollingRankIC,4
Composite_RollingRankIC_D04,20250228,20250303,0.565891472868217,516,Composite_RollingRankIC,4
Composite_RollingRankIC_D04,20250331,20250401,0.4748062015503876,516,Composite_RollingRankIC,4
Composite_RollingRankIC_D04,20250430,20250506,0.7228682170542635,512,Composite_RollingRankIC,4
Composite_RollingRankIC_D04,20250530,20250603,0.5775193798449613,516,Composite_RollingRankIC,4
Composite_RollingRankIC_D04,20250630,20250701,0.5752895752895753,518,Composite_RollingRankIC,4
Composite_RollingRankIC_D04,20250731,20250801,0.6184971098265895,519,Composite_RollingRankIC,4
Composite_RollingRankIC_D04,20250829,20250901,0.7244701348747591,519,Composite_RollingRankIC,4
Composite_RollingRankIC_D04,20250930,20251009,0.7057692307692307,520,Composite_RollingRankIC,4
Composite_RollingRankIC_D04,20251031,20251103,0.579654510556622,521,Composite_RollingRankIC,4
Composite_RollingRankIC_D04,20251128,20251201,0.6122840690978888,521,Composite_RollingRankIC,4
Composite_RollingRankIC_D04,20251231,20260105,0.5114503816793893,524,Composite_RollingRankIC,4
Composite_RollingRankIC_D04,20260130,20260202,0.5885714285714286,525,Composite_RollingRankIC,4
Composite_RollingRankIC_D04,20260227,20260302,0.3942857142857144,525,Composite_RollingRankIC,4
Composite_RollingRankIC_D04,20260331,20260401,0.5931558935361216,526,Composite_RollingRankIC,4
Composite_RollingRankIC_D04,20260430,20260506,0.5977229601518026,527,Composite_RollingRankIC,4
Composite_RollingRankIC_D04,20260529,20260601,0.5255198487712666,529,Composite_RollingRankIC,4
Composite_RollingRankIC_D04,20260630,20260701,0.5141776937618149,529,Composite_RollingRankIC,4
Composite_RollingRankIC_D05,20220128,20220207,1.0,442,Composite_RollingRankIC,5
Composite_RollingRankIC_D05,20220228,20220301,0.695945945945946,444,Composite_RollingRankIC,5
Composite_RollingRankIC_D05,20220331,20220401,0.6986607142857142,448,Composite_RollingRankIC,5
Composite_RollingRankIC_D05,20220429,20220505,0.84375,443,Composite_RollingRankIC,5
Composite_RollingRankIC_D05,20220531,20220601,0.7511111111111111,450,Composite_RollingRankIC,5
Composite_RollingRankIC_D05,20220630,20220701,0.7505518763796911,453,Composite_RollingRankIC,5
Composite_RollingRankIC_D05,20220729,20220801,0.8684210526315791,456,Composite_RollingRankIC,5
Composite_RollingRankIC_D05,20220831,20220901,0.8286334056399132,461,Composite_RollingRankIC,5
Composite_RollingRankIC_D05,20220930,20221010,0.7010752688172044,465,Composite_RollingRankIC,5
Composite_RollingRankIC_D05,20221031,20221101,0.6666666666666665,468,Composite_RollingRankIC,5
Composite_RollingRankIC_D05,20221130,20221201,0.7357293868921775,473,Composite_RollingRankIC,5
Composite_RollingRankIC_D05,20221230,20230103,0.7040169133192389,473,Composite_RollingRankIC,5
Composite_RollingRankIC_D05,20230131,20230201,0.6861924686192468,478,Composite_RollingRankIC,5
Composite_RollingRankIC_D05,20230228,20230301,0.6742738589211617,482,Composite_RollingRankIC,5
Composite_RollingRankIC_D05,20230331,20230403,0.6611570247933883,484,Composite_RollingRankIC,5
Composite_RollingRankIC_D05,20230428,20230504,0.6053719008264462,483,Composite_RollingRankIC,5
Composite_RollingRankIC_D05,20230531,20230601,0.6850715746421268,489,Composite_RollingRankIC,5
Composite_RollingRankIC_D05,20230630,20230703,0.6619433198380565,494,Composite_RollingRankIC,5
Composite_RollingRankIC_D05,20230731,20230801,0.5432595573440644,497,Composite_RollingRankIC,5
Composite_RollingRankIC_D05,20230831,20230901,0.6280000000000001,500,Composite_RollingRankIC,5
Composite_RollingRankIC_D05,20230928,20231009,0.4900398406374502,502,Composite_RollingRankIC,5
Composite_RollingRankIC_D05,20231031,20231101,0.47023809523809523,504,Composite_RollingRankIC,5
Composite_RollingRankIC_D05,20231130,20231201,0.5564356435643565,505,Composite_RollingRankIC,5
Composite_RollingRankIC_D05,20231229,20240102,0.4861660079051382,506,Composite_RollingRankIC,5
Composite_RollingRankIC_D05,20240131,20240201,0.45472440944881887,508,Composite_RollingRankIC,5
Composite_RollingRankIC_D05,20240229,20240301,0.6149312377210217,509,Composite_RollingRankIC,5
Composite_RollingRankIC_D05,20240329,20240401,0.5588235294117647,510,Composite_RollingRankIC,5
Composite_RollingRankIC_D05,20240430,20240506,0.7156862745098038,507,Composite_RollingRankIC,5
Composite_RollingRankIC_D05,20240531,20240603,0.6208251473477407,509,Composite_RollingRankIC,5
Composite_RollingRankIC_D05,20240628,20240701,0.6784313725490195,510,Composite_RollingRankIC,5
Composite_RollingRankIC_D05,20240731,20240801,0.6372549019607843,510,Composite_RollingRankIC,5
Composite_RollingRankIC_D05,20240830,20240902,0.6692759295499022,511,Composite_RollingRankIC,5
Composite_RollingRankIC_D05,20240930,20241008,0.7142857142857142,511,Composite_RollingRankIC,5
Composite_RollingRankIC_D05,20241031,20241101,0.6947162426614482,511,Composite_RollingRankIC,5
Composite_RollingRankIC_D05,20241129,20241202,0.6120857699805068,513,Composite_RollingRankIC,5
Composite_RollingRankIC_D05,20241231,20250102,0.603112840466926,514,Composite_RollingRankIC,5
Composite_RollingRankIC_D05,20250127,20250205,0.6162790697674418,516,Composite_RollingRankIC,5
Composite_RollingRankIC_D05,20250228,20250303,0.5794573643410853,515,Composite_RollingRankIC,5
Composite_RollingRankIC_D05,20250331,20250401,0.5290697674418604,516,Composite_RollingRankIC,5
Composite_RollingRankIC_D05,20250430,20250506,0.7325581395348837,513,Composite_RollingRankIC,5
Composite_RollingRankIC_D05,20250530,20250603,0.5949612403100775,516,Composite_RollingRankIC,5
Composite_RollingRankIC_D05,20250630,20250701,0.6003861003861004,518,Composite_RollingRankIC,5
Composite_RollingRankIC_D05,20250731,20250801,0.6223506743737958,519,Composite_RollingRankIC,5
Composite_RollingRankIC_D05,20250829,20250901,0.7346153846153847,520,Composite_RollingRankIC,5
Composite_RollingRankIC_D05,20250930,20251009,0.7192307692307693,520,Composite_RollingRankIC,5
Composite_RollingRankIC_D05,20251031,20251103,0.5988483685220731,521,Composite_RollingRankIC,5
Composite_RollingRankIC_D05,20251128,20251201,0.5977011494252873,522,Composite_RollingRankIC,5
Composite_RollingRankIC_D05,20251231,20260105,0.5544933078393882,523,Composite_RollingRankIC,5
Composite_RollingRankIC_D05,20260130,20260202,0.6145038167938931,524,Composite_RollingRankIC,5
Composite_RollingRankIC_D05,20260227,20260302,0.46768060836501896,526,Composite_RollingRankIC,5
Composite_RollingRankIC_D05,20260331,20260401,0.5779467680608364,526,Composite_RollingRankIC,5
Composite_RollingRankIC_D05,20260430,20260506,0.6268939393939393,528,Composite_RollingRankIC,5
Composite_RollingRankIC_D05,20260529,20260601,0.5274102079395085,529,Composite_RollingRankIC,5
Composite_RollingRankIC_D05,20260630,20260701,0.5822306238185256,529,Composite_RollingRankIC,5
Composite_RollingRankIC_D06,20220128,20220207,1.0,442,Composite_RollingRankIC,6
Composite_RollingRankIC_D06,20220228,20220301,0.7123595505617979,445,Composite_RollingRankIC,6
Composite_RollingRankIC_D06,20220331,20220401,0.703125,448,Composite_RollingRankIC,6
Composite_RollingRankIC_D06,20220429,20220505,0.8415178571428571,443,Composite_RollingRankIC,6
Composite_RollingRankIC_D06,20220531,20220601,0.7327394209354119,449,Composite_RollingRankIC,6
Composite_RollingRankIC_D06,20220630,20220701,0.747787610619469,452,Composite_RollingRankIC,6
Composite_RollingRankIC_D06,20220729,20220801,0.8945054945054944,455,Composite_RollingRankIC,6
Composite_RollingRankIC_D06,20220831,20220901,0.8217391304347827,460,Composite_RollingRankIC,6
Composite_RollingRankIC_D06,20220930,20221010,0.7274678111587984,466,Composite_RollingRankIC,6
Composite_RollingRankIC_D06,20221031,20221101,0.7014925373134328,469,Composite_RollingRankIC,6
Composite_RollingRankIC_D06,20221130,20221201,0.7272727272727273,473,Composite_RollingRankIC,6
Composite_RollingRankIC_D06,20221230,20230103,0.6659619450317125,473,Composite_RollingRankIC,6
Composite_RollingRankIC_D06,20230131,20230201,0.686847599164927,479,Composite_RollingRankIC,6
Composite_RollingRankIC_D06,20230228,20230301,0.6985446985446986,481,Composite_RollingRankIC,6
Composite_RollingRankIC_D06,20230331,20230403,0.663917525773196,485,Composite_RollingRankIC,6
Composite_RollingRankIC_D06,20230428,20230504,0.6288659793814433,482,Composite_RollingRankIC,6
Composite_RollingRankIC_D06,20230531,20230601,0.6912065439672802,489,Composite_RollingRankIC,6
Composite_RollingRankIC_D06,20230630,20230703,0.6639676113360322,494,Composite_RollingRankIC,6
Composite_RollingRankIC_D06,20230731,20230801,0.5403225806451613,496,Composite_RollingRankIC,6
Composite_RollingRankIC_D06,20230831,20230901,0.6000000000000001,500,Composite_RollingRankIC,6
Composite_RollingRankIC_D06,20230928,20231009,0.4610778443113773,501,Composite_RollingRankIC,6
Composite_RollingRankIC_D06,20231031,20231101,0.4731610337972167,503,Composite_RollingRankIC,6
Composite_RollingRankIC_D06,20231130,20231201,0.6039603960396039,505,Composite_RollingRankIC,6
Composite_RollingRankIC_D06,20231229,20240102,0.5207100591715976,507,Composite_RollingRankIC,6
Composite_RollingRankIC_D06,20240131,20240201,0.4577603143418468,509,Composite_RollingRankIC,6
Composite_RollingRankIC_D06,20240229,20240301,0.6267190569744597,509,Composite_RollingRankIC,6
Composite_RollingRankIC_D06,20240329,20240401,0.5509803921568627,510,Composite_RollingRankIC,6
Composite_RollingRankIC_D06,20240430,20240506,0.6764705882352939,506,Composite_RollingRankIC,6
Composite_RollingRankIC_D06,20240531,20240603,0.6502946954813359,509,Composite_RollingRankIC,6
Composite_RollingRankIC_D06,20240628,20240701,0.692156862745098,510,Composite_RollingRankIC,6
Composite_RollingRankIC_D06,20240731,20240801,0.6607843137254901,510,Composite_RollingRankIC,6
Composite_RollingRankIC_D06,20240830,20240902,0.6941176470588235,510,Composite_RollingRankIC,6
Composite_RollingRankIC_D06,20240930,20241008,0.7025440313111546,511,Composite_RollingRankIC,6
Composite_RollingRankIC_D06,20241031,20241101,0.6953125,512,Composite_RollingRankIC,6
Composite_RollingRankIC_D06,20241129,20241202,0.5984405458089669,513,Composite_RollingRankIC,6
Composite_RollingRankIC_D06,20241231,20250102,0.6089494163424124,514,Composite_RollingRankIC,6
Composite_RollingRankIC_D06,20250127,20250205,0.6077669902912621,515,Composite_RollingRankIC,6
Composite_RollingRankIC_D06,20250228,20250303,0.5620155038759689,516,Composite_RollingRankIC,6
Composite_RollingRankIC_D06,20250331,20250401,0.5445736434108528,516,Composite_RollingRankIC,6
Composite_RollingRankIC_D06,20250430,20250506,0.7054263565891472,513,Composite_RollingRankIC,6
Composite_RollingRankIC_D06,20250530,20250603,0.6472868217054264,516,Composite_RollingRankIC,6
Composite_RollingRankIC_D06,20250630,20250701,0.6042471042471043,518,Composite_RollingRankIC,6
Composite_RollingRankIC_D06,20250731,20250801,0.6743737957610789,519,Composite_RollingRankIC,6
Composite_RollingRankIC_D06,20250829,20250901,0.7398843930635838,519,Composite_RollingRankIC,6
Composite_RollingRankIC_D06,20250930,20251009,0.7153846153846154,520,Composite_RollingRankIC,6
Composite_RollingRankIC_D06,20251031,20251103,0.5873320537428024,521,Composite_RollingRankIC,6
Composite_RollingRankIC_D06,20251128,20251201,0.6084452975047985,521,Composite_RollingRankIC,6
Composite_RollingRankIC_D06,20251231,20260105,0.5391969407265775,523,Composite_RollingRankIC,6
Composite_RollingRankIC_D06,20260130,20260202,0.6297709923664123,524,Composite_RollingRankIC,6
Composite_RollingRankIC_D06,20260227,20260302,0.4933333333333334,525,Composite_RollingRankIC,6
Composite_RollingRankIC_D06,20260331,20260401,0.6342857142857145,525,Composite_RollingRankIC,6
Composite_RollingRankIC_D06,20260430,20260506,0.6375711574952561,527,Composite_RollingRankIC,6
Composite_RollingRankIC_D06,20260529,20260601,0.5463137996219283,529,Composite_RollingRankIC,6
Composite_RollingRankIC_D06,20260630,20260701,0.5538752362948961,529,Composite_RollingRankIC,6
Composite_RollingRankIC_D07,20220128,20220207,1.0,443,Composite_RollingRankIC,7
Composite_RollingRankIC_D07,20220228,20220301,0.6644144144144144,444,Composite_RollingRankIC,7
Composite_RollingRankIC_D07,20220331,20220401,0.700892857142857,448,Composite_RollingRankIC,7
Composite_RollingRankIC_D07,20220429,20220505,0.8303571428571428,443,Composite_RollingRankIC,7
Composite_RollingRankIC_D07,20220531,20220601,0.7422222222222222,450,Composite_RollingRankIC,7
Composite_RollingRankIC_D07,20220630,20220701,0.7190265486725664,452,Composite_RollingRankIC,7
Composite_RollingRankIC_D07,20220729,20220801,0.881578947368421,456,Composite_RollingRankIC,7
Composite_RollingRankIC_D07,20220831,20220901,0.824295010845987,461,Composite_RollingRankIC,7
Composite_RollingRankIC_D07,20220930,20221010,0.7032258064516129,465,Composite_RollingRankIC,7
Composite_RollingRankIC_D07,20221031,20221101,0.6623931623931624,468,Composite_RollingRankIC,7
Composite_RollingRankIC_D07,20221130,20221201,0.6864406779661019,472,Composite_RollingRankIC,7
Composite_RollingRankIC_D07,20221230,20230103,0.6652542372881357,472,Composite_RollingRankIC,7
Composite_RollingRankIC_D07,20230131,20230201,0.6757322175732217,478,Composite_RollingRankIC,7
Composite_RollingRankIC_D07,20230228,20230301,0.6819126819126818,481,Composite_RollingRankIC,7
Composite_RollingRankIC_D07,20230331,20230403,0.6549586776859504,484,Composite_RollingRankIC,7
Composite_RollingRankIC_D07,20230428,20230504,0.6136363636363635,482,Composite_RollingRankIC,7
Composite_RollingRankIC_D07,20230531,20230601,0.6809815950920246,489,Composite_RollingRankIC,7
Composite_RollingRankIC_D07,20230630,20230703,0.6457489878542508,494,Composite_RollingRankIC,7
Composite_RollingRankIC_D07,20230731,20230801,0.5653923541247484,497,Composite_RollingRankIC,7
Composite_RollingRankIC_D07,20230831,20230901,0.5900000000000001,500,Composite_RollingRankIC,7
Composite_RollingRankIC_D07,20230928,20231009,0.44023904382470114,502,Composite_RollingRankIC,7
Composite_RollingRankIC_D07,20231031,20231101,0.46719681908548716,503,Composite_RollingRankIC,7
Composite_RollingRankIC_D07,20231130,20231201,0.596039603960396,505,Composite_RollingRankIC,7
Composite_RollingRankIC_D07,20231229,20240102,0.5138339920948616,506,Composite_RollingRankIC,7
Composite_RollingRankIC_D07,20240131,20240201,0.4625984251968503,508,Composite_RollingRankIC,7
Composite_RollingRankIC_D07,20240229,20240301,0.6090373280943024,509,Composite_RollingRankIC,7
Composite_RollingRankIC_D07,20240329,20240401,0.5333333333333333,510,Composite_RollingRankIC,7
Composite_RollingRankIC_D07,20240430,20240506,0.7039215686274508,506,Composite_RollingRankIC,7
Composite_RollingRankIC_D07,20240531,20240603,0.6509803921568627,510,Composite_RollingRankIC,7
Composite_RollingRankIC_D07,20240628,20240701,0.6980392156862745,510,Composite_RollingRankIC,7
Composite_RollingRankIC_D07,20240731,20240801,0.6509803921568628,510,Composite_RollingRankIC,7
Composite_RollingRankIC_D07,20240830,20240902,0.6457925636007827,511,Composite_RollingRankIC,7
Composite_RollingRankIC_D07,20240930,20241008,0.6927592954990215,511,Composite_RollingRankIC,7
Composite_RollingRankIC_D07,20241031,20241101,0.6868884540117417,511,Composite_RollingRankIC,7
Composite_RollingRankIC_D07,20241129,20241202,0.5555555555555556,513,Composite_RollingRankIC,7
Composite_RollingRankIC_D07,20241231,20250102,0.5399610136452242,513,Composite_RollingRankIC,7
Composite_RollingRankIC_D07,20250127,20250205,0.62984496124031,516,Composite_RollingRankIC,7
Composite_RollingRankIC_D07,20250228,20250303,0.571705426356589,515,Composite_RollingRankIC,7
Composite_RollingRankIC_D07,20250331,20250401,0.5135658914728682,516,Composite_RollingRankIC,7
Composite_RollingRankIC_D07,20250430,20250506,0.7248062015503876,512,Composite_RollingRankIC,7
Composite_RollingRankIC_D07,20250530,20250603,0.624031007751938,516,Composite_RollingRankIC,7
Composite_RollingRankIC_D07,20250630,20250701,0.5752895752895753,518,Composite_RollingRankIC,7
Composite_RollingRankIC_D07,20250731,20250801,0.6088631984585742,519,Composite_RollingRankIC,7
Composite_RollingRankIC_D07,20250829,20250901,0.722543352601156,519,Composite_RollingRankIC,7
Composite_RollingRankIC_D07,20250930,20251009,0.698076923076923,520,Composite_RollingRankIC,7
Composite_RollingRankIC_D07,20251031,20251103,0.6238003838771594,521,Composite_RollingRankIC,7
Composite_RollingRankIC_D07,20251128,20251201,0.564299424184261,521,Composite_RollingRankIC,7
Composite_RollingRankIC_D07,20251231,20260105,0.5171755725190839,524,Composite_RollingRankIC,7
Composite_RollingRankIC_D07,20260130,20260202,0.6000000000000001,525,Composite_RollingRankIC,7
Composite_RollingRankIC_D07,20260227,20260302,0.4400000000000001,525,Composite_RollingRankIC,7
Composite_RollingRankIC_D07,20260331,20260401,0.5874524714828897,526,Composite_RollingRankIC,7
Composite_RollingRankIC_D07,20260430,20260506,0.6129032258064515,527,Composite_RollingRankIC,7
Composite_RollingRankIC_D07,20260529,20260601,0.5198487712665407,529,Composite_RollingRankIC,7
Composite_RollingRankIC_D07,20260630,20260701,0.5633270321361059,529,Composite_RollingRankIC,7
Composite_RollingRankIC_D08,20220128,20220207,1.0,442,Composite_RollingRankIC,8
Composite_RollingRankIC_D08,20220228,20220301,0.6494382022471912,445,Composite_RollingRankIC,8
Composite_RollingRankIC_D08,20220331,20220401,0.6785714285714286,448,Composite_RollingRankIC,8
Composite_RollingRankIC_D08,20220429,20220505,0.8013392857142857,443,Composite_RollingRankIC,8
Composite_RollingRankIC_D08,20220531,20220601,0.7088888888888889,450,Composite_RollingRankIC,8
Composite_RollingRankIC_D08,20220630,20220701,0.6843267108167772,453,Composite_RollingRankIC,8
Composite_RollingRankIC_D08,20220729,20220801,0.8659340659340659,455,Composite_RollingRankIC,8
Composite_RollingRankIC_D08,20220831,20220901,0.7960954446854662,461,Composite_RollingRankIC,8
Composite_RollingRankIC_D08,20220930,20221010,0.6416309012875536,466,Composite_RollingRankIC,8
Composite_RollingRankIC_D08,20221031,20221101,0.5735607675906182,469,Composite_RollingRankIC,8
Composite_RollingRankIC_D08,20221130,20221201,0.627906976744186,473,Composite_RollingRankIC,8
Composite_RollingRankIC_D08,20221230,20230103,0.5517970401691332,473,Composite_RollingRankIC,8
Composite_RollingRankIC_D08,20230131,20230201,0.6346555323590816,479,Composite_RollingRankIC,8
Composite_RollingRankIC_D08,20230228,20230301,0.6486486486486487,481,Composite_RollingRankIC,8
Composite_RollingRankIC_D08,20230331,20230403,0.5855670103092784,485,Composite_RollingRankIC,8
Composite_RollingRankIC_D08,20230428,20230504,0.5752577319587628,483,Composite_RollingRankIC,8
Composite_RollingRankIC_D08,20230531,20230601,0.6421267893660532,489,Composite_RollingRankIC,8
Composite_RollingRankIC_D08,20230630,20230703,0.6133603238866396,494,Composite_RollingRankIC,8
Composite_RollingRankIC_D08,20230731,20230801,0.511066398390342,497,Composite_RollingRankIC,8
Composite_RollingRankIC_D08,20230831,20230901,0.5460000000000002,500,Composite_RollingRankIC,8
Composite_RollingRankIC_D08,20230928,20231009,0.38446215139442225,502,Composite_RollingRankIC,8
Composite_RollingRankIC_D08,20231031,20231101,0.4194831013916501,503,Composite_RollingRankIC,8
Composite_RollingRankIC_D08,20231130,20231201,0.5168316831683168,505,Composite_RollingRankIC,8
Composite_RollingRankIC_D08,20231229,20240102,0.4635108481262328,507,Composite_RollingRankIC,8
Composite_RollingRankIC_D08,20240131,20240201,0.40471512770137524,509,Composite_RollingRankIC,8
Composite_RollingRankIC_D08,20240229,20240301,0.5618860510805501,509,Composite_RollingRankIC,8
Composite_RollingRankIC_D08,20240329,20240401,0.4803921568627451,510,Composite_RollingRankIC,8
Composite_RollingRankIC_D08,20240430,20240506,0.6607843137254901,507,Composite_RollingRankIC,8
Composite_RollingRankIC_D08,20240531,20240603,0.6326129666011788,509,Composite_RollingRankIC,8
Composite_RollingRankIC_D08,20240628,20240701,0.6568627450980391,510,Composite_RollingRankIC,8
Composite_RollingRankIC_D08,20240731,20240801,0.5901960784313725,510,Composite_RollingRankIC,8
Composite_RollingRankIC_D08,20240830,20240902,0.6203522504892367,511,Composite_RollingRankIC,8
Composite_RollingRankIC_D08,20240930,20241008,0.639921722113503,511,Composite_RollingRankIC,8
Composite_RollingRankIC_D08,20241031,20241101,0.611328125,512,Composite_RollingRankIC,8
Composite_RollingRankIC_D08,20241129,20241202,0.49317738791423,513,Composite_RollingRankIC,8
Composite_RollingRankIC_D08,20241231,20250102,0.5097276264591439,514,Composite_RollingRankIC,8
Composite_RollingRankIC_D08,20250127,20250205,0.5766990291262137,515,Composite_RollingRankIC,8
Composite_RollingRankIC_D08,20250228,20250303,0.5290697674418604,516,Composite_RollingRankIC,8
Composite_RollingRankIC_D08,20250331,20250401,0.4612403100775194,516,Composite_RollingRankIC,8
Composite_RollingRankIC_D08,20250430,20250506,0.6531007751937985,513,Composite_RollingRankIC,8
Composite_RollingRankIC_D08,20250530,20250603,0.5542635658914729,516,Composite_RollingRankIC,8
Composite_RollingRankIC_D08,20250630,20250701,0.5714285714285714,518,Composite_RollingRankIC,8
Composite_RollingRankIC_D08,20250731,20250801,0.581888246628131,519,Composite_RollingRankIC,8
Composite_RollingRankIC_D08,20250829,20250901,0.7013487475915221,519,Composite_RollingRankIC,8
Composite_RollingRankIC_D08,20250930,20251009,0.698076923076923,520,Composite_RollingRankIC,8
Composite_RollingRankIC_D08,20251031,20251103,0.5470249520153552,521,Composite_RollingRankIC,8
Composite_RollingRankIC_D08,20251128,20251201,0.5019157088122604,522,Composite_RollingRankIC,8
Composite_RollingRankIC_D08,20251231,20260105,0.45697896749521993,523,Composite_RollingRankIC,8
Composite_RollingRankIC_D08,20260130,20260202,0.5248091603053435,524,Composite_RollingRankIC,8
Composite_RollingRankIC_D08,20260227,20260302,0.3638095238095238,525,Composite_RollingRankIC,8
Composite_RollingRankIC_D08,20260331,20260401,0.520912547528517,526,Composite_RollingRankIC,8
Composite_RollingRankIC_D08,20260430,20260506,0.5749525616698292,527,Composite_RollingRankIC,8
Composite_RollingRankIC_D08,20260529,20260601,0.49716446124763713,529,Composite_RollingRankIC,8
Composite_RollingRankIC_D08,20260630,20260701,0.5444234404536863,529,Composite_RollingRankIC,8
Composite_RollingRankIC_D09,20220128,20220207,1.0,442,Composite_RollingRankIC,9
Composite_RollingRankIC_D09,20220228,20220301,0.5585585585585586,444,Composite_RollingRankIC,9
Composite_RollingRankIC_D09,20220331,20220401,0.5803571428571428,448,Composite_RollingRankIC,9
Composite_RollingRankIC_D09,20220429,20220505,0.7611607142857142,443,Composite_RollingRankIC,9
Composite_RollingRankIC_D09,20220531,20220601,0.6488888888888888,450,Composite_RollingRankIC,9
Composite_RollingRankIC_D09,20220630,20220701,0.6194690265486726,452,Composite_RollingRankIC,9
Composite_RollingRankIC_D09,20220729,20220801,0.8662280701754387,456,Composite_RollingRankIC,9
Composite_RollingRankIC_D09,20220831,20220901,0.7418655097613882,461,Composite_RollingRankIC,9
Composite_RollingRankIC_D09,20220930,20221010,0.5505376344086022,465,Composite_RollingRankIC,9
Composite_RollingRankIC_D09,20221031,20221101,0.4572649572649572,468,Composite_RollingRankIC,9
Composite_RollingRankIC_D09,20221130,20221201,0.5433403805496828,473,Composite_RollingRankIC,9
Composite_RollingRankIC_D09,20221230,20230103,0.4651162790697674,473,Composite_RollingRankIC,9
Composite_RollingRankIC_D09,20230131,20230201,0.502092050209205,478,Composite_RollingRankIC,9
Composite_RollingRankIC_D09,20230228,20230301,0.5072765072765073,481,Composite_RollingRankIC,9
Composite_RollingRankIC_D09,20230331,20230403,0.4235537190082645,484,Composite_RollingRankIC,9
Composite_RollingRankIC_D09,20230428,20230504,0.4607438016528925,482,Composite_RollingRankIC,9
Composite_RollingRankIC_D09,20230531,20230601,0.5214723926380368,489,Composite_RollingRankIC,9
Composite_RollingRankIC_D09,20230630,20230703,0.5404858299595141,494,Composite_RollingRankIC,9
Composite_RollingRankIC_D09,20230731,20230801,0.3943661971830985,497,Composite_RollingRankIC,9
Composite_RollingRankIC_D09,20230831,20230901,0.4060000000000001,500,Composite_RollingRankIC,9
Composite_RollingRankIC_D09,20230928,20231009,0.31274900398406374,502,Composite_RollingRankIC,9
Composite_RollingRankIC_D09,20231031,20231101,0.3180914512922466,503,Composite_RollingRankIC,9
Composite_RollingRankIC_D09,20231130,20231201,0.43960396039603955,505,Composite_RollingRankIC,9
Composite_RollingRankIC_D09,20231229,20240102,0.3675889328063241,506,Composite_RollingRankIC,9
Composite_RollingRankIC_D09,20240131,20240201,0.30118110236220463,508,Composite_RollingRankIC,9
Composite_RollingRankIC_D09,20240229,20240301,0.4538310412573674,509,Composite_RollingRankIC,9
Composite_RollingRankIC_D09,20240329,20240401,0.3784313725490196,510,Composite_RollingRankIC,9
Composite_RollingRankIC_D09,20240430,20240506,0.48823529411764693,506,Composite_RollingRankIC,9
Composite_RollingRankIC_D09,20240531,20240603,0.5677799607072691,509,Composite_RollingRankIC,9
Composite_RollingRankIC_D09,20240628,20240701,0.5862745098039216,510,Composite_RollingRankIC,9
Composite_RollingRankIC_D09,20240731,20240801,0.49019607843137253,510,Composite_RollingRankIC,9
Composite_RollingRankIC_D09,20240830,20240902,0.5068493150684932,511,Composite_RollingRankIC,9
Composite_RollingRankIC_D09,20240930,20241008,0.5362035225048923,511,Composite_RollingRankIC,9
Composite_RollingRankIC_D09,20241031,20241101,0.5244618395303327,511,Composite_RollingRankIC,9
Composite_RollingRankIC_D09,20241129,20241202,0.38596491228070173,513,Composite_RollingRankIC,9
Composite_RollingRankIC_D09,20241231,20250102,0.4124513618677042,514,Composite_RollingRankIC,9
Composite_RollingRankIC_D09,20250127,20250205,0.4844961240310078,516,Composite_RollingRankIC,9
Composite_RollingRankIC_D09,20250228,20250303,0.40697674418604646,515,Composite_RollingRankIC,9
Composite_RollingRankIC_D09,20250331,20250401,0.3740310077519379,516,Composite_RollingRankIC,9
Composite_RollingRankIC_D09,20250430,20250506,0.5755813953488371,513,Composite_RollingRankIC,9
Composite_RollingRankIC_D09,20250530,20250603,0.49806201550387597,516,Composite_RollingRankIC,9
Composite_RollingRankIC_D09,20250630,20250701,0.48069498069498073,518,Composite_RollingRankIC,9
Composite_RollingRankIC_D09,20250731,20250801,0.47398843930635837,519,Composite_RollingRankIC,9
Composite_RollingRankIC_D09,20250829,20250901,0.6242774566473988,519,Composite_RollingRankIC,9
Composite_RollingRankIC_D09,20250930,20251009,0.5653846153846154,520,Composite_RollingRankIC,9
Composite_RollingRankIC_D09,20251031,20251103,0.4625719769673705,521,Composite_RollingRankIC,9
Composite_RollingRankIC_D09,20251128,20251201,0.3973128598848369,521,Composite_RollingRankIC,9
Composite_RollingRankIC_D09,20251231,20260105,0.36902485659655837,523,Composite_RollingRankIC,9
Composite_RollingRankIC_D09,20260130,20260202,0.4389312977099237,524,Composite_RollingRankIC,9
Composite_RollingRankIC_D09,20260227,20260302,0.28380952380952384,525,Composite_RollingRankIC,9
Composite_RollingRankIC_D09,20260331,20260401,0.42015209125475284,526,Composite_RollingRankIC,9
Composite_RollingRankIC_D09,20260430,20260506,0.4573055028462998,527,Composite_RollingRankIC,9
Composite_RollingRankIC_D09,20260529,20260601,0.3969754253308129,529,Composite_RollingRankIC,9
Composite_RollingRankIC_D09,20260630,20260701,0.448015122873346,529,Composite_RollingRankIC,9
Composite_RollingRankIC_D10,20220128,20220207,1.0,443,Composite_RollingRankIC,10
Composite_RollingRankIC_D10,20220228,20220301,0.34606741573033706,445,Composite_RollingRankIC,10
Composite_RollingRankIC_D10,20220331,20220401,0.3794642857142857,448,Composite_RollingRankIC,10
Composite_RollingRankIC_D10,20220429,20220505,0.5825892857142856,443,Composite_RollingRankIC,10
Composite_RollingRankIC_D10,20220531,20220601,0.4177777777777777,450,Composite_RollingRankIC,10
Composite_RollingRankIC_D10,20220630,20220701,0.35761589403973515,453,Composite_RollingRankIC,10
Composite_RollingRankIC_D10,20220729,20220801,0.8004385964912282,456,Composite_RollingRankIC,10
Composite_RollingRankIC_D10,20220831,20220901,0.6420824295010845,461,Composite_RollingRankIC,10
Composite_RollingRankIC_D10,20220930,20221010,0.32188841201716734,466,Composite_RollingRankIC,10
Composite_RollingRankIC_D10,20221031,20221101,0.279317697228145,469,Composite_RollingRankIC,10
Composite_RollingRankIC_D10,20221130,20221201,0.3382663847780127,473,Composite_RollingRankIC,10
Composite_RollingRankIC_D10,20221230,20230103,0.2684989429175476,473,Composite_RollingRankIC,10
Composite_RollingRankIC_D10,20230131,20230201,0.2693110647181629,479,Composite_RollingRankIC,10
Composite_RollingRankIC_D10,20230228,20230301,0.25933609958506215,482,Composite_RollingRankIC,10
Composite_RollingRankIC_D10,20230331,20230403,0.24742268041237112,485,Composite_RollingRankIC,10
Composite_RollingRankIC_D10,20230428,20230504,0.20618556701030932,483,Composite_RollingRankIC,10
Composite_RollingRankIC_D10,20230531,20230601,0.3108384458077709,489,Composite_RollingRankIC,10
Composite_RollingRankIC_D10,20230630,20230703,0.2975708502024291,494,Composite_RollingRankIC,10
Composite_RollingRankIC_D10,20230731,20230801,0.20120724346076455,497,Composite_RollingRankIC,10
Composite_RollingRankIC_D10,20230831,20230901,0.1956087824351298,501,Composite_RollingRankIC,10
Composite_RollingRankIC_D10,20230928,20231009,0.14541832669322705,502,Composite_RollingRankIC,10
Composite_RollingRankIC_D10,20231031,20231101,0.1349206349206349,504,Composite_RollingRankIC,10
Composite_RollingRankIC_D10,20231130,20231201,0.2376237623762376,505,Composite_RollingRankIC,10
Composite_RollingRankIC_D10,20231229,20240102,0.14201183431952663,507,Composite_RollingRankIC,10
Composite_RollingRankIC_D10,20240131,20240201,0.13555992141453838,509,Composite_RollingRankIC,10
Composite_RollingRankIC_D10,20240229,20240301,0.22396856581532418,509,Composite_RollingRankIC,10
Composite_RollingRankIC_D10,20240329,20240401,0.16078431372549015,510,Composite_RollingRankIC,10
Composite_RollingRankIC_D10,20240430,20240506,0.27450980392156865,507,Composite_RollingRankIC,10
Composite_RollingRankIC_D10,20240531,20240603,0.2705882352941177,510,Composite_RollingRankIC,10
Composite_RollingRankIC_D10,20240628,20240701,0.30919765166340507,511,Composite_RollingRankIC,10
Composite_RollingRankIC_D10,20240731,20240801,0.27984344422700586,510,Composite_RollingRankIC,10
Composite_RollingRankIC_D10,20240830,20240902,0.25636007827788654,511,Composite_RollingRankIC,10
Composite_RollingRankIC_D10,20240930,20241008,0.299412915851272,511,Composite_RollingRankIC,10
Composite_RollingRankIC_D10,20241031,20241101,0.296875,512,Composite_RollingRankIC,10
Composite_RollingRankIC_D10,20241129,20241202,0.19493177387914232,513,Composite_RollingRankIC,10
Composite_RollingRankIC_D10,20241231,20250102,0.19066147859922175,514,Composite_RollingRankIC,10
Composite_RollingRankIC_D10,20250127,20250205,0.22674418604651164,516,Composite_RollingRankIC,10
Composite_RollingRankIC_D10,20250228,20250303,0.17054263565891475,516,Composite_RollingRankIC,10
Composite_RollingRankIC_D10,20250331,20250401,0.1627906976744186,516,Composite_RollingRankIC,10
Composite_RollingRankIC_D10,20250430,20250506,0.37790697674418605,513,Composite_RollingRankIC,10
Composite_RollingRankIC_D10,20250530,20250603,0.2577519379844961,516,Composite_RollingRankIC,10
Composite_RollingRankIC_D10,20250630,20250701,0.25675675675675674,518,Composite_RollingRankIC,10
Composite_RollingRankIC_D10,20250731,20250801,0.23121387283236994,519,Composite_RollingRankIC,10
Composite_RollingRankIC_D10,20250829,20250901,0.3557692307692308,520,Composite_RollingRankIC,10
Composite_RollingRankIC_D10,20250930,20251009,0.2859884836852208,521,Composite_RollingRankIC,10
Composite_RollingRankIC_D10,20251031,20251103,0.19961612284069097,521,Composite_RollingRankIC,10
Composite_RollingRankIC_D10,20251128,20251201,0.18199233716475094,522,Composite_RollingRankIC,10
Composite_RollingRankIC_D10,20251231,20260105,0.1564885496183206,524,Composite_RollingRankIC,10
Composite_RollingRankIC_D10,20260130,20260202,0.2095238095238095,525,Composite_RollingRankIC,10
Composite_RollingRankIC_D10,20260227,20260302,0.11216730038022815,526,Composite_RollingRankIC,10
Composite_RollingRankIC_D10,20260331,20260401,0.1730038022813688,526,Composite_RollingRankIC,10
Composite_RollingRankIC_D10,20260430,20260506,0.21212121212121207,528,Composite_RollingRankIC,10
Composite_RollingRankIC_D10,20260529,20260601,0.19470699432892247,529,Composite_RollingRankIC,10
Composite_RollingRankIC_D10,20260630,20260701,0.19811320754716982,530,Composite_RollingRankIC,10
