composite_factor,trade_date,bucket,average_forward_return,stock_count
Composite_Equal,20220128,1,0.05981779380446366,442
Composite_Equal,20220128,2,0.04735694923944658,442
Composite_Equal,20220128,3,0.045184144089902054,442
Composite_Equal,20220128,4,0.042086416583189956,443
Composite_Equal,20220128,5,0.03507246161273485,442
Composite_Equal,20220128,6,0.02864969248395448,442
Composite_Equal,20220128,7,0.02929992796346945,443
Composite_Equal,20220128,8,0.0317060289163252,442
Composite_Equal,20220128,9,0.026111056743011996,442
Composite_Equal,20220128,10,0.027356963206245085,443
Composite_Equal,20220228,1,-0.06411149491236312,444
Composite_Equal,20220228,2,-0.0759225052644691,445
Composite_Equal,20220228,3,-0.070416470757475,444
Composite_Equal,20220228,4,-0.0745453913612979,445
Composite_Equal,20220228,5,-0.07340003629152174,444
Composite_Equal,20220228,6,-0.06738381002074789,445
Composite_Equal,20220228,7,-0.06679008990869262,444
Composite_Equal,20220228,8,-0.06848024655690703,445
Composite_Equal,20220228,9,-0.055521950822623053,444
Composite_Equal,20220228,10,-0.05235964777014692,445
Composite_Equal,20220331,1,-0.16572426473999385,447
Composite_Equal,20220331,2,-0.14697878984041954,448
Composite_Equal,20220331,3,-0.13593538058942048,448
Composite_Equal,20220331,4,-0.13594894428073317,448
Composite_Equal,20220331,5,-0.13302716904410258,448
Composite_Equal,20220331,6,-0.12368433679668435,448
Composite_Equal,20220331,7,-0.12502924215419708,447
Composite_Equal,20220331,8,-0.12161274347525917,448
Composite_Equal,20220331,9,-0.12213312140800867,448
Composite_Equal,20220331,10,-0.13568251650508176,448
Composite_Equal,20220429,1,0.12263298115333446,440
Composite_Equal,20220429,2,0.12226070670885426,442
Composite_Equal,20220429,3,0.11300641460088615,443
Composite_Equal,20220429,4,0.10781563298947165,443
Composite_Equal,20220429,5,0.10367369759963432,443
Composite_Equal,20220429,6,0.0996001462626846,443
Composite_Equal,20220429,7,0.08875105213425764,443
Composite_Equal,20220429,8,0.08544321814467416,443
Composite_Equal,20220429,9,0.07712080100491775,443
Composite_Equal,20220429,10,0.058702233365917615,443
Composite_Equal,20220531,1,0.08791505126669667,442
Composite_Equal,20220531,2,0.0845522486854404,450
Composite_Equal,20220531,3,0.07981038047699239,449
Composite_Equal,20220531,4,0.07492523768974221,450
Composite_Equal,20220531,5,0.08964073302447234,449
Composite_Equal,20220531,6,0.06771518132764812,448
Composite_Equal,20220531,7,0.07402772548212391,450
Composite_Equal,20220531,8,0.06453098079889624,449
Composite_Equal,20220531,9,0.050989313320393276,450
Composite_Equal,20220531,10,0.04911162188699043,450
Composite_Equal,20220630,1,0.04051167400734113,450
Composite_Equal,20220630,2,0.03532778850141107,452
Composite_Equal,20220630,3,0.03383160548653578,451
Composite_Equal,20220630,4,0.034666856124692724,452
Composite_Equal,20220630,5,0.044868969130721435,453
Composite_Equal,20220630,6,0.042698111270274786,452
Composite_Equal,20220630,7,0.03816482527519766,451
Composite_Equal,20220630,8,0.041836199231702724,452
Composite_Equal,20220630,9,0.03921504840255954,452
Composite_Equal,20220630,10,0.025050069172266137,453
Composite_Equal,20220729,1,-0.03629067612439939,455
Composite_Equal,20220729,2,-0.028514146819182174,456
Composite_Equal,20220729,3,-0.04166528644097101,455
Composite_Equal,20220729,4,-0.03442877379236477,456
Composite_Equal,20220729,5,-0.03772736323589105,456
Composite_Equal,20220729,6,-0.04011633008412806,455
Composite_Equal,20220729,7,-0.031065853544251863,456
Composite_Equal,20220729,8,-0.04958380965028272,455
Composite_Equal,20220729,9,-0.05329188512874798,456
Composite_Equal,20220729,10,-0.06341865782638241,456
Composite_Equal,20220831,1,-0.09971643210271973,460
Composite_Equal,20220831,2,-0.11196189942480256,461
Composite_Equal,20220831,3,-0.10237785694931323,461
Composite_Equal,20220831,4,-0.10430498239106799,461
Composite_Equal,20220831,5,-0.10158936521691035,461
Composite_Equal,20220831,6,-0.10193177015958076,460
Composite_Equal,20220831,7,-0.0953191986082592,461
Composite_Equal,20220831,8,-0.09850344890487737,461
Composite_Equal,20220831,9,-0.08280785219938458,461
Composite_Equal,20220831,10,-0.09900618235130242,461
Composite_Equal,20220930,1,0.07335068094063549,465
Composite_Equal,20220930,2,0.08503312904397207,466
Composite_Equal,20220930,3,0.07288990100866019,465
Composite_Equal,20220930,4,0.09304038679838737,466
Composite_Equal,20220930,5,0.0917438723090548,465
Composite_Equal,20220930,6,0.08772314270485991,466
Composite_Equal,20220930,7,0.08393342541932183,465
Composite_Equal,20220930,8,0.09708558434499605,466
Composite_Equal,20220930,9,0.06295420052731648,465
Composite_Equal,20220930,10,0.07231429611438421,466
Composite_Equal,20221031,1,0.07287192346734465,468
Composite_Equal,20221031,2,0.07213775631762079,469
Composite_Equal,20221031,3,0.06667140767151976,468
Composite_Equal,20221031,4,0.06471951310217194,469
Composite_Equal,20221031,5,0.058646745877772424,468
Composite_Equal,20221031,6,0.060943507767654614,469
Composite_Equal,20221031,7,0.05265013702360204,468
Composite_Equal,20221031,8,0.046641215629172124,469
Composite_Equal,20221031,9,0.050167239957626175,468
Composite_Equal,20221031,10,0.024085601520050626,469
Composite_Equal,20221130,1,-0.02629485370190946,472
Composite_Equal,20221130,2,-0.020366179254587814,473
Composite_Equal,20221130,3,-0.025295239779258422,473
Composite_Equal,20221130,4,-0.029943754073305958,472
Composite_Equal,20221130,5,-0.029924128707802953,473
Composite_Equal,20221130,6,-0.027555806438373416,473
Composite_Equal,20221130,7,-0.02562931469683985,472
Composite_Equal,20221130,8,-0.028693524730905192,473
Composite_Equal,20221130,9,-0.03610753348129837,473
Composite_Equal,20221130,10,-0.04051608245521738,473
Composite_Equal,20221230,1,0.06391916934715682,477
Composite_Equal,20221230,2,0.07427915916143911,478
Composite_Equal,20221230,3,0.0845195456698266,478
Composite_Equal,20221230,4,0.08685589185703742,478
Composite_Equal,20221230,5,0.0801316079581348,478
Composite_Equal,20221230,6,0.08143119121080991,477
Composite_Equal,20221230,7,0.07893301913341104,478
Composite_Equal,20221230,8,0.07753792592260901,478
Composite_Equal,20221230,9,0.07416737942102286,478
Composite_Equal,20221230,10,0.059797656877662406,478
Composite_Equal,20230131,1,0.017863618441489305,478
Composite_Equal,20230131,2,0.01978427901633961,479
Composite_Equal,20230131,3,0.021315064258389037,478
Composite_Equal,20230131,4,0.02313395714539918,479
Composite_Equal,20230131,5,0.020329824849680253,478
Composite_Equal,20230131,6,0.030347570355560037,479
Composite_Equal,20230131,7,0.030458811046022473,478
Composite_Equal,20230131,8,0.025097397524811358,479
Composite_Equal,20230131,9,0.0234430393423749,478
Composite_Equal,20230131,10,0.01057161615146688,478
Composite_Equal,20230228,1,-0.024053336364102333,481
Composite_Equal,20230228,2,-0.022140355583841007,481
Composite_Equal,20230228,3,-0.007385099711304831,481
Composite_Equal,20230228,4,-0.005454292335514111,481
Composite_Equal,20230228,5,-0.015143061210422392,482
Composite_Equal,20230228,6,-0.011486640014389959,481
Composite_Equal,20230228,7,-0.003215094360177589,481
Composite_Equal,20230228,8,-0.007548904466961734,481
Composite_Equal,20230228,9,-0.00371320237289481,481
Composite_Equal,20230228,10,0.0028462025049599904,482
Composite_Equal,20230331,1,-0.05777992410064318,484
Composite_Equal,20230331,2,-0.03771893114282156,484
Composite_Equal,20230331,3,-0.03777421526979111,484
Composite_Equal,20230331,4,-0.039984072680092624,485
Composite_Equal,20230331,5,-0.03339701641944944,484
Composite_Equal,20230331,6,-0.020186007946832833,485
Composite_Equal,20230331,7,-0.03164946081421819,484
Composite_Equal,20230331,8,-0.019756963472183437,485
Composite_Equal,20230331,9,-0.015607032084722217,484
Composite_Equal,20230331,10,-0.007344221273056621,485
Composite_Equal,20230428,1,-0.011653228359370648,482
Composite_Equal,20230428,2,0.0018734621359079789,482
Composite_Equal,20230428,3,-0.0058226087280141775,483
Composite_Equal,20230428,4,0.008945112482828763,482
Composite_Equal,20230428,5,0.003752257648842023,483
Composite_Equal,20230428,6,0.0022680956058573334,482
Composite_Equal,20230428,7,0.010341623511811173,482
Composite_Equal,20230428,8,0.01869059271632934,483
Composite_Equal,20230428,9,0.012105686568606859,482
Composite_Equal,20230428,10,0.015471902171701654,483
Composite_Equal,20230531,1,0.03451133822546986,487
Composite_Equal,20230531,2,0.032415938811740784,489
Composite_Equal,20230531,3,0.02547335883306029,489
Composite_Equal,20230531,4,0.02952438863751494,489
Composite_Equal,20230531,5,0.023871228541377066,489
Composite_Equal,20230531,6,0.025620636375394298,489
Composite_Equal,20230531,7,0.025544521486679784,489
Composite_Equal,20230531,8,0.024587336500034997,489
Composite_Equal,20230531,9,0.0181290120035919,489
Composite_Equal,20230531,10,0.010783438452843042,489
Composite_Equal,20230630,1,0.021560666946124032,482
Composite_Equal,20230630,2,0.010420184244336246,494
Composite_Equal,20230630,3,0.010859907717891512,494
Composite_Equal,20230630,4,0.011225210038182772,494
Composite_Equal,20230630,5,0.006927143827736355,492
Composite_Equal,20230630,6,0.008082341782487505,494
Composite_Equal,20230630,7,-0.005580186845632073,494
Composite_Equal,20230630,8,-0.011795305699959152,494
Composite_Equal,20230630,9,-0.013571048616255679,493
Composite_Equal,20230630,10,-0.02157440669750239,494
Composite_Equal,20230731,1,-0.040728545966887,496
Composite_Equal,20230731,2,-0.04769986114720113,497
Composite_Equal,20230731,3,-0.050444326336711275,497
Composite_Equal,20230731,4,-0.04088411076846365,497
Composite_Equal,20230731,5,-0.04243483804242212,497
Composite_Equal,20230731,6,-0.04091909451555538,496
Composite_Equal,20230731,7,-0.035433601430451656,497
Composite_Equal,20230731,8,-0.025605494872343527,497
Composite_Equal,20230731,9,-0.02141127588944339,497
Composite_Equal,20230731,10,-0.013317246632684474,497
Composite_Equal,20230831,1,-0.0019145515151811846,500
Composite_Equal,20230831,2,0.0026004367320734854,500
Composite_Equal,20230831,3,-0.0022095121365584476,500
Composite_Equal,20230831,4,-0.0064198560327405904,500
Composite_Equal,20230831,5,0.0007899578486693155,500
Composite_Equal,20230831,6,-0.0060885019600147635,500
Composite_Equal,20230831,7,-0.00046141662786673953,500
Composite_Equal,20230831,8,-0.013861243708987918,500
Composite_Equal,20230831,9,-0.016975579892740657,500
Composite_Equal,20230831,10,-0.029802301903737134,501
Composite_Equal,20230928,1,0.010020107721780667,501
Composite_Equal,20230928,2,0.0015770850995573027,502
Composite_Equal,20230928,3,-0.005313262255712316,502
Composite_Equal,20230928,4,0.0025238701024878616,502
Composite_Equal,20230928,5,-0.003126009257938013,502
Composite_Equal,20230928,6,-0.007481881606498437,501
Composite_Equal,20230928,7,-0.005056701144503622,502
Composite_Equal,20230928,8,-0.008538986516467343,502
Composite_Equal,20230928,9,-0.020034780883170813,501
Composite_Equal,20230928,10,-0.0198433538521094,502
Composite_Equal,20231031,1,0.061907038243587766,503
Composite_Equal,20231031,2,0.053343406590693615,503
Composite_Equal,20231031,3,0.04707158050485765,503
Composite_Equal,20231031,4,0.045286998458267745,502
Composite_Equal,20231031,5,0.040112184953162294,504
Composite_Equal,20231031,6,0.041673523374889686,503
Composite_Equal,20231031,7,0.06364769871396071,502
Composite_Equal,20231031,8,0.05031936108542044,503
Composite_Equal,20231031,9,0.06569348230559366,503
Composite_Equal,20231031,10,0.0778382738042135,504
Composite_Equal,20231130,1,-0.024970626142866537,504
Composite_Equal,20231130,2,-0.03299495782352578,505
Composite_Equal,20231130,3,-0.028295210141088992,505
Composite_Equal,20231130,4,-0.019633759387254462,505
Composite_Equal,20231130,5,-0.02443398529368735,505
Composite_Equal,20231130,6,-0.011519419648853377,505
Composite_Equal,20231130,7,-0.008209343631507313,505
Composite_Equal,20231130,8,-0.004820383551854219,504
Composite_Equal,20231130,9,0.028628975937798375,505
Composite_Equal,20231130,10,0.10044462394857175,505
Composite_Equal,20231229,1,-0.2230912030917672,506
Composite_Equal,20231229,2,-0.22120207150812338,507
Composite_Equal,20231229,3,-0.20917271073837562,506
Composite_Equal,20231229,4,-0.2006515040663094,507
Composite_Equal,20231229,5,-0.20419436792619242,506
Composite_Equal,20231229,6,-0.1897976043876387,507
Composite_Equal,20231229,7,-0.19615833077565029,506
Composite_Equal,20231229,8,-0.18393990822106154,507
Composite_Equal,20231229,9,-0.18113896077746727,506
Composite_Equal,20231229,10,-0.20665591040627468,507
Composite_Equal,20240131,1,0.10644327371249401,508
Composite_Equal,20240131,2,0.08744285548980031,509
Composite_Equal,20240131,3,0.07813444165940196,508
Composite_Equal,20240131,4,0.08374234328416637,509
Composite_Equal,20240131,5,0.07760762121836985,508
Composite_Equal,20240131,6,0.07977866577283912,509
Composite_Equal,20240131,7,0.08924619148037066,508
Composite_Equal,20240131,8,0.09251041027151048,509
Composite_Equal,20240131,9,0.09985936585830592,508
Composite_Equal,20240131,10,0.09302679625841913,509
Composite_Equal,20240229,1,0.048007755654555145,508
Composite_Equal,20240229,2,0.05504323639567402,509
Composite_Equal,20240229,3,0.06662371102557924,509
Composite_Equal,20240229,4,0.049706193135685736,509
Composite_Equal,20240229,5,0.06311579305129271,509
Composite_Equal,20240229,6,0.05573266767658497,509
Composite_Equal,20240229,7,0.05800124560262637,509
Composite_Equal,20240229,8,0.049407580546038166,509
Composite_Equal,20240229,9,0.04218900660529352,509
Composite_Equal,20240229,10,0.014222382994685166,509
Composite_Equal,20240329,1,-0.059300460055732064,508
Composite_Equal,20240329,2,-0.020874987396516897,509
Composite_Equal,20240329,3,-0.023416868755613444,510
Composite_Equal,20240329,4,-0.019218968515485955,510
Composite_Equal,20240329,5,-0.006068277066503658,510
Composite_Equal,20240329,6,-0.004906111901171335,510
Composite_Equal,20240329,7,0.003239898874001637,510
Composite_Equal,20240329,8,0.0012519768494419256,510
Composite_Equal,20240329,9,-0.005219741786308968,510
Composite_Equal,20240329,10,-0.006547693351855133,510
Composite_Equal,20240430,1,-0.0681507961171141,506
Composite_Equal,20240430,2,-0.06656869096516606,506
Composite_Equal,20240430,3,-0.055669062830146235,507
Composite_Equal,20240430,4,-0.047194675950365646,506
Composite_Equal,20240430,5,-0.04872069341564525,507
Composite_Equal,20240430,6,-0.042433978768796524,506
Composite_Equal,20240430,7,-0.04052491802859988,506
Composite_Equal,20240430,8,-0.03930827939651853,507
Composite_Equal,20240430,9,-0.03271818797245987,506
Composite_Equal,20240430,10,-0.031195882600169277,507
Composite_Equal,20240531,1,-0.08906175460460904,509
Composite_Equal,20240531,2,-0.06560094460499385,509
Composite_Equal,20240531,3,-0.06428910623484492,508
Composite_Equal,20240531,4,-0.05954691797694299,510
Composite_Equal,20240531,5,-0.05282391068683788,509
Composite_Equal,20240531,6,-0.04230371098679893,509
Composite_Equal,20240531,7,-0.05202298916238968,510
Composite_Equal,20240531,8,-0.046358631750287475,509
Composite_Equal,20240531,9,-0.04737060460556257,509
Composite_Equal,20240531,10,-0.04835360399476089,510
Composite_Equal,20240628,1,0.042971607795561695,509
Composite_Equal,20240628,2,0.02073799341362564,510
Composite_Equal,20240628,3,0.01574972426522666,510
Composite_Equal,20240628,4,0.007945896705869659,509
Composite_Equal,20240628,5,0.0017703409952133182,510
Composite_Equal,20240628,6,-0.002792294309741557,510
Composite_Equal,20240628,7,-0.008410554320091244,510
Composite_Equal,20240628,8,-0.018544781571730496,510
Composite_Equal,20240628,9,-0.016329063710542522,510
Composite_Equal,20240628,10,-0.0344820575926344,511
Composite_Equal,20240731,1,-0.040688491402568985,510
Composite_Equal,20240731,2,-0.04227604282413979,510
Composite_Equal,20240731,3,-0.0526194284569713,510
Composite_Equal,20240731,4,-0.04926930663040892,510
Composite_Equal,20240731,5,-0.05908347302353479,510
Composite_Equal,20240731,6,-0.05594817336930271,510
Composite_Equal,20240731,7,-0.054570275049505956,510
Composite_Equal,20240731,8,-0.05951047604847125,510
Composite_Equal,20240731,9,-0.061762440714556804,510
Composite_Equal,20240731,10,-0.0817349693794747,510
Composite_Equal,20240830,1,0.41965417792261067,510
Composite_Equal,20240830,2,0.4070139377686057,511
Composite_Equal,20240830,3,0.37136744943378763,511
Composite_Equal,20240830,4,0.36677066823063526,511
Composite_Equal,20240830,5,0.35907265069349986,511
Composite_Equal,20240830,6,0.3531409013479185,510
Composite_Equal,20240830,7,0.3538893580598056,511
Composite_Equal,20240830,8,0.3742760552312095,511
Composite_Equal,20240830,9,0.3395926094287839,511
Composite_Equal,20240830,10,0.37895462738342944,511
Composite_Equal,20240930,1,0.013343267788580618,511
Composite_Equal,20240930,2,-0.03750161733162878,511
Composite_Equal,20240930,3,-0.04241147522908946,511
Composite_Equal,20240930,4,-0.03973945404212853,511
Composite_Equal,20240930,5,-0.02444951652609418,511
Composite_Equal,20240930,6,-0.05335772856185635,511
Composite_Equal,20240930,7,-0.04606848313561627,511
Composite_Equal,20240930,8,-0.04112781790902385,510
Composite_Equal,20240930,9,-0.06170994600405731,511
Composite_Equal,20240930,10,-0.043117077186778506,511
Composite_Equal,20241031,1,0.1310051244519043,511
Composite_Equal,20241031,2,0.12560786049088443,512
Composite_Equal,20241031,3,0.11252515488099996,511
Composite_Equal,20241031,4,0.10354270826565974,512
Composite_Equal,20241031,5,0.10355207951582887,511
Composite_Equal,20241031,6,0.1238866894501117,512
Composite_Equal,20241031,7,0.09882079202644721,511
Composite_Equal,20241031,8,0.10946799364901803,512
Composite_Equal,20241031,9,0.10691143702555554,510
Composite_Equal,20241031,10,0.13291845796509733,512
Composite_Equal,20241129,1,-0.1048925949091464,512
Composite_Equal,20241129,2,-0.1040699692266568,513
Composite_Equal,20241129,3,-0.08664967513515219,513
Composite_Equal,20241129,4,-0.07483332358818373,513
Composite_Equal,20241129,5,-0.08396384514167664,513
Composite_Equal,20241129,6,-0.07674563178784703,513
Composite_Equal,20241129,7,-0.0765178895833889,513
Composite_Equal,20241129,8,-0.07336179556071847,513
Composite_Equal,20241129,9,-0.08730272232744288,513
Composite_Equal,20241129,10,-0.11218394060483686,513
Composite_Equal,20241231,1,-0.0075768541776448225,513
Composite_Equal,20241231,2,0.005345793646396398,514
Composite_Equal,20241231,3,0.010298804288924643,514
Composite_Equal,20241231,4,0.019306481516877798,513
Composite_Equal,20241231,5,0.017130968125101797,514
Composite_Equal,20241231,6,0.020482659255103317,514
Composite_Equal,20241231,7,0.019653719440948188,513
Composite_Equal,20241231,8,0.014621880902876503,514
Composite_Equal,20241231,9,0.022121262703969184,514
Composite_Equal,20241231,10,0.019202951677049884,514
Composite_Equal,20250127,1,0.10136062849943397,514
Composite_Equal,20250127,2,0.1030837334742913,516
Composite_Equal,20250127,3,0.08562371787414688,515
Composite_Equal,20250127,4,0.07971948745582201,516
Composite_Equal,20250127,5,0.0695000732807157,516
Composite_Equal,20250127,6,0.06824695389332354,515
Composite_Equal,20250127,7,0.06393202420258802,516
Composite_Equal,20250127,8,0.06602211050955446,515
Composite_Equal,20250127,9,0.0793935223404629,516
Composite_Equal,20250127,10,0.08308279712247732,516
Composite_Equal,20250228,1,-0.031153101192800067,515
Composite_Equal,20250228,2,-0.012032003583812704,516
Composite_Equal,20250228,3,0.007299168757148151,515
Composite_Equal,20250228,4,0.019526739941527902,516
Composite_Equal,20250228,5,0.013169299585187434,515
Composite_Equal,20250228,6,0.00886553899253572,516
Composite_Equal,20250228,7,0.02756702877070025,515
Composite_Equal,20250228,8,0.0194054843495699,516
Composite_Equal,20250228,9,0.027506153721615686,515
Composite_Equal,20250228,10,0.010777926123893394,516
Composite_Equal,20250331,1,0.002603275992920389,516
Composite_Equal,20250331,2,-0.012970483957032387,516
Composite_Equal,20250331,3,0.003655088549275834,515
Composite_Equal,20250331,4,-0.0019461881181312114,516
Composite_Equal,20250331,5,-0.005046484377888776,516
Composite_Equal,20250331,6,0.005099800714787719,516
Composite_Equal,20250331,7,-0.005637087684358827,516
Composite_Equal,20250331,8,-0.0141748888796069,516
Composite_Equal,20250331,9,-0.0031548161832204128,516
Composite_Equal,20250331,10,0.006650371446065589,516
Composite_Equal,20250430,1,0.03734704551104537,511
Composite_Equal,20250430,2,0.03177601876880316,512
Composite_Equal,20250430,3,0.034346178500014674,513
Composite_Equal,20250430,4,0.027105760306973727,512
Composite_Equal,20250430,5,0.02501776262511283,513
Composite_Equal,20250430,6,0.0302252279382804,513
Composite_Equal,20250430,7,0.03606164700323405,512
Composite_Equal,20250430,8,0.03360068680158023,513
Composite_Equal,20250430,9,0.024785252886477347,513
Composite_Equal,20250430,10,0.020575337553182377,513
Composite_Equal,20250530,1,0.06456674499981119,515
Composite_Equal,20250530,2,0.06452898470035502,516
Composite_Equal,20250530,3,0.06025027580438134,516
Composite_Equal,20250530,4,0.06650931783959466,515
Composite_Equal,20250530,5,0.05339916001735423,516
Composite_Equal,20250530,6,0.05655297651715227,516
Composite_Equal,20250530,7,0.05276505123512355,516
Composite_Equal,20250530,8,0.05737575025639171,516
Composite_Equal,20250530,9,0.05171518636887993,516
Composite_Equal,20250530,10,0.04869313940470722,516
Composite_Equal,20250630,1,0.043697980296452776,514
Composite_Equal,20250630,2,0.053050378323134355,518
Composite_Equal,20250630,3,0.06119365881933917,517
Composite_Equal,20250630,4,0.057968465859369614,518
Composite_Equal,20250630,5,0.05383508471102027,518
Composite_Equal,20250630,6,0.08221912006679766,518
Composite_Equal,20250630,7,0.05958488866814562,518
Composite_Equal,20250630,8,0.04934999280763017,518
Composite_Equal,20250630,9,0.052331631035805175,518
Composite_Equal,20250630,10,0.03406898805089708,518
Composite_Equal,20250731,1,0.09551440249708235,519
Composite_Equal,20250731,2,0.08786744485731388,519
Composite_Equal,20250731,3,0.0975834219918854,519
Composite_Equal,20250731,4,0.08557136354146225,519
Composite_Equal,20250731,5,0.09454534158258147,519
Composite_Equal,20250731,6,0.09725188182327132,519
Composite_Equal,20250731,7,0.08446112872842947,518
Composite_Equal,20250731,8,0.07979223049499157,519
Composite_Equal,20250731,9,0.08564839376586067,519
Composite_Equal,20250731,10,0.11333832464051237,519
Composite_Equal,20250829,1,-0.008252803745582179,519
Composite_Equal,20250829,2,0.016776620304619815,519
Composite_Equal,20250829,3,0.012218424521132662,519
Composite_Equal,20250829,4,0.0110538845721086,518
Composite_Equal,20250829,5,0.009059928650952745,520
Composite_Equal,20250829,6,0.013800904375043091,519
Composite_Equal,20250829,7,0.01202411428145781,519
Composite_Equal,20250829,8,0.011524054984236184,519
Composite_Equal,20250829,9,0.0064643833115915405,519
Composite_Equal,20250829,10,-0.007597080553815711,520
Composite_Equal,20250930,1,0.017377337001708182,520
Composite_Equal,20250930,2,0.01901846145532516,520
Composite_Equal,20250930,3,0.020470818819777248,520
Composite_Equal,20250930,4,0.020328804711715623,520
Composite_Equal,20250930,5,0.012399453099834245,519
Composite_Equal,20250930,6,0.01719301803636462,520
Composite_Equal,20250930,7,0.014759846081325552,520
Composite_Equal,20250930,8,0.010716640419167258,520
Composite_Equal,20250930,9,0.015597600245909641,520
Composite_Equal,20250930,10,0.006632374344405802,521
Composite_Equal,20251031,1,-0.008163167452002573,520
Composite_Equal,20251031,2,-0.007013670542866112,521
Composite_Equal,20251031,3,-0.008795306779496284,521
Composite_Equal,20251031,4,-0.009435206446903053,521
Composite_Equal,20251031,5,-0.013511553280472254,521
Composite_Equal,20251031,6,-0.0167137050432975,520
Composite_Equal,20251031,7,-0.006733836155206472,521
Composite_Equal,20251031,8,-0.006667183975611117,521
Composite_Equal,20251031,9,-0.008662874826742663,521
Composite_Equal,20251031,10,-0.014218735660843498,521
Composite_Equal,20251128,1,0.019718090377627027,521
Composite_Equal,20251128,2,0.036061762294350895,521
Composite_Equal,20251128,3,0.02165992975028641,522
Composite_Equal,20251128,4,0.03917439670107963,521
Composite_Equal,20251128,5,0.027103895719153167,522
Composite_Equal,20251128,6,0.032899620257157106,521
Composite_Equal,20251128,7,0.03203268528178397,521
Composite_Equal,20251128,8,0.029022351318228678,522
Composite_Equal,20251128,9,0.02929469573906336,521
Composite_Equal,20251128,10,0.03710795703829556,522
Composite_Equal,20251231,1,0.00436012946920727,523
Composite_Equal,20251231,2,0.039356834789947906,523
Composite_Equal,20251231,3,0.0416186780427551,523
Composite_Equal,20251231,4,0.02311091833959683,524
Composite_Equal,20251231,5,0.04337919096525101,523
Composite_Equal,20251231,6,0.043896981234462784,523
Composite_Equal,20251231,7,0.03730185858823064,524
Composite_Equal,20251231,8,0.040773568309210445,523
Composite_Equal,20251231,9,0.04174775904213885,522
Composite_Equal,20251231,10,0.040233875904764134,524
Composite_Equal,20260130,1,0.04870471195404855,524
Composite_Equal,20260130,2,0.04922836624890477,524
Composite_Equal,20260130,3,0.03601209008229932,524
Composite_Equal,20260130,4,0.04047185703160712,525
Composite_Equal,20260130,5,0.046097562449793926,524
Composite_Equal,20260130,6,0.05569977791107687,524
Composite_Equal,20260130,7,0.04610872249772928,525
Composite_Equal,20260130,8,0.04980234056221351,524
Composite_Equal,20260130,9,0.046431215796892834,524
Composite_Equal,20260130,10,0.04622544010039926,525
Composite_Equal,20260227,1,-0.06001247870630207,525
Composite_Equal,20260227,2,-0.06184903664070915,525
Composite_Equal,20260227,3,-0.07071515027208562,525
Composite_Equal,20260227,4,-0.07377558951673913,525
Composite_Equal,20260227,5,-0.07407783311871509,526
Composite_Equal,20260227,6,-0.06706401478069009,525
Composite_Equal,20260227,7,-0.06670170890483437,525
Composite_Equal,20260227,8,-0.06308134095241044,525
Composite_Equal,20260227,9,-0.06977126567506003,525
Composite_Equal,20260227,10,-0.07279682826881105,526
Composite_Equal,20260331,1,0.08169914653756466,525
Composite_Equal,20260331,2,0.08176482577732551,526
Composite_Equal,20260331,3,0.06281116752821007,526
Composite_Equal,20260331,4,0.06812830160046413,526
Composite_Equal,20260331,5,0.06664561067717441,526
Composite_Equal,20260331,6,0.0679168915184894,525
Composite_Equal,20260331,7,0.07447769767574154,526
Composite_Equal,20260331,8,0.055719131522498695,526
Composite_Equal,20260331,9,0.06334343489687226,526
Composite_Equal,20260331,10,0.06585752257247618,526
Composite_Equal,20260430,1,-0.05216208221933934,527
Composite_Equal,20260430,2,-0.05267694158101074,527
Composite_Equal,20260430,3,-0.048973138129535666,527
Composite_Equal,20260430,4,-0.04869998684692891,527
Composite_Equal,20260430,5,-0.03874681527574011,528
Composite_Equal,20260430,6,-0.03319446172751139,527
Composite_Equal,20260430,7,-0.02190755255907513,527
Composite_Equal,20260430,8,-0.026857343624321232,527
Composite_Equal,20260430,9,-0.0373891176566413,527
Composite_Equal,20260430,10,-0.009556929224931498,528
Composite_Equal,20260529,1,-0.045053605248195565,528
Composite_Equal,20260529,2,-0.04509403791636149,529
Composite_Equal,20260529,3,-0.04284220223765394,529
Composite_Equal,20260529,4,-0.03173309206441614,529
Composite_Equal,20260529,5,-0.02828989174480394,529
Composite_Equal,20260529,6,-0.03394110807947899,529
Composite_Equal,20260529,7,-0.026706898470574805,529
Composite_Equal,20260529,8,-0.013152025848311048,529
Composite_Equal,20260529,9,-0.015033666412598578,529
Composite_Equal,20260529,10,0.014570158051271853,528
Composite_Equal,20260630,1,-0.04729169514071445,529
Composite_Equal,20260630,2,-0.042314814824586676,529
Composite_Equal,20260630,3,-0.033107686818862524,529
Composite_Equal,20260630,4,-0.03545581244439708,529
Composite_Equal,20260630,5,-0.031798704972460234,529
Composite_Equal,20260630,6,-0.029079126475458614,529
Composite_Equal,20260630,7,-0.027395840762287484,529
Composite_Equal,20260630,8,-0.02443034947236985,529
Composite_Equal,20260630,9,-0.03157326918403746,529
Composite_Equal,20260630,10,-0.045914555419623776,530
Composite_RollingRankIC,20220128,1,0.05981779380446366,442
Composite_RollingRankIC,20220128,2,0.04735694923944658,442
Composite_RollingRankIC,20220128,3,0.045184144089902054,442
Composite_RollingRankIC,20220128,4,0.042086416583189956,443
Composite_RollingRankIC,20220128,5,0.03507246161273485,442
Composite_RollingRankIC,20220128,6,0.02864969248395448,442
Composite_RollingRankIC,20220128,7,0.02929992796346945,443
Composite_RollingRankIC,20220128,8,0.0317060289163252,442
Composite_RollingRankIC,20220128,9,0.026111056743011996,442
Composite_RollingRankIC,20220128,10,0.027356963206245085,443
Composite_RollingRankIC,20220228,1,-0.06411149491236312,444
Composite_RollingRankIC,20220228,2,-0.0759225052644691,445
Composite_RollingRankIC,20220228,3,-0.070416470757475,444
Composite_RollingRankIC,20220228,4,-0.0745453913612979,445
Composite_RollingRankIC,20220228,5,-0.07340003629152174,444
Composite_RollingRankIC,20220228,6,-0.06738381002074789,445
Composite_RollingRankIC,20220228,7,-0.06679008990869262,444
Composite_RollingRankIC,20220228,8,-0.06848024655690703,445
Composite_RollingRankIC,20220228,9,-0.055521950822623053,444
Composite_RollingRankIC,20220228,10,-0.05235964777014692,445
Composite_RollingRankIC,20220331,1,-0.16572426473999385,447
Composite_RollingRankIC,20220331,2,-0.14697878984041954,448
Composite_RollingRankIC,20220331,3,-0.13593538058942048,448
Composite_RollingRankIC,20220331,4,-0.13594894428073317,448
Composite_RollingRankIC,20220331,5,-0.13302716904410258,448
Composite_RollingRankIC,20220331,6,-0.12368433679668435,448
Composite_RollingRankIC,20220331,7,-0.12502924215419708,447
Composite_RollingRankIC,20220331,8,-0.12161274347525917,448
Composite_RollingRankIC,20220331,9,-0.12213312140800867,448
Composite_RollingRankIC,20220331,10,-0.13568251650508176,448
Composite_RollingRankIC,20220429,1,0.12263298115333446,440
Composite_RollingRankIC,20220429,2,0.12226070670885426,442
Composite_RollingRankIC,20220429,3,0.11300641460088615,443
Composite_RollingRankIC,20220429,4,0.10781563298947165,443
Composite_RollingRankIC,20220429,5,0.10367369759963432,443
Composite_RollingRankIC,20220429,6,0.0996001462626846,443
Composite_RollingRankIC,20220429,7,0.08875105213425764,443
Composite_RollingRankIC,20220429,8,0.08544321814467416,443
Composite_RollingRankIC,20220429,9,0.07712080100491775,443
Composite_RollingRankIC,20220429,10,0.058702233365917615,443
Composite_RollingRankIC,20220531,1,0.08791505126669667,442
Composite_RollingRankIC,20220531,2,0.0845522486854404,450
Composite_RollingRankIC,20220531,3,0.07981038047699239,449
Composite_RollingRankIC,20220531,4,0.07492523768974221,450
Composite_RollingRankIC,20220531,5,0.08964073302447234,449
Composite_RollingRankIC,20220531,6,0.06771518132764812,448
Composite_RollingRankIC,20220531,7,0.07402772548212391,450
Composite_RollingRankIC,20220531,8,0.06453098079889624,449
Composite_RollingRankIC,20220531,9,0.050989313320393276,450
Composite_RollingRankIC,20220531,10,0.04911162188699043,450
Composite_RollingRankIC,20220630,1,0.04051167400734113,450
Composite_RollingRankIC,20220630,2,0.03532778850141107,452
Composite_RollingRankIC,20220630,3,0.03383160548653578,451
Composite_RollingRankIC,20220630,4,0.034666856124692724,452
Composite_RollingRankIC,20220630,5,0.044868969130721435,453
Composite_RollingRankIC,20220630,6,0.042698111270274786,452
Composite_RollingRankIC,20220630,7,0.03816482527519766,451
Composite_RollingRankIC,20220630,8,0.041836199231702724,452
Composite_RollingRankIC,20220630,9,0.03921504840255954,452
Composite_RollingRankIC,20220630,10,0.025050069172266137,453
Composite_RollingRankIC,20220729,1,-0.06443026953989194,455
Composite_RollingRankIC,20220729,2,-0.05797862269028084,456
Composite_RollingRankIC,20220729,3,-0.046694210594601875,455
Composite_RollingRankIC,20220729,4,-0.04445097546316307,456
Composite_RollingRankIC,20220729,5,-0.0375814895786623,456
Composite_RollingRankIC,20220729,6,-0.034932161625505026,455
Composite_RollingRankIC,20220729,7,-0.026334380265350114,456
Composite_RollingRankIC,20220729,8,-0.02903166116332832,455
Composite_RollingRankIC,20220729,9,-0.027887104597323218,456
Composite_RollingRankIC,20220729,10,-0.04679820581407269,456
Composite_RollingRankIC,20220831,1,-0.11531625888371613,460
Composite_RollingRankIC,20220831,2,-0.11283488080532456,461
Composite_RollingRankIC,20220831,3,-0.11393486735904668,461
Composite_RollingRankIC,20220831,4,-0.09733963455417757,461
Composite_RollingRankIC,20220831,5,-0.10097978894430722,461
Composite_RollingRankIC,20220831,6,-0.10000327605897974,460
Composite_RollingRankIC,20220831,7,-0.08872662289422338,461
Composite_RollingRankIC,20220831,8,-0.0924746297624652,461
Composite_RollingRankIC,20220831,9,-0.09259725108554777,461
Composite_RollingRankIC,20220831,10,-0.08334143377969327,461
Composite_RollingRankIC,20220930,1,0.07033872833337888,465
Composite_RollingRankIC,20220930,2,0.08997001365106429,466
Composite_RollingRankIC,20220930,3,0.07831883839697838,465
Composite_RollingRankIC,20220930,4,0.09519020598745935,466
Composite_RollingRankIC,20220930,5,0.09301060202016723,465
Composite_RollingRankIC,20220930,6,0.07652744793629312,466
Composite_RollingRankIC,20220930,7,0.10640581229747223,465
Composite_RollingRankIC,20220930,8,0.08228813525775173,466
Composite_RollingRankIC,20220930,9,0.08410201196974412,465
Composite_RollingRankIC,20220930,10,0.044018333903795705,466
Composite_RollingRankIC,20221031,1,0.054559007308240266,468
Composite_RollingRankIC,20221031,2,0.05792713182527262,469
Composite_RollingRankIC,20221031,3,0.06504094996468951,468
Composite_RollingRankIC,20221031,4,0.048480833016666995,469
Composite_RollingRankIC,20221031,5,0.05521847690246936,468
Composite_RollingRankIC,20221031,6,0.05835940062969846,469
Composite_RollingRankIC,20221031,7,0.0591945621816259,468
Composite_RollingRankIC,20221031,8,0.056331195796137795,469
Composite_RollingRankIC,20221031,9,0.05604052130779367,468
Composite_RollingRankIC,20221031,10,0.058359613460931936,469
Composite_RollingRankIC,20221130,1,-0.029004413221996102,472
Composite_RollingRankIC,20221130,2,-0.03397828440557952,473
Composite_RollingRankIC,20221130,3,-0.023649978538349666,473
Composite_RollingRankIC,20221130,4,-0.027492937702408356,472
Composite_RollingRankIC,20221130,5,-0.03220656400143343,473
Composite_RollingRankIC,20221130,6,-0.029410941036538584,473
Composite_RollingRankIC,20221130,7,-0.029057153818263,472
Composite_RollingRankIC,20221130,8,-0.027218423023263133,473
Composite_RollingRankIC,20221130,9,-0.030429959405505164,473
Composite_RollingRankIC,20221130,10,-0.027885556209017295,473
Composite_RollingRankIC,20221230,1,0.07122958929610859,472
Composite_RollingRankIC,20221230,2,0.07348624650777491,473
Composite_RollingRankIC,20221230,3,0.0775207168011941,473
Composite_RollingRankIC,20221230,4,0.08425786251641308,472
Composite_RollingRankIC,20221230,5,0.08250403004068546,473
Composite_RollingRankIC,20221230,6,0.0784809457460918,473
Composite_RollingRankIC,20221230,7,0.07325899505840046,471
Composite_RollingRankIC,20221230,8,0.07651918292575743,473
Composite_RollingRankIC,20221230,9,0.07294043778020004,473
Composite_RollingRankIC,20221230,10,0.06540462901552736,473
Composite_RollingRankIC,20230131,1,-0.013805198184879575,478
Composite_RollingRankIC,20230131,2,0.0020772086632905554,479
Composite_RollingRankIC,20230131,3,0.012116089434782094,478
Composite_RollingRankIC,20230131,4,0.026699276976700114,479
Composite_RollingRankIC,20230131,5,0.03211419357288472,478
Composite_RollingRankIC,20230131,6,0.0373032053319167,479
Composite_RollingRankIC,20230131,7,0.026017519576881087,478
Composite_RollingRankIC,20230131,8,0.03654646835855889,479
Composite_RollingRankIC,20230131,9,0.029140013926279875,478
Composite_RollingRankIC,20230131,10,0.03412748215861574,478
Composite_RollingRankIC,20230228,1,-0.036804136792684475,481
Composite_RollingRankIC,20230228,2,-0.03410881722895033,481
Composite_RollingRankIC,20230228,3,-0.014694127764810534,481
Composite_RollingRankIC,20230228,4,-0.0036791585868041665,481
Composite_RollingRankIC,20230228,5,-0.01209153586472159,482
Composite_RollingRankIC,20230228,6,0.0016042837258591473,481
Composite_RollingRankIC,20230228,7,-0.005428577968149866,481
Composite_RollingRankIC,20230228,8,-0.0013592576194376743,481
Composite_RollingRankIC,20230228,9,0.0033853780446039964,481
Composite_RollingRankIC,20230228,10,0.005869536495257535,482
Composite_RollingRankIC,20230331,1,-0.07543973135958158,483
Composite_RollingRankIC,20230331,2,-0.05399170735318206,485
Composite_RollingRankIC,20230331,3,-0.04272568774335426,484
Composite_RollingRankIC,20230331,4,-0.035281280099651646,485
Composite_RollingRankIC,20230331,5,-0.030882231999879176,484
Composite_RollingRankIC,20230331,6,-0.0321431293108726,485
Composite_RollingRankIC,20230331,7,-0.015908450492104785,484
Composite_RollingRankIC,20230331,8,-0.014715081538686038,485
Composite_RollingRankIC,20230331,9,-0.009071215694082839,484
Composite_RollingRankIC,20230331,10,0.008887391070435435,485
Composite_RollingRankIC,20230428,1,0.00940786762900973,482
Composite_RollingRankIC,20230428,2,0.004986914319968077,482
Composite_RollingRankIC,20230428,3,-0.004404501286718778,483
Composite_RollingRankIC,20230428,4,0.004295476929471431,482
Composite_RollingRankIC,20230428,5,0.012896028023808554,483
Composite_RollingRankIC,20230428,6,0.009805371401614629,482
Composite_RollingRankIC,20230428,7,0.004615119773201399,482
Composite_RollingRankIC,20230428,8,0.009343407478401877,483
Composite_RollingRankIC,20230428,9,0.004820858980776496,482
Composite_RollingRankIC,20230428,10,0.00023544330639213963,483
Composite_RollingRankIC,20230531,1,0.03089926708466417,487
Composite_RollingRankIC,20230531,2,0.03762549953429401,489
Composite_RollingRankIC,20230531,3,0.029897207770132505,489
Composite_RollingRankIC,20230531,4,0.025588656490594868,489
Composite_RollingRankIC,20230531,5,0.026503890053148745,489
Composite_RollingRankIC,20230531,6,0.023773433612306476,489
Composite_RollingRankIC,20230531,7,0.022386715646424214,489
Composite_RollingRankIC,20230531,8,0.021941551862735616,489
Composite_RollingRankIC,20230531,9,0.0183861650570906,489
Composite_RollingRankIC,20230531,10,0.01344403745921635,489
Composite_RollingRankIC,20230630,1,-0.04615257711343052,480
Composite_RollingRankIC,20230630,2,-0.020705774887543358,494
Composite_RollingRankIC,20230630,3,-0.008478755797313784,494
Composite_RollingRankIC,20230630,4,-0.010640920658265012,493
Composite_RollingRankIC,20230630,5,-0.0004495125476517886,494
Composite_RollingRankIC,20230630,6,0.0011708738823286201,494
Composite_RollingRankIC,20230630,7,0.012651922307375964,494
Composite_RollingRankIC,20230630,8,0.022997455841429534,494
Composite_RollingRankIC,20230630,9,0.027400447082491425,494
Composite_RollingRankIC,20230630,10,0.03690752623446781,494
Composite_RollingRankIC,20230731,1,-0.0361634572748471,496
Composite_RollingRankIC,20230731,2,-0.036280691536204446,497
Composite_RollingRankIC,20230731,3,-0.042654834822738616,497
Composite_RollingRankIC,20230731,4,-0.03937724596611712,497
Composite_RollingRankIC,20230731,5,-0.034798434483273626,497
Composite_RollingRankIC,20230731,6,-0.03191131898908008,496
Composite_RollingRankIC,20230731,7,-0.030769646694588218,497
Composite_RollingRankIC,20230731,8,-0.03738046541405909,497
Composite_RollingRankIC,20230731,9,-0.03581215155303261,497
Composite_RollingRankIC,20230731,10,-0.03370283928226995,497
Composite_RollingRankIC,20230831,1,-0.013890597624367217,500
Composite_RollingRankIC,20230831,2,-0.009031515247571873,500
Composite_RollingRankIC,20230831,3,-0.009007659455648678,500
Composite_RollingRankIC,20230831,4,-0.007784013953280563,500
Composite_RollingRankIC,20230831,5,-0.013721781058478912,500
Composite_RollingRankIC,20230831,6,-0.011870785178871334,500
Composite_RollingRankIC,20230831,7,-0.005492878696456689,500
Composite_RollingRankIC,20230831,8,-0.0015368980136720868,500
Composite_RollingRankIC,20230831,9,-0.007043956520500606,500
Composite_RollingRankIC,20230831,10,0.0049679759959639245,501
Composite_RollingRankIC,20230928,1,-0.012038539586098537,501
Composite_RollingRankIC,20230928,2,-0.007543215746728046,502
Composite_RollingRankIC,20230928,3,-0.007632904016802008,502
Composite_RollingRankIC,20230928,4,-0.0064706435883918985,502
Composite_RollingRankIC,20230928,5,-0.006414185045579457,502
Composite_RollingRankIC,20230928,6,-0.0040815074114150165,501
Composite_RollingRankIC,20230928,7,-0.006836588683993854,502
Composite_RollingRankIC,20230928,8,0.0060859046271592625,502
Composite_RollingRankIC,20230928,9,-0.00324868794656877,502
Composite_RollingRankIC,20230928,10,-0.007104956446498658,501
Composite_RollingRankIC,20231031,1,0.08355981406636415,502
Composite_RollingRankIC,20231031,2,0.05900996497159963,503
Composite_RollingRankIC,20231031,3,0.03756914391574842,503
Composite_RollingRankIC,20231031,4,0.03888027770233665,503
Composite_RollingRankIC,20231031,5,0.03288940446073721,504
Composite_RollingRankIC,20231031,6,0.039869877989599595,503
Composite_RollingRankIC,20231031,7,0.045525575185828615,503
Composite_RollingRankIC,20231031,8,0.043028881730977936,503
Composite_RollingRankIC,20231031,9,0.05181684072620268,503
Composite_RollingRankIC,20231031,10,0.11486242766535312,503
Composite_RollingRankIC,20231130,1,-0.01329125942601535,504
Composite_RollingRankIC,20231130,2,-0.01776315012765338,505
Composite_RollingRankIC,20231130,3,-0.015202453174058989,505
Composite_RollingRankIC,20231130,4,-0.01876175161532429,505
Composite_RollingRankIC,20231130,5,-0.012331858337311525,505
Composite_RollingRankIC,20231130,6,-0.010641373737620969,505
Composite_RollingRankIC,20231130,7,0.00970652952409307,505
Composite_RollingRankIC,20231130,8,0.006362018438453705,505
Composite_RollingRankIC,20231130,9,0.023033406695485613,505
Composite_RollingRankIC,20231130,10,0.023164348796109582,504
Composite_RollingRankIC,20231229,1,-0.23699630002567965,506
Composite_RollingRankIC,20231229,2,-0.22566430787065747,507
Composite_RollingRankIC,20231229,3,-0.21005089339915536,506
Composite_RollingRankIC,20231229,4,-0.20271297551073503,507
Composite_RollingRankIC,20231229,5,-0.20007324904806326,506
Composite_RollingRankIC,20231229,6,-0.1940592695751313,507
Composite_RollingRankIC,20231229,7,-0.20068621122601735,506
Composite_RollingRankIC,20231229,8,-0.18662263784535943,507
Composite_RollingRankIC,20231229,9,-0.18765460951399374,506
Composite_RollingRankIC,20231229,10,-0.1715249298957119,507
Composite_RollingRankIC,20240131,1,0.14519564164673454,508
Composite_RollingRankIC,20240131,2,0.1058852628020381,509
Composite_RollingRankIC,20240131,3,0.09256910276120844,508
Composite_RollingRankIC,20240131,4,0.09129885614404092,509
Composite_RollingRankIC,20240131,5,0.09093469109965036,508
Composite_RollingRankIC,20240131,6,0.08267384413211605,509
Composite_RollingRankIC,20240131,7,0.07075186887953336,508
Composite_RollingRankIC,20240131,8,0.07147792052310771,509
Composite_RollingRankIC,20240131,9,0.06793352966176942,508
Composite_RollingRankIC,20240131,10,0.06910286609834719,509
Composite_RollingRankIC,20240229,1,0.041436707535381825,508
Composite_RollingRankIC,20240229,2,0.04256599541662209,509
Composite_RollingRankIC,20240229,3,0.04950961642741601,509
Composite_RollingRankIC,20240229,4,0.04944942739240131,509
Composite_RollingRankIC,20240229,5,0.048103189239776106,509
Composite_RollingRankIC,20240229,6,0.05530681058169881,509
Composite_RollingRankIC,20240229,7,0.05452062727588231,509
Composite_RollingRankIC,20240229,8,0.06123060805963605,509
Composite_RollingRankIC,20240229,9,0.05585518615708101,509
Composite_RollingRankIC,20240229,10,0.04405849488086374,509
Composite_RollingRankIC,20240329,1,-0.06581412642325189,507
Composite_RollingRankIC,20240329,2,-0.04236784259933527,510
Composite_RollingRankIC,20240329,3,-0.01606189005916287,510
Composite_RollingRankIC,20240329,4,-0.019368107994789326,510
Composite_RollingRankIC,20240329,5,-0.00939400741721226,510
Composite_RollingRankIC,20240329,6,-0.0033976922799996614,510
Composite_RollingRankIC,20240329,7,-0.0037518653056625973,510
Composite_RollingRankIC,20240329,8,0.006096157398969084,510
Composite_RollingRankIC,20240329,9,0.008637139659323431,510
Composite_RollingRankIC,20240329,10,0.004247342166824987,510
Composite_RollingRankIC,20240430,1,-0.06657646190414693,506
Composite_RollingRankIC,20240430,2,-0.05825108485367991,506
Composite_RollingRankIC,20240430,3,-0.056095325733517484,507
Composite_RollingRankIC,20240430,4,-0.04168959726584201,506
Composite_RollingRankIC,20240430,5,-0.04742133612651372,507
Composite_RollingRankIC,20240430,6,-0.04810295243056608,506
Composite_RollingRankIC,20240430,7,-0.03956852275351518,506
Composite_RollingRankIC,20240430,8,-0.041618844313308506,507
Composite_RollingRankIC,20240430,9,-0.03399670300195929,506
Composite_RollingRankIC,20240430,10,-0.03914578554044744,507
Composite_RollingRankIC,20240531,1,-0.0690225317811151,509
Composite_RollingRankIC,20240531,2,-0.06312088953280451,508
Composite_RollingRankIC,20240531,3,-0.06775901317608113,509
Composite_RollingRankIC,20240531,4,-0.0634018253007593,510
Composite_RollingRankIC,20240531,5,-0.0566379912918718,509
Composite_RollingRankIC,20240531,6,-0.05505350967045566,509
Composite_RollingRankIC,20240531,7,-0.04928361759288654,510
Composite_RollingRankIC,20240531,8,-0.04909817483670156,509
Composite_RollingRankIC,20240531,9,-0.048417350497369144,509
Composite_RollingRankIC,20240531,10,-0.04593753088996471,510
Composite_RollingRankIC,20240628,1,0.026237411312261722,508
Composite_RollingRankIC,20240628,2,0.011159358952702925,510
Composite_RollingRankIC,20240628,3,0.014362543141473233,510
Composite_RollingRankIC,20240628,4,0.011959073865529985,510
Composite_RollingRankIC,20240628,5,0.003791960573403483,510
Composite_RollingRankIC,20240628,6,0.003543468160215296,510
Composite_RollingRankIC,20240628,7,-0.008059492401092893,510
Composite_RollingRankIC,20240628,8,-0.011488757590809029,510
Composite_RollingRankIC,20240628,9,-0.01674446560770074,510
Composite_RollingRankIC,20240628,10,-0.026157557719051733,511
Composite_RollingRankIC,20240731,1,-0.06527980112329862,510
Composite_RollingRankIC,20240731,2,-0.06121947545056783,510
Composite_RollingRankIC,20240731,3,-0.061508315727586804,510
Composite_RollingRankIC,20240731,4,-0.05486230633525345,510
Composite_RollingRankIC,20240731,5,-0.05003397792914947,510
Composite_RollingRankIC,20240731,6,-0.05250263597941237,510
Composite_RollingRankIC,20240731,7,-0.052888447796272366,510
Composite_RollingRankIC,20240731,8,-0.05173005451047328,510
Composite_RollingRankIC,20240731,9,-0.05347120974734462,510
Composite_RollingRankIC,20240731,10,-0.05396685229957641,510
Composite_RollingRankIC,20240830,1,0.45323386016128564,510
Composite_RollingRankIC,20240830,2,0.41701163917608475,511
Composite_RollingRankIC,20240830,3,0.39454565545359244,511
Composite_RollingRankIC,20240830,4,0.3864770133352156,511
Composite_RollingRankIC,20240830,5,0.3598628299253561,511
Composite_RollingRankIC,20240830,6,0.35937487742794744,510
Composite_RollingRankIC,20240830,7,0.3408157576392607,511
Composite_RollingRankIC,20240830,8,0.34710148992590184,511
Composite_RollingRankIC,20240830,9,0.33304694480469405,511
Composite_RollingRankIC,20240830,10,0.3323402808766203,511
Composite_RollingRankIC,20240930,1,0.0067618330994467166,511
Composite_RollingRankIC,20240930,2,-0.018952286386164217,511
Composite_RollingRankIC,20240930,3,-0.04296319796127614,511
Composite_RollingRankIC,20240930,4,-0.031264755845442305,511
Composite_RollingRankIC,20240930,5,-0.040793531615553505,511
Composite_RollingRankIC,20240930,6,-0.04353613079578519,511
Composite_RollingRankIC,20240930,7,-0.042770129919089205,510
Composite_RollingRankIC,20240930,8,-0.055357130416766875,511
Composite_RollingRankIC,20240930,9,-0.05505552652782634,511
Composite_RollingRankIC,20240930,10,-0.052212205687063494,511
Composite_RollingRankIC,20241031,1,0.1033238954661964,511
Composite_RollingRankIC,20241031,2,0.1394606062585068,512
Composite_RollingRankIC,20241031,3,0.12666521737725814,511
Composite_RollingRankIC,20241031,4,0.12570712878931975,512
Composite_RollingRankIC,20241031,5,0.1263092675985227,511
Composite_RollingRankIC,20241031,6,0.12087659765163636,512
Composite_RollingRankIC,20241031,7,0.09556848202200194,510
Composite_RollingRankIC,20241031,8,0.10593991092993255,512
Composite_RollingRankIC,20241031,9,0.1131264264638234,511
Composite_RollingRankIC,20241031,10,0.09126239748076129,512
Composite_RollingRankIC,20241129,1,-0.15053287588971812,512
Composite_RollingRankIC,20241129,2,-0.1260462557207257,513
Composite_RollingRankIC,20241129,3,-0.10917806440288316,513
Composite_RollingRankIC,20241129,4,-0.0968182206489387,513
Composite_RollingRankIC,20241129,5,-0.08085404900602665,513
Composite_RollingRankIC,20241129,6,-0.07795950676648979,513
Composite_RollingRankIC,20241129,7,-0.0728672744252102,513
Composite_RollingRankIC,20241129,8,-0.060658969213481316,513
Composite_RollingRankIC,20241129,9,-0.05903584472184879,513
Composite_RollingRankIC,20241129,10,-0.04665929447904632,513
Composite_RollingRankIC,20241231,1,-0.0139903062906029,513
Composite_RollingRankIC,20241231,2,0.012665377353078495,514
Composite_RollingRankIC,20241231,3,0.010356416793132586,514
Composite_RollingRankIC,20241231,4,0.011804209673702154,513
Composite_RollingRankIC,20241231,5,0.020572465484728436,514
Composite_RollingRankIC,20241231,6,0.02057089951075086,514
Composite_RollingRankIC,20241231,7,0.01733921740655749,513
Composite_RollingRankIC,20241231,8,0.026561374836908465,514
Composite_RollingRankIC,20241231,9,0.02172762996496721,514
Composite_RollingRankIC,20241231,10,0.012948806331223433,514
Composite_RollingRankIC,20250127,1,0.11222317665016115,514
Composite_RollingRankIC,20250127,2,0.10243335236230647,516
Composite_RollingRankIC,20250127,3,0.10361650759078785,515
Composite_RollingRankIC,20250127,4,0.07647299215422318,516
Composite_RollingRankIC,20250127,5,0.06858118993143257,516
Composite_RollingRankIC,20250127,6,0.08082816373324082,515
Composite_RollingRankIC,20250127,7,0.06528589875642182,516
Composite_RollingRankIC,20250127,8,0.06776636987570228,515
Composite_RollingRankIC,20250127,9,0.055850127502445786,516
Composite_RollingRankIC,20250127,10,0.06701200528063714,516
Composite_RollingRankIC,20250228,1,-0.0406613091262043,515
Composite_RollingRankIC,20250228,2,-0.02722598796988223,516
Composite_RollingRankIC,20250228,3,-0.0013095225303650045,515
Composite_RollingRankIC,20250228,4,-0.0007732206748250158,516
Composite_RollingRankIC,20250228,5,0.022733015691196273,515
Composite_RollingRankIC,20250228,6,0.028263840397654203,516
Composite_RollingRankIC,20250228,7,0.021149802366208923,515
Composite_RollingRankIC,20250228,8,0.026373722950705215,516
Composite_RollingRankIC,20250228,9,0.03051409444819044,515
Composite_RollingRankIC,20250228,10,0.031844616833831295,516
Composite_RollingRankIC,20250331,1,0.005473959340702788,516
Composite_RollingRankIC,20250331,2,0.02003097684228115,515
Composite_RollingRankIC,20250331,3,0.003135624124832059,516
Composite_RollingRankIC,20250331,4,0.006734623427568451,516
Composite_RollingRankIC,20250331,5,-0.00824308627750272,516
Composite_RollingRankIC,20250331,6,-0.002956338743736805,516
Composite_RollingRankIC,20250331,7,-0.01078624209312223,516
Composite_RollingRankIC,20250331,8,-0.00875630010268082,516
Composite_RollingRankIC,20250331,9,-0.011858472914308731,516
Composite_RollingRankIC,20250331,10,-0.017664419883600017,516
Composite_RollingRankIC,20250430,1,0.03227053985079996,510
Composite_RollingRankIC,20250430,2,0.02554615675998127,513
Composite_RollingRankIC,20250430,3,0.04221676811977244,513
Composite_RollingRankIC,20250430,4,0.02621720596640654,512
Composite_RollingRankIC,20250430,5,0.02889215885894412,513
Composite_RollingRankIC,20250430,6,0.03040211715782896,513
Composite_RollingRankIC,20250430,7,0.029272144209819512,512
Composite_RollingRankIC,20250430,8,0.026049415952994263,513
Composite_RollingRankIC,20250430,9,0.029656296508676235,513
Composite_RollingRankIC,20250430,10,0.030284320070158306,513
Composite_RollingRankIC,20250530,1,0.06036153369926927,515
Composite_RollingRankIC,20250530,2,0.049356298666119736,516
Composite_RollingRankIC,20250530,3,0.060643052151567095,515
Composite_RollingRankIC,20250530,4,0.06763640830657147,516
Composite_RollingRankIC,20250530,5,0.059645368054814185,516
Composite_RollingRankIC,20250530,6,0.05746520210224271,516
Composite_RollingRankIC,20250530,7,0.054886567317053166,516
Composite_RollingRankIC,20250530,8,0.061242722576511345,516
Composite_RollingRankIC,20250530,9,0.05241722345934286,516
Composite_RollingRankIC,20250530,10,0.05268269244400236,516
Composite_RollingRankIC,20250630,1,0.02191218561793724,516
Composite_RollingRankIC,20250630,2,0.041013289791218946,517
Composite_RollingRankIC,20250630,3,0.04443057387542903,518
Composite_RollingRankIC,20250630,4,0.06394622151049069,518
Composite_RollingRankIC,20250630,5,0.05618906964468909,518
Composite_RollingRankIC,20250630,6,0.0770125104614935,518
Composite_RollingRankIC,20250630,7,0.06397723970045607,517
Composite_RollingRankIC,20250630,8,0.0674555252655772,517
Composite_RollingRankIC,20250630,9,0.054678401883894265,518
Composite_RollingRankIC,20250630,10,0.0566471107445255,518
Composite_RollingRankIC,20250731,1,0.10198109308287451,519
Composite_RollingRankIC,20250731,2,0.1015597761061301,518
Composite_RollingRankIC,20250731,3,0.11161940742702997,519
Composite_RollingRankIC,20250731,4,0.10176196145283217,519
Composite_RollingRankIC,20250731,5,0.09428504450129296,519
Composite_RollingRankIC,20250731,6,0.09794412730287487,519
Composite_RollingRankIC,20250731,7,0.08768955383246142,519
Composite_RollingRankIC,20250731,8,0.08242642724216404,519
Composite_RollingRankIC,20250731,9,0.0761036440960566,519
Composite_RollingRankIC,20250731,10,0.06623584425034403,519
Composite_RollingRankIC,20250829,1,-0.015882280623757645,519
Composite_RollingRankIC,20250829,2,-0.010930597612773953,518
Composite_RollingRankIC,20250829,3,0.013313671040586552,519
Composite_RollingRankIC,20250829,4,0.022202561598655038,519
Composite_RollingRankIC,20250829,5,0.014055511082529112,520
Composite_RollingRankIC,20250829,6,0.018348526378970755,519
Composite_RollingRankIC,20250829,7,0.004404467130432313,519
Composite_RollingRankIC,20250829,8,0.005811892021512301,519
Composite_RollingRankIC,20250829,9,0.01629805428708019,519
Composite_RollingRankIC,20250829,10,0.009365956608954541,520
Composite_RollingRankIC,20250930,1,0.013177808058969776,519
Composite_RollingRankIC,20250930,2,0.008061464301505613,520
Composite_RollingRankIC,20250930,3,0.011735103273531552,520
Composite_RollingRankIC,20250930,4,0.0077834694676916834,520
Composite_RollingRankIC,20250930,5,0.019083624259673762,520
Composite_RollingRankIC,20250930,6,0.012105315269391733,520
Composite_RollingRankIC,20250930,7,0.01001687947198769,520
Composite_RollingRankIC,20250930,8,0.026476628647378986,520
Composite_RollingRankIC,20250930,9,0.021390455564359298,520
Composite_RollingRankIC,20250930,10,0.024630490974752454,521
Composite_RollingRankIC,20251031,1,-0.01629325274644499,520
Composite_RollingRankIC,20251031,2,-0.006661305801110486,520
Composite_RollingRankIC,20251031,3,-0.009599013221046528,521
Composite_RollingRankIC,20251031,4,-0.01700547822588092,521
Composite_RollingRankIC,20251031,5,-0.006791264528145447,521
Composite_RollingRankIC,20251031,6,-0.006781218972137977,521
Composite_RollingRankIC,20251031,7,-0.010460268073238212,521
Composite_RollingRankIC,20251031,8,-0.011349133158415995,521
Composite_RollingRankIC,20251031,9,-0.007252245033960459,521
Composite_RollingRankIC,20251031,10,-0.0077183707409727124,521
Composite_RollingRankIC,20251128,1,0.02622218867032066,521
Composite_RollingRankIC,20251128,2,0.036205338892962166,521
Composite_RollingRankIC,20251128,3,0.027811273521447154,522
Composite_RollingRankIC,20251128,4,0.042668576350911876,521
Composite_RollingRankIC,20251128,5,0.02875923743911902,522
Composite_RollingRankIC,20251128,6,0.03586175237895782,521
Composite_RollingRankIC,20251128,7,0.03897224243361756,521
Composite_RollingRankIC,20251128,8,0.034075616220893605,522
Composite_RollingRankIC,20251128,9,0.01980607621805136,521
Composite_RollingRankIC,20251128,10,0.013713302512226886,522
Composite_RollingRankIC,20251231,1,0.004270654401313431,523
Composite_RollingRankIC,20251231,2,0.03177458265365073,523
Composite_RollingRankIC,20251231,3,0.03255519312843249,523
Composite_RollingRankIC,20251231,4,0.025713463692095942,524
Composite_RollingRankIC,20251231,5,0.0410349614333411,522
Composite_RollingRankIC,20251231,6,0.04866414924528389,523
Composite_RollingRankIC,20251231,7,0.0434547956509927,524
Composite_RollingRankIC,20251231,8,0.042963822292099337,523
Composite_RollingRankIC,20251231,9,0.04297953310333432,523
Composite_RollingRankIC,20251231,10,0.042346495872799025,524
Composite_RollingRankIC,20260130,1,0.046095317453680985,524
Composite_RollingRankIC,20260130,2,0.04622014921568606,524
Composite_RollingRankIC,20260130,3,0.05078775999612245,524
Composite_RollingRankIC,20260130,4,0.057787537279385306,525
Composite_RollingRankIC,20260130,5,0.04225041038251574,524
Composite_RollingRankIC,20260130,6,0.04256349344764836,524
Composite_RollingRankIC,20260130,7,0.04675488450924824,525
Composite_RollingRankIC,20260130,8,0.04436347025865928,524
Composite_RollingRankIC,20260130,9,0.04761004309237391,524
Composite_RollingRankIC,20260130,10,0.0403259991498193,525
Composite_RollingRankIC,20260227,1,-0.07904050901530596,525
Composite_RollingRankIC,20260227,2,-0.0830757600901718,525
Composite_RollingRankIC,20260227,3,-0.07656470243124408,525
Composite_RollingRankIC,20260227,4,-0.06856075003626136,525
Composite_RollingRankIC,20260227,5,-0.0770081100484846,526
Composite_RollingRankIC,20260227,6,-0.06866204438820867,525
Composite_RollingRankIC,20260227,7,-0.06738208398221164,525
Composite_RollingRankIC,20260227,8,-0.05833582385030287,525
Composite_RollingRankIC,20260227,9,-0.05392763006941241,525
Composite_RollingRankIC,20260227,10,-0.047330758244932894,526
Composite_RollingRankIC,20260331,1,0.09659782884473844,525
Composite_RollingRankIC,20260331,2,0.09875688628945166,526
Composite_RollingRankIC,20260331,3,0.08706264968190489,526
Composite_RollingRankIC,20260331,4,0.08389098434630779,526
Composite_RollingRankIC,20260331,5,0.08039151961120414,526
Composite_RollingRankIC,20260331,6,0.05936879411793714,525
Composite_RollingRankIC,20260331,7,0.06616754411707514,526
Composite_RollingRankIC,20260331,8,0.055820091053186804,526
Composite_RollingRankIC,20260331,9,0.03074036518040638,526
Composite_RollingRankIC,20260331,10,0.02957914041994028,526
Composite_RollingRankIC,20260430,1,-0.05244006720941459,527
Composite_RollingRankIC,20260430,2,-0.026519478070023982,527
Composite_RollingRankIC,20260430,3,-0.034137804860171275,527
Composite_RollingRankIC,20260430,4,-0.03417267174483396,527
Composite_RollingRankIC,20260430,5,-0.048135792313871634,528
Composite_RollingRankIC,20260430,6,-0.036804167687007706,527
Composite_RollingRankIC,20260430,7,-0.032297403939301354,527
Composite_RollingRankIC,20260430,8,-0.036912550491746764,527
Composite_RollingRankIC,20260430,9,-0.035249913298157076,527
Composite_RollingRankIC,20260430,10,-0.03343140073231813,528
Composite_RollingRankIC,20260529,1,0.019794191228560066,528
Composite_RollingRankIC,20260529,2,0.010914736180203577,528
Composite_RollingRankIC,20260529,3,-0.000997512550954758,529
Composite_RollingRankIC,20260529,4,-0.027553162163528298,529
Composite_RollingRankIC,20260529,5,-0.020143418922466134,529
Composite_RollingRankIC,20260529,6,-0.02511785308372327,529
Composite_RollingRankIC,20260529,7,-0.03468878099066751,529
Composite_RollingRankIC,20260529,8,-0.054878334452407355,529
Composite_RollingRankIC,20260529,9,-0.06327191430254492,529
Composite_RollingRankIC,20260529,10,-0.07121864534723171,529
Composite_RollingRankIC,20260630,1,-0.0688002022474785,529
Composite_RollingRankIC,20260630,2,-0.0541113514620373,529
Composite_RollingRankIC,20260630,3,-0.05166590371291435,529
Composite_RollingRankIC,20260630,4,-0.040835104534691566,529
Composite_RollingRankIC,20260630,5,-0.03725862622480804,529
Composite_RollingRankIC,20260630,6,-0.03519901887697784,529
Composite_RollingRankIC,20260630,7,-0.02553394352614387,529
Composite_RollingRankIC,20260630,8,-0.0206516282458043,529
Composite_RollingRankIC,20260630,9,-0.012991575603980897,529
Composite_RollingRankIC,20260630,10,-0.0013986521258853475,530
