factor,trade_date,valid_stock_count,total_stock_count,average_available_component_count,configured_component_count,available_weight_sum_min,available_weight_sum_max
AOB_add_Debt_to_Equity,20220128,4351,4424,4.382007233273056,5,0.0,1.0
AOB_add_Debt_to_Equity,20220228,4393,4446,4.401484480431849,5,0.0,1.0
AOB_add_Debt_to_Equity,20220331,4427,4480,4.400446428571429,5,0.0,1.0
AOB_add_Debt_to_Equity,20220429,4372,4430,4.395936794582393,5,0.0,1.0
AOB_add_Debt_to_Equity,20220531,4452,4498,4.347265451311694,5,0.0,1.0
AOB_add_Debt_to_Equity,20220630,4490,4524,4.38815207780725,5,0.0,1.0
AOB_add_Debt_to_Equity,20220729,4521,4557,4.4351547070441075,5,0.0,1.0
AOB_add_Debt_to_Equity,20220831,4570,4609,4.424170101974398,5,0.0,1.0
AOB_add_Debt_to_Equity,20220930,4614,4655,4.419763694951665,5,0.0,1.0
AOB_add_Debt_to_Equity,20221031,4640,4685,4.4036286019210245,5,0.0,1.0
AOB_add_Debt_to_Equity,20221130,4679,4727,4.4066003807911995,5,0.0,1.0
AOB_add_Debt_to_Equity,20221230,4710,4779,4.392969240426868,5,0.0,1.0
AOB_add_Debt_to_Equity,20230131,4716,4785,4.396865203761755,5,0.0,1.0
AOB_add_Debt_to_Equity,20230228,4742,4813,4.390816538541451,5,0.0,1.0
AOB_add_Debt_to_Equity,20230331,4771,4846,4.388361535286834,5,0.0,1.0
AOB_add_Debt_to_Equity,20230428,4748,4824,4.367537313432836,5,0.0,1.0
AOB_add_Debt_to_Equity,20230531,4825,4890,4.310838445807771,5,0.0,1.0
AOB_add_Debt_to_Equity,20230630,4888,4939,4.32820408989674,5,0.0,1.0
AOB_add_Debt_to_Equity,20230731,4920,4968,4.365338164251208,5,0.0,1.0
AOB_add_Debt_to_Equity,20230831,4953,5001,4.354729054189162,5,0.0,1.0
AOB_add_Debt_to_Equity,20230928,4974,5018,4.360900757273814,5,0.0,1.0
AOB_add_Debt_to_Equity,20231031,4991,5032,4.365659777424483,5,0.0,1.0
AOB_add_Debt_to_Equity,20231130,5005,5049,4.3695781342840165,5,0.0,1.0
AOB_add_Debt_to_Equity,20231229,5017,5065,4.371964461994077,5,0.0,1.0
AOB_add_Debt_to_Equity,20240131,5039,5085,4.372074729596854,5,0.0,1.0
AOB_add_Debt_to_Equity,20240229,5048,5089,4.372568284535272,5,0.0,1.0
AOB_add_Debt_to_Equity,20240329,5058,5099,4.380858991959208,5,0.0,1.0
AOB_add_Debt_to_Equity,20240430,5022,5064,4.378751974723539,5,0.0,1.0
AOB_add_Debt_to_Equity,20240531,5061,5093,4.3461613979972515,5,0.0,1.0
AOB_add_Debt_to_Equity,20240628,5071,5101,4.387571064497157,5,0.0,1.0
AOB_add_Debt_to_Equity,20240731,5078,5100,4.455490196078431,5,0.0,1.0
AOB_add_Debt_to_Equity,20240830,5084,5108,4.452819107282694,5,0.0,1.0
AOB_add_Debt_to_Equity,20240930,5084,5110,4.458121330724071,5,0.0,1.0
AOB_add_Debt_to_Equity,20241031,5088,5116,4.446833463643472,5,0.0,1.0
AOB_add_Debt_to_Equity,20241129,5103,5132,4.4485580670303975,5,0.0,1.0
AOB_add_Debt_to_Equity,20241231,5110,5140,4.450194552529183,5,0.0,1.0
AOB_add_Debt_to_Equity,20250127,5128,5157,4.451037424859415,5,0.0,1.0
AOB_add_Debt_to_Equity,20250228,5129,5155,4.453540252182347,5,0.0,1.0
AOB_add_Debt_to_Equity,20250331,5133,5161,4.455338112768843,5,0.0,1.0
AOB_add_Debt_to_Equity,20250430,5100,5127,4.443339184708407,5,0.0,1.0
AOB_add_Debt_to_Equity,20250530,5131,5159,4.387672029463074,5,0.0,1.0
AOB_add_Debt_to_Equity,20250630,5149,5181,4.372707971434086,5,0.0,1.0
AOB_add_Debt_to_Equity,20250731,5153,5191,4.392795222500482,5,0.0,1.0
AOB_add_Debt_to_Equity,20250829,5153,5194,4.386022333461686,5,0.0,1.0
AOB_add_Debt_to_Equity,20250930,5161,5201,4.385118246491059,5,0.0,1.0
AOB_add_Debt_to_Equity,20251031,5167,5213,4.3771340878572795,5,0.0,1.0
AOB_add_Debt_to_Equity,20251128,5168,5214,4.377253548139624,5,0.0,1.0
AOB_add_Debt_to_Equity,20251231,5187,5237,4.372923429444338,5,0.0,1.0
AOB_add_Debt_to_Equity,20260130,5193,5248,4.369664634146342,5,0.0,1.0
AOB_add_Debt_to_Equity,20260227,5202,5257,4.370363325090356,5,0.0,1.0
AOB_add_Debt_to_Equity,20260331,5206,5265,4.370750237416904,5,0.0,1.0
AOB_add_Debt_to_Equity,20260430,5211,5277,4.358537047564904,5,0.0,1.0
AOB_add_Debt_to_Equity,20260529,5231,5293,4.3221235594181,5,0.0,1.0
AOB_add_Debt_to_Equity,20260630,5228,5297,4.325089673400038,5,0.0,1.0
AOB_add_Gross_Margin,20220128,4366,4424,4.365732368896926,5,0.0,1.0
AOB_add_Gross_Margin,20220228,4408,4446,4.384840305892937,5,0.0,1.0
AOB_add_Gross_Margin,20220331,4439,4480,4.383482142857143,5,0.0,1.0
AOB_add_Gross_Margin,20220429,4374,4430,4.376523702031602,5,0.0,1.0
AOB_add_Gross_Margin,20220531,4451,4498,4.326589595375722,5,0.0,1.0
AOB_add_Gross_Margin,20220630,4487,4524,4.36737400530504,5,0.0,1.0
AOB_add_Gross_Margin,20220729,4519,4557,4.41430765854729,5,0.0,1.0
AOB_add_Gross_Margin,20220831,4567,4609,4.4033412887828165,5,0.0,1.0
AOB_add_Gross_Margin,20220930,4611,4655,4.399140708915145,5,0.0,1.0
AOB_add_Gross_Margin,20221031,4637,4685,4.383137673425827,5,0.0,1.0
AOB_add_Gross_Margin,20221130,4676,4727,4.386291516818278,5,0.0,1.0
AOB_add_Gross_Margin,20221230,4706,4779,4.372672107135384,5,0.0,1.0
AOB_add_Gross_Margin,20230131,4713,4785,4.376593521421108,5,0.0,1.0
AOB_add_Gross_Margin,20230228,4738,4813,4.370455017660503,5,0.0,1.0
AOB_add_Gross_Margin,20230331,4767,4846,4.368138671068923,5,0.0,1.0
AOB_add_Gross_Margin,20230428,4744,4824,4.347222222222222,5,0.0,1.0
AOB_add_Gross_Margin,20230531,4821,4890,4.29079754601227,5,0.0,1.0
AOB_add_Gross_Margin,20230630,4883,4939,4.308362016602551,5,0.0,1.0
AOB_add_Gross_Margin,20230731,4915,4968,4.34561191626409,5,0.0,1.0
AOB_add_Gross_Margin,20230831,4949,5001,4.335132973405319,5,0.0,1.0
AOB_add_Gross_Margin,20230928,4970,5018,4.3413710641689915,5,0.0,1.0
AOB_add_Gross_Margin,20231031,4988,5032,4.346184419713832,5,0.0,1.0
AOB_add_Gross_Margin,20231130,5002,5049,4.35016835016835,5,0.0,1.0
AOB_add_Gross_Margin,20231229,5014,5065,4.352615992102665,5,0.0,1.0
AOB_add_Gross_Margin,20240131,5035,5085,4.352802359882006,5,0.0,1.0
AOB_add_Gross_Margin,20240229,5044,5089,4.353311063077226,5,0.0,1.0
AOB_add_Gross_Margin,20240329,5055,5099,4.36163953716415,5,0.0,1.0
AOB_add_Gross_Margin,20240430,5019,5064,4.359597156398104,5,0.0,1.0
AOB_add_Gross_Margin,20240531,5058,5093,4.326919301001374,5,0.0,1.0
AOB_add_Gross_Margin,20240628,5068,5101,4.368359145265634,5,0.0,1.0
AOB_add_Gross_Margin,20240731,5074,5100,4.436274509803922,5,0.0,1.0
AOB_add_Gross_Margin,20240830,5082,5108,4.433829287392326,5,0.0,1.0
AOB_add_Gross_Margin,20240930,5082,5110,4.439334637964775,5,0.0,1.0
AOB_add_Gross_Margin,20241031,5086,5116,4.427677873338546,5,0.0,1.0
AOB_add_Gross_Margin,20241129,5101,5132,4.4294621979735,5,0.0,1.0
AOB_add_Gross_Margin,20241231,5108,5140,4.431128404669261,5,0.0,1.0
AOB_add_Gross_Margin,20250127,5126,5157,4.432034128369207,5,0.0,1.0
AOB_add_Gross_Margin,20250228,5127,5155,4.434917555771096,5,0.0,1.0
AOB_add_Gross_Margin,20250331,5131,5161,4.4367370664599886,5,0.0,1.0
AOB_add_Gross_Margin,20250430,5099,5127,4.424614784474351,5,0.0,1.0
AOB_add_Gross_Margin,20250530,5130,5159,4.369063772048847,5,0.0,1.0
AOB_add_Gross_Margin,20250630,5148,5181,4.354178729974908,5,0.0,1.0
AOB_add_Gross_Margin,20250731,5152,5191,4.374301675977653,5,0.0,1.0
AOB_add_Gross_Margin,20250829,5153,5194,4.367539468617636,5,0.0,1.0
AOB_add_Gross_Margin,20250930,5161,5201,4.366660257642761,5,0.0,1.0
AOB_add_Gross_Margin,20251031,5167,5213,4.358718588145022,5,0.0,1.0
AOB_add_Gross_Margin,20251128,5168,5214,4.359416954353663,5,0.0,1.0
AOB_add_Gross_Margin,20251231,5187,5237,4.354592323849532,5,0.0,1.0
AOB_add_Gross_Margin,20260130,5193,5248,4.351371951219512,5,0.0,1.0
AOB_add_Gross_Margin,20260227,5202,5257,4.352292181852768,5,0.0,1.0
AOB_add_Gross_Margin,20260331,5206,5265,4.352516619183286,5,0.0,1.0
AOB_add_Gross_Margin,20260430,5211,5277,4.340534394542353,5,0.0,1.0
AOB_add_Gross_Margin,20260529,5231,5293,4.303986397128282,5,0.0,1.0
AOB_add_Gross_Margin,20260630,5228,5297,4.306966207287144,5,0.0,1.0
AOB_add_Holder_Concen,20220128,4164,4424,4.069620253164557,5,0.0,1.0
AOB_add_Holder_Concen,20220228,4206,4446,4.092217723796671,5,0.0,1.0
AOB_add_Holder_Concen,20220331,4250,4480,4.111383928571429,5,0.0,1.0
AOB_add_Holder_Concen,20220429,4256,4430,4.1715575620767495,5,0.0,1.0
AOB_add_Holder_Concen,20220531,4320,4498,4.134948866162739,5,0.0,1.0
AOB_add_Holder_Concen,20220630,4343,4524,4.17683465959328,5,0.0,1.0
AOB_add_Holder_Concen,20220729,4372,4557,4.227342549923195,5,0.0,1.0
AOB_add_Holder_Concen,20220831,4445,4609,4.257756563245823,5,0.0,1.0
AOB_add_Holder_Concen,20220930,4492,4655,4.258216970998926,5,0.0,1.0
AOB_add_Holder_Concen,20221031,4526,4685,4.255069370330843,5,0.0,1.0
AOB_add_Holder_Concen,20221130,4562,4727,4.260630420985826,5,0.0,1.0
AOB_add_Holder_Concen,20221230,4596,4779,4.250889307386482,5,0.0,1.0
AOB_add_Holder_Concen,20230131,4601,4785,4.255381400208987,5,0.0,1.0
AOB_add_Holder_Concen,20230228,4620,4813,4.248701433617287,5,0.0,1.0
AOB_add_Holder_Concen,20230331,4647,4846,4.252992158481222,5,0.0,1.0
AOB_add_Holder_Concen,20230428,4660,4824,4.2547678275290215,5,0.0,1.0
AOB_add_Holder_Concen,20230531,4735,4890,4.202658486707566,5,0.0,1.0
AOB_add_Holder_Concen,20230630,4797,4939,4.220894917999595,5,0.0,1.0
AOB_add_Holder_Concen,20230731,4825,4968,4.2592592592592595,5,0.0,1.0
AOB_add_Holder_Concen,20230831,4875,5001,4.268346330733853,5,0.0,1.0
AOB_add_Holder_Concen,20230928,4895,5018,4.274412116381028,5,0.0,1.0
AOB_add_Holder_Concen,20231031,4924,5032,4.289348171701113,5,0.0,1.0
AOB_add_Holder_Concen,20231130,4937,5049,4.294117647058823,5,0.0,1.0
AOB_add_Holder_Concen,20231229,4949,5065,4.297334649555775,5,0.0,1.0
AOB_add_Holder_Concen,20240131,4972,5085,4.297738446411013,5,0.0,1.0
AOB_add_Holder_Concen,20240229,4982,5089,4.300844959717037,5,0.0,1.0
AOB_add_Holder_Concen,20240329,4996,5099,4.311629731319867,5,0.0,1.0
AOB_add_Holder_Concen,20240430,4980,5064,4.326816745655608,5,0.0,1.0
AOB_add_Holder_Concen,20240531,5019,5093,4.294325544865502,5,0.0,1.0
AOB_add_Holder_Concen,20240628,5030,5101,4.336012546559498,5,0.0,1.0
AOB_add_Holder_Concen,20240731,5037,5100,4.404117647058824,5,0.0,1.0
AOB_add_Holder_Concen,20240830,5050,5108,4.409945184025059,5,0.0,1.0
AOB_add_Holder_Concen,20240930,5052,5110,4.416242661448141,5,0.0,1.0
AOB_add_Holder_Concen,20241031,5067,5116,4.412236121970289,5,0.0,1.0
AOB_add_Holder_Concen,20241129,5083,5132,4.413678877630553,5,0.0,1.0
AOB_add_Holder_Concen,20241231,5090,5140,4.414980544747082,5,0.0,1.0
AOB_add_Holder_Concen,20250127,5105,5157,4.4149699437657555,5,0.0,1.0
AOB_add_Holder_Concen,20250228,5107,5155,4.417458777885548,5,0.0,1.0
AOB_add_Holder_Concen,20250331,5103,5161,4.419492346444487,5,0.0,1.0
AOB_add_Holder_Concen,20250430,5078,5127,4.414862492685781,5,0.0,1.0
AOB_add_Holder_Concen,20250530,5102,5159,4.358402791238612,5,0.0,1.0
AOB_add_Holder_Concen,20250630,5112,5181,4.3425979540629225,5,0.0,1.0
AOB_add_Holder_Concen,20250731,5114,5191,4.3617800038528225,5,0.0,1.0
AOB_add_Holder_Concen,20250829,5115,5194,4.358105506353485,5,0.0,1.0
AOB_add_Holder_Concen,20250930,5122,5201,4.357046721784272,5,0.0,1.0
AOB_add_Holder_Concen,20251031,5139,5213,4.355073853826971,5,0.0,1.0
AOB_add_Holder_Concen,20251128,5136,5214,4.354238588415804,5,0.0,1.0
AOB_add_Holder_Concen,20251231,5147,5237,4.3473362612182544,5,0.0,1.0
AOB_add_Holder_Concen,20260130,5149,5248,4.342225609756097,5,0.0,1.0
AOB_add_Holder_Concen,20260227,5154,5257,4.341639718470611,5,0.0,1.0
AOB_add_Holder_Concen,20260331,5155,5265,4.339981006647673,5,0.0,1.0
AOB_add_Holder_Concen,20260430,5176,5277,4.336933863937843,5,0.0,1.0
AOB_add_Holder_Concen,20260529,5181,5293,4.298318533912715,5,0.0,1.0
AOB_add_Holder_Concen,20260630,5186,5297,4.29960354917878,5,0.0,1.0
AOB_add_Momentum_60D,20220128,4276,4424,4.362793851717902,5,0.0,1.0
AOB_add_Momentum_60D,20220228,4327,4446,4.385964912280702,5,0.0,1.0
AOB_add_Momentum_60D,20220331,4367,4480,4.386383928571429,5,0.0,1.0
AOB_add_Momentum_60D,20220429,4296,4430,4.377426636568849,5,0.0,1.0
AOB_add_Momentum_60D,20220531,4385,4498,4.328812805691419,5,0.0,1.0
AOB_add_Momentum_60D,20220630,4436,4524,4.371352785145889,5,0.0,1.0
AOB_add_Momentum_60D,20220729,4463,4557,4.420671494404213,5,0.0,1.0
AOB_add_Momentum_60D,20220831,4489,4609,4.405293990019527,5,0.0,1.0
AOB_add_Momentum_60D,20220930,4518,4655,4.396348012889367,5,0.0,1.0
AOB_add_Momentum_60D,20221031,4538,4685,4.378868729989327,5,0.0,1.0
AOB_add_Momentum_60D,20221130,4591,4727,4.3858684154855085,5,0.0,1.0
AOB_add_Momentum_60D,20221230,4636,4779,4.37434609750994,5,0.0,1.0
AOB_add_Momentum_60D,20230131,4661,4785,4.382654127481714,5,0.0,1.0
AOB_add_Momentum_60D,20230228,4694,4813,4.378765842509869,5,0.0,1.0
AOB_add_Momentum_60D,20230331,4724,4846,4.377631035905901,5,0.0,1.0
AOB_add_Momentum_60D,20230428,4683,4824,4.353026533996683,5,0.0,1.0
AOB_add_Momentum_60D,20230531,4763,4890,4.294683026584867,5,0.0,1.0
AOB_add_Momentum_60D,20230630,4821,4939,4.3097793075521365,5,0.0,1.0
AOB_add_Momentum_60D,20230731,4837,4968,4.346618357487923,5,0.0,1.0
AOB_add_Momentum_60D,20230831,4870,5001,4.336532693461308,5,0.0,1.0
AOB_add_Momentum_60D,20230928,4914,5018,4.345954563571144,5,0.0,1.0
AOB_add_Momentum_60D,20231031,4945,5032,4.354332273449921,5,0.0,1.0
AOB_add_Momentum_60D,20231130,4974,5049,4.361853832442068,5,0.0,1.0
AOB_add_Momentum_60D,20231229,4989,5065,4.364067127344521,5,0.0,1.0
AOB_add_Momentum_60D,20240131,5008,5085,4.364405113077679,5,0.0,1.0
AOB_add_Momentum_60D,20240229,5017,5089,4.365297700923561,5,0.0,1.0
AOB_add_Momentum_60D,20240329,5034,5099,4.37536771916062,5,0.0,1.0
AOB_add_Momentum_60D,20240430,5005,5064,4.375,5,0.0,1.0
AOB_add_Momentum_60D,20240531,5050,5093,4.34341252699784,5,0.0,1.0
AOB_add_Momentum_60D,20240628,5060,5101,4.3850225445990985,5,0.0,1.0
AOB_add_Momentum_60D,20240731,5064,5100,4.452549019607843,5,0.0,1.0
AOB_add_Momentum_60D,20240830,5066,5108,4.448903680501175,5,0.0,1.0
AOB_add_Momentum_60D,20240930,5070,5110,4.454011741682975,5,0.0,1.0
AOB_add_Momentum_60D,20241031,5068,5116,4.440969507427678,5,0.0,1.0
AOB_add_Momentum_60D,20241129,5081,5132,4.442517537022603,5,0.0,1.0
AOB_add_Momentum_60D,20241231,5088,5140,4.444163424124514,5,0.0,1.0
AOB_add_Momentum_60D,20250127,5105,5157,4.444832266821796,5,0.0,1.0
AOB_add_Momentum_60D,20250228,5112,5155,4.448496605237634,5,0.0,1.0
AOB_add_Momentum_60D,20250331,5110,5161,4.450106568494478,5,0.0,1.0
AOB_add_Momentum_60D,20250430,5077,5127,4.438463038814121,5,0.0,1.0
AOB_add_Momentum_60D,20250530,5107,5159,4.38205078503586,5,0.0,1.0
AOB_add_Momentum_60D,20250630,5132,5181,4.368075661069292,5,0.0,1.0
AOB_add_Momentum_60D,20250731,5137,5191,4.388557118089,5,0.0,1.0
AOB_add_Momentum_60D,20250829,5140,5194,4.381786676934925,5,0.0,1.0
AOB_add_Momentum_60D,20250930,5145,5201,4.380503749278985,5,0.0,1.0
AOB_add_Momentum_60D,20251031,5152,5213,4.371762900441205,5,0.0,1.0
AOB_add_Momentum_60D,20251128,5149,5214,4.371308016877637,5,0.0,1.0
AOB_add_Momentum_60D,20251231,5168,5237,4.365858315829674,5,0.0,1.0
AOB_add_Momentum_60D,20260130,5173,5248,4.362804878048781,5,0.0,1.0
AOB_add_Momentum_60D,20260227,5181,5257,4.363515312916112,5,0.0,1.0
AOB_add_Momentum_60D,20260331,5189,5265,4.364102564102564,5,0.0,1.0
AOB_add_Momentum_60D,20260430,5190,5277,4.350388478302065,5,0.0,1.0
AOB_add_Momentum_60D,20260529,5205,5293,4.313621764594748,5,0.0,1.0
AOB_add_Momentum_60D,20260630,5211,5297,4.317349443080989,5,0.0,1.0
AOB_add_ROE,20220128,4354,4424,4.383363471971067,5,0.0,1.0
AOB_add_ROE,20220228,4397,4446,4.402384165542061,5,0.0,1.0
AOB_add_ROE,20220331,4432,4480,4.401339285714286,5,0.0,1.0
AOB_add_ROE,20220429,4375,4430,4.3963882618510155,5,0.0,1.0
AOB_add_ROE,20220531,4454,4498,4.347710093374833,5,0.0,1.0
AOB_add_ROE,20220630,4490,4524,4.38815207780725,5,0.0,1.0
AOB_add_ROE,20220729,4521,4557,4.4351547070441075,5,0.0,1.0
AOB_add_ROE,20220831,4570,4609,4.424170101974398,5,0.0,1.0
AOB_add_ROE,20220930,4614,4655,4.419763694951665,5,0.0,1.0
AOB_add_ROE,20221031,4640,4685,4.4036286019210245,5,0.0,1.0
AOB_add_ROE,20221130,4679,4727,4.4066003807911995,5,0.0,1.0
AOB_add_ROE,20221230,4710,4779,4.392969240426868,5,0.0,1.0
AOB_add_ROE,20230131,4716,4785,4.396865203761755,5,0.0,1.0
AOB_add_ROE,20230228,4742,4813,4.390816538541451,5,0.0,1.0
AOB_add_ROE,20230331,4771,4846,4.388361535286834,5,0.0,1.0
AOB_add_ROE,20230428,4748,4824,4.367537313432836,5,0.0,1.0
AOB_add_ROE,20230531,4825,4890,4.310838445807771,5,0.0,1.0
AOB_add_ROE,20230630,4888,4939,4.32820408989674,5,0.0,1.0
AOB_add_ROE,20230731,4920,4968,4.365338164251208,5,0.0,1.0
AOB_add_ROE,20230831,4953,5001,4.354729054189162,5,0.0,1.0
AOB_add_ROE,20230928,4974,5018,4.360900757273814,5,0.0,1.0
AOB_add_ROE,20231031,4991,5032,4.365659777424483,5,0.0,1.0
AOB_add_ROE,20231130,5005,5049,4.3695781342840165,5,0.0,1.0
AOB_add_ROE,20231229,5017,5065,4.371964461994077,5,0.0,1.0
AOB_add_ROE,20240131,5039,5085,4.372074729596854,5,0.0,1.0
AOB_add_ROE,20240229,5048,5089,4.372568284535272,5,0.0,1.0
AOB_add_ROE,20240329,5058,5099,4.380858991959208,5,0.0,1.0
AOB_add_ROE,20240430,5022,5064,4.378751974723539,5,0.0,1.0
AOB_add_ROE,20240531,5061,5093,4.3461613979972515,5,0.0,1.0
AOB_add_ROE,20240628,5071,5101,4.387571064497157,5,0.0,1.0
AOB_add_ROE,20240731,5078,5100,4.455490196078431,5,0.0,1.0
AOB_add_ROE,20240830,5084,5108,4.452819107282694,5,0.0,1.0
AOB_add_ROE,20240930,5084,5110,4.458121330724071,5,0.0,1.0
AOB_add_ROE,20241031,5088,5116,4.446833463643472,5,0.0,1.0
AOB_add_ROE,20241129,5103,5132,4.4485580670303975,5,0.0,1.0
AOB_add_ROE,20241231,5110,5140,4.450194552529183,5,0.0,1.0
AOB_add_ROE,20250127,5128,5157,4.451037424859415,5,0.0,1.0
AOB_add_ROE,20250228,5129,5155,4.453540252182347,5,0.0,1.0
AOB_add_ROE,20250331,5133,5161,4.455338112768843,5,0.0,1.0
AOB_add_ROE,20250430,5100,5127,4.443339184708407,5,0.0,1.0
AOB_add_ROE,20250530,5131,5159,4.387672029463074,5,0.0,1.0
AOB_add_ROE,20250630,5149,5181,4.372707971434086,5,0.0,1.0
AOB_add_ROE,20250731,5153,5191,4.392795222500482,5,0.0,1.0
AOB_add_ROE,20250829,5153,5194,4.386022333461686,5,0.0,1.0
AOB_add_ROE,20250930,5161,5201,4.385118246491059,5,0.0,1.0
AOB_add_ROE,20251031,5167,5213,4.3771340878572795,5,0.0,1.0
AOB_add_ROE,20251128,5168,5214,4.377253548139624,5,0.0,1.0
AOB_add_ROE,20251231,5187,5237,4.372923429444338,5,0.0,1.0
AOB_add_ROE,20260130,5193,5248,4.369664634146342,5,0.0,1.0
AOB_add_ROE,20260227,5202,5257,4.370363325090356,5,0.0,1.0
AOB_add_ROE,20260331,5206,5265,4.370750237416904,5,0.0,1.0
AOB_add_ROE,20260430,5211,5277,4.358537047564904,5,0.0,1.0
AOB_add_ROE,20260529,5231,5293,4.3221235594181,5,0.0,1.0
AOB_add_ROE,20260630,5228,5297,4.325089673400038,5,0.0,1.0
AOB_add_Revenue_Growth,20220128,4372,4424,4.387432188065099,5,0.0,1.0
AOB_add_Revenue_Growth,20220228,4414,4446,4.406432748538012,5,0.0,1.0
AOB_add_Revenue_Growth,20220331,4445,4480,4.404464285714286,5,0.0,1.0
AOB_add_Revenue_Growth,20220429,4378,4430,4.397291196388262,5,0.0,1.0
AOB_add_Revenue_Growth,20220531,4454,4498,4.347487772343264,5,0.0,1.0
AOB_add_Revenue_Growth,20220630,4490,4524,4.387931034482759,5,0.0,1.0
AOB_add_Revenue_Growth,20220729,4520,4557,4.43449637919684,5,0.0,1.0
AOB_add_Revenue_Growth,20220831,4569,4609,4.423302234758082,5,0.0,1.0
AOB_add_Revenue_Growth,20220930,4614,4655,4.41890440386681,5,0.0,1.0
AOB_add_Revenue_Growth,20221031,4640,4685,4.402988260405549,5,0.0,1.0
AOB_add_Revenue_Growth,20221130,4679,4727,4.4059657287920455,5,0.0,1.0
AOB_add_Revenue_Growth,20221230,4710,4779,4.392341494036409,5,0.0,1.0
AOB_add_Revenue_Growth,20230131,4715,4785,4.396238244514106,5,0.0,1.0
AOB_add_Revenue_Growth,20230228,4741,4813,4.390193226677748,5,0.0,1.0
AOB_add_Revenue_Growth,20230331,4770,4846,4.3879488237721835,5,0.0,1.0
AOB_add_Revenue_Growth,20230428,4748,4824,4.367330016583748,5,0.0,1.0
AOB_add_Revenue_Growth,20230531,4825,4890,4.310633946830266,5,0.0,1.0
AOB_add_Revenue_Growth,20230630,4888,4939,4.3280016197610855,5,0.0,1.0
AOB_add_Revenue_Growth,20230731,4920,4968,4.365136876006441,5,0.0,1.0
AOB_add_Revenue_Growth,20230831,4952,5001,4.354529094181164,5,0.0,1.0
AOB_add_Revenue_Growth,20230928,4973,5018,4.360701474691112,5,0.0,1.0
AOB_add_Revenue_Growth,20231031,4990,5032,4.365461049284579,5,0.0,1.0
AOB_add_Revenue_Growth,20231130,5004,5049,4.369380075262428,5,0.0,1.0
AOB_add_Revenue_Growth,20231229,5016,5065,4.371767028627838,5,0.0,1.0
AOB_add_Revenue_Growth,20240131,5038,5085,4.371878072763028,5,0.0,1.0
AOB_add_Revenue_Growth,20240229,5047,5089,4.372371782275496,5,0.0,1.0
AOB_add_Revenue_Growth,20240329,5057,5099,4.3806628750735435,5,0.0,1.0
AOB_add_Revenue_Growth,20240430,5021,5064,4.378554502369668,5,0.0,1.0
AOB_add_Revenue_Growth,20240531,5060,5093,4.345965050068722,5,0.0,1.0
AOB_add_Revenue_Growth,20240628,5070,5101,4.387375024504999,5,0.0,1.0
AOB_add_Revenue_Growth,20240731,5077,5100,4.455294117647059,5,0.0,1.0
AOB_add_Revenue_Growth,20240830,5084,5108,4.452819107282694,5,0.0,1.0
AOB_add_Revenue_Growth,20240930,5084,5110,4.458121330724071,5,0.0,1.0
AOB_add_Revenue_Growth,20241031,5088,5116,4.446833463643472,5,0.0,1.0
AOB_add_Revenue_Growth,20241129,5103,5132,4.4485580670303975,5,0.0,1.0
AOB_add_Revenue_Growth,20241231,5110,5140,4.450194552529183,5,0.0,1.0
AOB_add_Revenue_Growth,20250127,5128,5157,4.451037424859415,5,0.0,1.0
AOB_add_Revenue_Growth,20250228,5129,5155,4.453540252182347,5,0.0,1.0
AOB_add_Revenue_Growth,20250331,5133,5161,4.455338112768843,5,0.0,1.0
AOB_add_Revenue_Growth,20250430,5100,5127,4.443339184708407,5,0.0,1.0
AOB_add_Revenue_Growth,20250530,5131,5159,4.387672029463074,5,0.0,1.0
AOB_add_Revenue_Growth,20250630,5149,5181,4.372707971434086,5,0.0,1.0
AOB_add_Revenue_Growth,20250731,5153,5191,4.392795222500482,5,0.0,1.0
AOB_add_Revenue_Growth,20250829,5153,5194,4.386022333461686,5,0.0,1.0
AOB_add_Revenue_Growth,20250930,5161,5201,4.385118246491059,5,0.0,1.0
AOB_add_Revenue_Growth,20251031,5167,5213,4.3771340878572795,5,0.0,1.0
AOB_add_Revenue_Growth,20251128,5168,5214,4.377253548139624,5,0.0,1.0
AOB_add_Revenue_Growth,20251231,5187,5237,4.372923429444338,5,0.0,1.0
AOB_add_Revenue_Growth,20260130,5193,5248,4.369664634146342,5,0.0,1.0
AOB_add_Revenue_Growth,20260227,5202,5257,4.370363325090356,5,0.0,1.0
AOB_add_Revenue_Growth,20260331,5206,5265,4.370750237416904,5,0.0,1.0
AOB_add_Revenue_Growth,20260430,5211,5277,4.358537047564904,5,0.0,1.0
AOB_add_Revenue_Growth,20260529,5231,5293,4.3221235594181,5,0.0,1.0
AOB_add_Revenue_Growth,20260630,5228,5297,4.325089673400038,5,0.0,1.0
AOB_add_Turnover_20D,20220128,4346,4424,4.380877034358047,5,0.0,1.0
AOB_add_Turnover_20D,20220228,4392,4446,4.401709401709402,5,0.0,1.0
AOB_add_Turnover_20D,20220331,4411,4480,4.396875,5,0.0,1.0
AOB_add_Turnover_20D,20220429,4345,4430,4.38803611738149,5,0.0,1.0
AOB_add_Turnover_20D,20220531,4443,4498,4.34415295686972,5,0.0,1.0
AOB_add_Turnover_20D,20220630,4469,4524,4.382183908045977,5,0.0,1.0
AOB_add_Turnover_20D,20220729,4500,4557,4.428790871187185,5,0.0,1.0
AOB_add_Turnover_20D,20220831,4531,4609,4.414840529399002,5,0.0,1.0
AOB_add_Turnover_20D,20220930,4580,4655,4.410741138560687,5,0.0,1.0
AOB_add_Turnover_20D,20221031,4609,4685,4.395517609391676,5,0.0,1.0
AOB_add_Turnover_20D,20221130,4656,4727,4.400253860799661,5,0.0,1.0
AOB_add_Turnover_20D,20221230,4681,4779,4.381669805398619,5,0.0,1.0
AOB_add_Turnover_20D,20230131,4705,4785,4.392685475444096,5,0.0,1.0
AOB_add_Turnover_20D,20230228,4726,4813,4.386245584874299,5,0.0,1.0
AOB_add_Turnover_20D,20230331,4749,4846,4.382789929839043,5,0.0,1.0
AOB_add_Turnover_20D,20230428,4720,4824,4.360281923714759,5,0.0,1.0
AOB_add_Turnover_20D,20230531,4802,4890,4.304498977505112,5,0.0,1.0
AOB_add_Turnover_20D,20230630,4857,4939,4.320915165013161,5,0.0,1.0
AOB_add_Turnover_20D,20230731,4890,4968,4.358695652173913,5,0.0,1.0
AOB_add_Turnover_20D,20230831,4931,5001,4.349130173965207,5,0.0,1.0
AOB_add_Turnover_20D,20230928,4960,5018,4.357114388202471,5,0.0,1.0
AOB_add_Turnover_20D,20231031,4979,5032,4.362877583465819,5,0.0,1.0
AOB_add_Turnover_20D,20231130,4997,5049,4.367003367003367,5,0.0,1.0
AOB_add_Turnover_20D,20231229,5003,5065,4.368213228035538,5,0.0,1.0
AOB_add_Turnover_20D,20240131,5030,5085,4.3695181907571286,5,0.0,1.0
AOB_add_Turnover_20D,20240229,5042,5089,4.370996266457064,5,0.0,1.0
AOB_add_Turnover_20D,20240329,5050,5099,4.379093939988233,5,0.0,1.0
AOB_add_Turnover_20D,20240430,5018,5064,4.377764612954186,5,0.0,1.0
AOB_add_Turnover_20D,20240531,5059,5093,4.345572354211663,5,0.0,1.0
AOB_add_Turnover_20D,20240628,5065,5101,4.386394824544207,5,0.0,1.0
AOB_add_Turnover_20D,20240731,5073,5100,4.454509803921568,5,0.0,1.0
AOB_add_Turnover_20D,20240830,5078,5108,4.451252936570087,5,0.0,1.0
AOB_add_Turnover_20D,20240930,5079,5110,4.4567514677103715,5,0.0,1.0
AOB_add_Turnover_20D,20241031,5080,5116,4.444683346364347,5,0.0,1.0
AOB_add_Turnover_20D,20241129,5097,5132,4.44680436477007,5,0.0,1.0
AOB_add_Turnover_20D,20241231,5103,5140,4.448249027237354,5,0.0,1.0
AOB_add_Turnover_20D,20250127,5117,5157,4.448710490595308,5,0.0,1.0
AOB_add_Turnover_20D,20250228,5127,5155,4.4529582929194955,5,0.0,1.0
AOB_add_Turnover_20D,20250331,5124,5161,4.4534005037783375,5,0.0,1.0
AOB_add_Turnover_20D,20250430,5091,5127,4.441583772186464,5,0.0,1.0
AOB_add_Turnover_20D,20250530,5126,5159,4.386509013374685,5,0.0,1.0
AOB_add_Turnover_20D,20250630,5143,5181,4.3711638679791545,5,0.0,1.0
AOB_add_Turnover_20D,20250731,5147,5191,4.391446734733192,5,0.0,1.0
AOB_add_Turnover_20D,20250829,5150,5194,4.3844820947246825,5,0.0,1.0
AOB_add_Turnover_20D,20250930,5154,5201,4.383195539319361,5,0.0,1.0
AOB_add_Turnover_20D,20251031,5162,5213,4.375023978515251,5,0.0,1.0
AOB_add_Turnover_20D,20251128,5162,5214,4.375335634829305,5,0.0,1.0
AOB_add_Turnover_20D,20251231,5177,5237,4.37005919419515,5,0.0,1.0
AOB_add_Turnover_20D,20260130,5189,5248,4.367949695121951,5,0.0,1.0
AOB_add_Turnover_20D,20260227,5195,5257,4.368080654365608,5,0.0,1.0
AOB_add_Turnover_20D,20260331,5202,5265,4.368471035137702,5,0.0,1.0
AOB_add_Turnover_20D,20260430,5202,5277,4.355315520181922,5,0.0,1.0
AOB_add_Turnover_20D,20260529,5223,5293,4.319478556584167,5,0.0,1.0
AOB_add_Turnover_20D,20260630,5225,5297,4.323390598451954,5,0.0,1.0
Fixed4_Equal,20220128,3526,4424,3.387884267631103,4,0.0,1.0
Fixed4_Equal,20220228,3562,4446,3.4068825910931175,4,0.0,1.0
Fixed4_Equal,20220331,3590,4480,3.4049107142857142,4,0.0,1.0
Fixed4_Equal,20220429,3636,4430,3.397742663656885,4,0.0,1.0
Fixed4_Equal,20220531,3701,4498,3.3479324144064027,4,0.0,1.0
Fixed4_Equal,20220630,3784,4524,3.3883731211317416,4,0.0,1.0
Fixed4_Equal,20220729,3813,4557,3.435154707044108,4,0.0,1.0
Fixed4_Equal,20220831,3775,4609,3.424170101974398,4,0.0,1.0
Fixed4_Equal,20220930,3788,4655,3.4197636949516648,4,0.0,1.0
Fixed4_Equal,20221031,3797,4685,3.4036286019210245,4,0.0,1.0
Fixed4_Equal,20221130,3825,4727,3.4066003807911995,4,0.0,1.0
Fixed4_Equal,20221230,3827,4779,3.3929692404268676,4,0.0,1.0
Fixed4_Equal,20230131,3828,4785,3.3968652037617555,4,0.0,1.0
Fixed4_Equal,20230228,3836,4813,3.39081653854145,4,0.0,1.0
Fixed4_Equal,20230331,3858,4846,3.3883615352868346,4,0.0,1.0
Fixed4_Equal,20230428,3877,4824,3.3675373134328357,4,0.0,1.0
Fixed4_Equal,20230531,3912,4890,3.310838445807771,4,0.0,1.0
Fixed4_Equal,20230630,3960,4939,3.32820408989674,4,0.0,1.0
Fixed4_Equal,20230731,3954,4968,3.3653381642512077,4,0.0,1.0
Fixed4_Equal,20230831,3935,5001,3.3547290541891623,4,0.0,1.0
Fixed4_Equal,20230928,3954,5018,3.3609007572738143,4,0.0,1.0
Fixed4_Equal,20231031,3979,5032,3.3656597774244834,4,0.0,1.0
Fixed4_Equal,20231130,3992,5049,3.3695781342840165,4,0.0,1.0
Fixed4_Equal,20231229,4010,5065,3.371964461994077,4,0.0,1.0
Fixed4_Equal,20240131,4022,5085,3.3720747295968536,4,0.0,1.0
Fixed4_Equal,20240229,4028,5089,3.372568284535272,4,0.0,1.0
Fixed4_Equal,20240329,4064,5099,3.3808589919592076,4,0.0,1.0
Fixed4_Equal,20240430,4146,5064,3.3787519747235386,4,0.0,1.0
Fixed4_Equal,20240531,4147,5093,3.346161397997251,4,0.0,1.0
Fixed4_Equal,20240628,4166,5101,3.3875710644971573,4,0.0,1.0
Fixed4_Equal,20240731,4181,5100,3.4554901960784314,4,0.0,1.0
Fixed4_Equal,20240830,4167,5108,3.4528191072826937,4,0.0,1.0
Fixed4_Equal,20240930,4179,5110,3.4581213307240706,4,0.0,1.0
Fixed4_Equal,20241031,4188,5116,3.4468334636434714,4,0.0,1.0
Fixed4_Equal,20241129,4201,5132,3.4485580670303975,4,0.0,1.0
Fixed4_Equal,20241231,4210,5140,3.450194552529183,4,0.0,1.0
Fixed4_Equal,20250127,4223,5157,3.4510374248594142,4,0.0,1.0
Fixed4_Equal,20250228,4237,5155,3.4535402521823473,4,0.0,1.0
Fixed4_Equal,20250331,4255,5161,3.4553381127688434,4,0.0,1.0
Fixed4_Equal,20250430,4302,5127,3.4433391847084063,4,0.0,1.0
Fixed4_Equal,20250530,4245,5159,3.3876720294630744,4,0.0,1.0
Fixed4_Equal,20250630,4141,5181,3.372707971434086,4,0.0,1.0
Fixed4_Equal,20250731,4086,5191,3.3927952225004816,4,0.0,1.0
Fixed4_Equal,20250829,4065,5194,3.3860223334616864,4,0.0,1.0
Fixed4_Equal,20250930,4061,5201,3.3851182464910594,4,0.0,1.0
Fixed4_Equal,20251031,4081,5213,3.37713408785728,4,0.0,1.0
Fixed4_Equal,20251128,4079,5214,3.377253548139624,4,0.0,1.0
Fixed4_Equal,20251231,4085,5237,3.3729234294443384,4,0.0,1.0
Fixed4_Equal,20260130,4086,5248,3.3696646341463414,4,0.0,1.0
Fixed4_Equal,20260227,4094,5257,3.3703633250903557,4,0.0,1.0
Fixed4_Equal,20260331,4128,5265,3.370750237416904,4,0.0,1.0
Fixed4_Equal,20260430,4208,5277,3.358537047564904,4,0.0,1.0
Fixed4_Equal,20260529,4145,5293,3.3221235594180993,4,0.0,1.0
Fixed4_Equal,20260630,4082,5297,3.3250896734000377,4,0.0,1.0
Full11_Equal,20220128,4423,4424,10.004520795660037,11,0.0,1.0
Full11_Equal,20220228,4445,4446,10.033738191632928,11,0.0,1.0
Full11_Equal,20220331,4479,4480,10.054910714285715,11,0.0,1.0
Full11_Equal,20220429,4430,4430,10.116704288939053,11,1.0,1.0
Full11_Equal,20220531,4498,4498,10.089373054690974,11,1.0,1.0
Full11_Equal,20220630,4524,4524,10.131741821396993,11,1.0,1.0
Full11_Equal,20220729,4556,4557,10.18499012508229,11,0.0,1.0
Full11_Equal,20220831,4608,4609,10.20785419830766,11,0.0,1.0
Full11_Equal,20220930,4655,4655,10.204296455424275,11,1.0,1.0
Full11_Equal,20221031,4685,4685,10.201067235859124,11,1.0,1.0
Full11_Equal,20221130,4727,4727,10.212608419716522,11,1.0,1.0
Full11_Equal,20221230,4779,4779,10.200041849759364,11,1.0,1.0
Full11_Equal,20230131,4785,4785,10.216091954022989,11,1.0,1.0
Full11_Equal,20230228,4812,4813,10.211094951173903,11,0.0,1.0
Full11_Equal,20230331,4845,4846,10.216054477919934,11,0.0,1.0
Full11_Equal,20230428,4824,4824,10.212479270315091,11,1.0,1.0
Full11_Equal,20230531,4890,4890,10.159918200408997,11,1.0,1.0
Full11_Equal,20230630,4939,4939,10.175136667341567,11,1.0,1.0
Full11_Equal,20230731,4968,4968,10.213969404186795,11,1.0,1.0
Full11_Equal,20230831,5001,5001,10.224755048990202,11,1.0,1.0
Full11_Equal,20230928,5018,5018,10.235950577919489,11,1.0,1.0
Full11_Equal,20231031,5032,5032,10.25556438791733,11,1.0,1.0
Full11_Equal,20231130,5049,5049,10.26421073479897,11,1.0,1.0
Full11_Equal,20231229,5065,5065,10.26614017769003,11,1.0,1.0
Full11_Equal,20240131,5085,5085,10.268043264503442,11,1.0,1.0
Full11_Equal,20240229,5089,5089,10.272548634309295,11,1.0,1.0
Full11_Equal,20240329,5099,5099,10.284957834869582,11,1.0,1.0
Full11_Equal,20240430,5064,5064,10.302725118483412,11,1.0,1.0
Full11_Equal,20240531,5093,5093,10.271549185156097,11,1.0,1.0
Full11_Equal,20240628,5101,5101,10.312879827484807,11,1.0,1.0
Full11_Equal,20240731,5100,5100,10.38078431372549,11,1.0,1.0
Full11_Equal,20240830,5108,5108,10.385473766640564,11,1.0,1.0
Full11_Equal,20240930,5110,5110,10.39197651663405,11,1.0,1.0
Full11_Equal,20241031,5115,5116,10.385066458170446,11,0.0,1.0
Full11_Equal,20241129,5129,5132,10.386788776305535,11,0.0,1.0
Full11_Equal,20241231,5137,5140,10.387937743190662,11,0.0,1.0
Full11_Equal,20250127,5156,5157,10.387434554973822,11,0.0,1.0
Full11_Equal,20250228,5155,5155,10.39321047526673,11,1.0,1.0
Full11_Equal,20250331,5160,5161,10.393722146870761,11,0.0,1.0
Full11_Equal,20250430,5127,5127,10.389506534035498,11,1.0,1.0
Full11_Equal,20250530,5159,5159,10.333010273308782,11,1.0,1.0
Full11_Equal,20250630,5180,5181,10.317892298784018,11,0.0,1.0
Full11_Equal,20250731,5190,5191,10.337699865151222,11,0.0,1.0
Full11_Equal,20250829,5192,5194,10.333846746245667,11,0.0,1.0
Full11_Equal,20250930,5201,5201,10.332051528552201,11,1.0,1.0
Full11_Equal,20251031,5209,5213,10.329177057356608,11,0.0,1.0
Full11_Equal,20251128,5214,5214,10.328538550057537,11,1.0,1.0
Full11_Equal,20251231,5233,5237,10.319075806759596,11,0.0,1.0
Full11_Equal,20260130,5243,5248,10.315358231707316,11,0.0,1.0
Full11_Equal,20260227,5252,5257,10.31443789233403,11,0.0,1.0
Full11_Equal,20260331,5258,5265,10.312820512820513,11,0.0,1.0
Full11_Equal,20260430,5272,5277,10.307561114269472,11,0.0,1.0
Full11_Equal,20260529,5289,5293,10.269034573965614,11,0.0,1.0
Full11_Equal,20260630,5291,5297,10.272040777798754,11,0.0,1.0
Grouped8_Equal,20220128,4418,4424,7.374547920433996,8,0.0,1.0
Grouped8_Equal,20220228,4444,4446,7.407557354925776,8,0.0,1.0
Grouped8_Equal,20220331,4476,4480,7.4348214285714285,8,0.0,1.0
Grouped8_Equal,20220429,4427,4430,7.520316027088036,8,0.0,1.0
Grouped8_Equal,20220531,4494,4498,7.531347265451312,8,0.0,1.0
Grouped8_Equal,20220630,4521,4524,7.518567639257294,8,0.0,1.0
Grouped8_Equal,20220729,4553,4557,7.5229317533465,8,0.0,1.0
Grouped8_Equal,20220831,4605,4609,7.548058147103493,8,0.0,1.0
Grouped8_Equal,20220930,4648,4655,7.546294307196563,8,0.0,1.0
Grouped8_Equal,20221031,4679,4685,7.559445037353255,8,0.0,1.0
Grouped8_Equal,20221130,4725,4727,7.574148508567802,8,0.0,1.0
Grouped8_Equal,20221230,4768,4779,7.568947478551999,8,0.0,1.0
Grouped8_Equal,20230131,4776,4785,7.585997910135841,8,0.0,1.0
Grouped8_Equal,20230228,4803,4813,7.589029711198837,8,0.0,1.0
Grouped8_Equal,20230331,4838,4846,7.600288898060256,8,0.0,1.0
Grouped8_Equal,20230428,4813,4824,7.627072968490879,8,0.0,1.0
Grouped8_Equal,20230531,4882,4890,7.613496932515337,8,0.0,1.0
Grouped8_Equal,20230630,4936,4939,7.590402915569953,8,0.0,1.0
Grouped8_Equal,20230731,4967,4968,7.581723027375201,8,0.0,1.0
Grouped8_Equal,20230831,4997,5001,7.601879624075185,8,0.0,1.0
Grouped8_Equal,20230928,5013,5018,7.609406137903547,8,0.0,1.0
Grouped8_Equal,20231031,5030,5032,7.630763116057234,8,0.0,1.0
Grouped8_Equal,20231130,5045,5049,7.639334521687463,8,0.0,1.0
Grouped8_Equal,20231229,5061,5065,7.641855873642646,8,0.0,1.0
Grouped8_Equal,20240131,5083,5085,7.645624385447395,8,0.0,1.0
Grouped8_Equal,20240229,5088,5089,7.653173511495382,8,0.0,1.0
Grouped8_Equal,20240329,5098,5099,7.666993528142773,8,0.0,1.0
Grouped8_Equal,20240430,5064,5064,7.713467614533966,8,1.0,1.0
Grouped8_Equal,20240531,5092,5093,7.707637934419792,8,0.0,1.0
Grouped8_Equal,20240628,5101,5101,7.695353852185846,8,1.0,1.0
Grouped8_Equal,20240731,5100,5100,7.697647058823529,8,1.0,1.0
Grouped8_Equal,20240830,5106,5108,7.7081049334377445,8,0.0,1.0
Grouped8_Equal,20240930,5108,5110,7.712328767123288,8,0.0,1.0
Grouped8_Equal,20241031,5113,5116,7.7198983580922595,8,0.0,1.0
Grouped8_Equal,20241129,5128,5132,7.72116134060795,8,0.0,1.0
Grouped8_Equal,20241231,5133,5140,7.721789883268483,8,0.0,1.0
Grouped8_Equal,20250127,5147,5157,7.721543533061857,8,0.0,1.0
Grouped8_Equal,20250228,5148,5155,7.729194956353055,8,0.0,1.0
Grouped8_Equal,20250331,5152,5161,7.731834915714009,8,0.0,1.0
Grouped8_Equal,20250430,5123,5127,7.756582796957285,8,0.0,1.0
Grouped8_Equal,20250530,5153,5159,7.737933708082962,8,0.0,1.0
Grouped8_Equal,20250630,5175,5181,7.70546226597182,8,0.0,1.0
Grouped8_Equal,20250731,5186,5191,7.689077249084955,8,0.0,1.0
Grouped8_Equal,20250829,5186,5194,7.690026954177897,8,0.0,1.0
Grouped8_Equal,20250930,5191,5201,7.687175543164776,8,0.0,1.0
Grouped8_Equal,20251031,5204,5213,7.6951851141377325,8,0.0,1.0
Grouped8_Equal,20251128,5201,5214,7.6937092443421555,8,0.0,1.0
Grouped8_Equal,20251231,5218,5237,7.686652663738782,8,0.0,1.0
Grouped8_Equal,20260130,5234,5248,7.6857850609756095,8,0.0,1.0
Grouped8_Equal,20260227,5237,5257,7.6844207723035955,8,0.0,1.0
Grouped8_Equal,20260331,5243,5265,7.6881291547958215,8,0.0,1.0
Grouped8_Equal,20260430,5257,5277,7.710631040363843,8,0.0,1.0
Grouped8_Equal,20260529,5269,5293,7.694691101454752,8,0.0,1.0
Grouped8_Equal,20260630,5279,5297,7.673022465546536,8,0.0,1.0
LOO_without_Debt_to_Equity,20220128,4417,4424,9.010397830018084,10,0.0,1.0
LOO_without_Debt_to_Equity,20220228,4444,4446,9.039136302294198,10,0.0,1.0
LOO_without_Debt_to_Equity,20220331,4476,4480,9.059375,10,0.0,1.0
LOO_without_Debt_to_Equity,20220429,4427,4430,9.118510158013544,10,0.0,1.0
LOO_without_Debt_to_Equity,20220531,4494,4498,9.090040017785682,10,0.0,1.0
LOO_without_Debt_to_Equity,20220630,4521,4524,9.131962864721485,10,0.0,1.0
LOO_without_Debt_to_Equity,20220729,4553,4557,9.18499012508229,10,0.0,1.0
LOO_without_Debt_to_Equity,20220831,4604,4609,9.20785419830766,10,0.0,1.0
LOO_without_Debt_to_Equity,20220930,4648,4655,9.204296455424275,10,0.0,1.0
LOO_without_Debt_to_Equity,20221031,4679,4685,9.201067235859124,10,0.0,1.0
LOO_without_Debt_to_Equity,20221130,4725,4727,9.212608419716522,10,0.0,1.0
LOO_without_Debt_to_Equity,20221230,4767,4779,9.200041849759364,10,0.0,1.0
LOO_without_Debt_to_Equity,20230131,4776,4785,9.216091954022989,10,0.0,1.0
LOO_without_Debt_to_Equity,20230228,4803,4813,9.211094951173903,10,0.0,1.0
LOO_without_Debt_to_Equity,20230331,4838,4846,9.216054477919934,10,0.0,1.0
LOO_without_Debt_to_Equity,20230428,4813,4824,9.212479270315091,10,0.0,1.0
LOO_without_Debt_to_Equity,20230531,4882,4890,9.159918200408997,10,0.0,1.0
LOO_without_Debt_to_Equity,20230630,4936,4939,9.175136667341567,10,0.0,1.0
LOO_without_Debt_to_Equity,20230731,4967,4968,9.213969404186795,10,0.0,1.0
LOO_without_Debt_to_Equity,20230831,4997,5001,9.224755048990202,10,0.0,1.0
LOO_without_Debt_to_Equity,20230928,5013,5018,9.235950577919489,10,0.0,1.0
LOO_without_Debt_to_Equity,20231031,5030,5032,9.25556438791733,10,0.0,1.0
LOO_without_Debt_to_Equity,20231130,5045,5049,9.26421073479897,10,0.0,1.0
LOO_without_Debt_to_Equity,20231229,5061,5065,9.26614017769003,10,0.0,1.0
LOO_without_Debt_to_Equity,20240131,5083,5085,9.268043264503442,10,0.0,1.0
LOO_without_Debt_to_Equity,20240229,5088,5089,9.272548634309295,10,0.0,1.0
LOO_without_Debt_to_Equity,20240329,5098,5099,9.284957834869582,10,0.0,1.0
LOO_without_Debt_to_Equity,20240430,5064,5064,9.302725118483412,10,1.0,1.0
LOO_without_Debt_to_Equity,20240531,5092,5093,9.271549185156097,10,0.0,1.0
LOO_without_Debt_to_Equity,20240628,5101,5101,9.312879827484807,10,1.0,1.0
LOO_without_Debt_to_Equity,20240731,5100,5100,9.38078431372549,10,1.0,1.0
LOO_without_Debt_to_Equity,20240830,5106,5108,9.385473766640564,10,0.0,1.0
LOO_without_Debt_to_Equity,20240930,5108,5110,9.39197651663405,10,0.0,1.0
LOO_without_Debt_to_Equity,20241031,5113,5116,9.385066458170446,10,0.0,1.0
LOO_without_Debt_to_Equity,20241129,5128,5132,9.386788776305535,10,0.0,1.0
LOO_without_Debt_to_Equity,20241231,5133,5140,9.387937743190662,10,0.0,1.0
LOO_without_Debt_to_Equity,20250127,5147,5157,9.387434554973822,10,0.0,1.0
LOO_without_Debt_to_Equity,20250228,5148,5155,9.39321047526673,10,0.0,1.0
LOO_without_Debt_to_Equity,20250331,5152,5161,9.393722146870761,10,0.0,1.0
LOO_without_Debt_to_Equity,20250430,5123,5127,9.389506534035498,10,0.0,1.0
LOO_without_Debt_to_Equity,20250530,5154,5159,9.333010273308782,10,0.0,1.0
LOO_without_Debt_to_Equity,20250630,5175,5181,9.317892298784018,10,0.0,1.0
LOO_without_Debt_to_Equity,20250731,5186,5191,9.337699865151222,10,0.0,1.0
LOO_without_Debt_to_Equity,20250829,5186,5194,9.333846746245667,10,0.0,1.0
LOO_without_Debt_to_Equity,20250930,5192,5201,9.332051528552201,10,0.0,1.0
LOO_without_Debt_to_Equity,20251031,5204,5213,9.329177057356608,10,0.0,1.0
LOO_without_Debt_to_Equity,20251128,5201,5214,9.328538550057537,10,0.0,1.0
LOO_without_Debt_to_Equity,20251231,5218,5237,9.319075806759596,10,0.0,1.0
LOO_without_Debt_to_Equity,20260130,5234,5248,9.315358231707316,10,0.0,1.0
LOO_without_Debt_to_Equity,20260227,5237,5257,9.31443789233403,10,0.0,1.0
LOO_without_Debt_to_Equity,20260331,5243,5265,9.312820512820513,10,0.0,1.0
LOO_without_Debt_to_Equity,20260430,5257,5277,9.307561114269472,10,0.0,1.0
LOO_without_Debt_to_Equity,20260529,5273,5293,9.269034573965614,10,0.0,1.0
LOO_without_Debt_to_Equity,20260630,5279,5297,9.272040777798754,10,0.0,1.0
LOO_without_Dividend_Yield,20220128,4423,4424,9.316681735985533,10,0.0,1.0
LOO_without_Dividend_Yield,20220228,4445,4446,9.348403058929375,10,0.0,1.0
LOO_without_Dividend_Yield,20220331,4479,4480,9.377232142857142,10,0.0,1.0
LOO_without_Dividend_Yield,20220429,4430,4430,9.449887133182845,10,1.0,1.0
LOO_without_Dividend_Yield,20220531,4498,4498,9.465984882169852,10,1.0,1.0
LOO_without_Dividend_Yield,20220630,4524,4524,9.471927497789567,10,1.0,1.0
LOO_without_Dividend_Yield,20220729,4556,4557,9.483651525126179,10,0.0,1.0
LOO_without_Dividend_Yield,20220831,4608,4609,9.496853981340855,10,0.0,1.0
LOO_without_Dividend_Yield,20220930,4655,4655,9.496025778732546,10,1.0,1.0
LOO_without_Dividend_Yield,20221031,4685,4685,9.496051227321239,10,1.0,1.0
LOO_without_Dividend_Yield,20221130,4727,4727,9.511106409985192,10,1.0,1.0
LOO_without_Dividend_Yield,20221230,4779,4779,9.506382088302992,10,1.0,1.0
LOO_without_Dividend_Yield,20230131,4785,4785,9.523719958202717,10,1.0,1.0
LOO_without_Dividend_Yield,20230228,4812,4813,9.52275088302514,10,0.0,1.0
LOO_without_Dividend_Yield,20230331,4845,4846,9.533842344201403,10,0.0,1.0
LOO_without_Dividend_Yield,20230428,4824,4824,9.541459369817579,10,1.0,1.0
LOO_without_Dividend_Yield,20230531,4890,4890,9.535582822085889,10,1.0,1.0
LOO_without_Dividend_Yield,20230630,4939,4939,9.530674225551731,10,1.0,1.0
LOO_without_Dividend_Yield,20230731,4968,4968,9.534420289855072,10,1.0,1.0
LOO_without_Dividend_Yield,20230831,5001,5001,9.543291341731654,10,1.0,1.0
LOO_without_Dividend_Yield,20230928,5018,5018,9.552212036667996,10,1.0,1.0
LOO_without_Dividend_Yield,20231031,5032,5032,9.567567567567568,10,1.0,1.0
LOO_without_Dividend_Yield,20231130,5049,5049,9.576153693800753,10,1.0,1.0
LOO_without_Dividend_Yield,20231229,5065,5065,9.578677196446199,10,1.0,1.0
LOO_without_Dividend_Yield,20240131,5085,5085,9.582694198623402,10,1.0,1.0
LOO_without_Dividend_Yield,20240229,5089,5089,9.587934761249754,10,1.0,1.0
LOO_without_Dividend_Yield,20240329,5099,5099,9.602471072759364,10,1.0,1.0
LOO_without_Dividend_Yield,20240430,5064,5064,9.626974723538705,10,1.0,1.0
LOO_without_Dividend_Yield,20240531,5093,5093,9.630276850579227,10,1.0,1.0
LOO_without_Dividend_Yield,20240628,5101,5101,9.634581454616741,10,1.0,1.0
LOO_without_Dividend_Yield,20240731,5100,5100,9.642745098039216,10,1.0,1.0
LOO_without_Dividend_Yield,20240830,5108,5108,9.633320281910729,10,1.0,1.0
LOO_without_Dividend_Yield,20240930,5110,5110,9.63600782778865,10,1.0,1.0
LOO_without_Dividend_Yield,20241031,5115,5116,9.623729476153244,10,0.0,1.0
LOO_without_Dividend_Yield,20241129,5129,5132,9.625292283710055,10,0.0,1.0
LOO_without_Dividend_Yield,20241231,5137,5140,9.62568093385214,10,0.0,1.0
LOO_without_Dividend_Yield,20250127,5156,5157,9.624006205158038,10,0.0,1.0
LOO_without_Dividend_Yield,20250228,5155,5155,9.630067895247333,10,1.0,1.0
LOO_without_Dividend_Yield,20250331,5160,5161,9.631079248207712,10,0.0,1.0
LOO_without_Dividend_Yield,20250430,5127,5127,9.632338599570899,10,1.0,1.0
LOO_without_Dividend_Yield,20250530,5159,5159,9.627641015700718,10,1.0,1.0
LOO_without_Dividend_Yield,20250630,5180,5181,9.626519976838448,10,0.0,1.0
LOO_without_Dividend_Yield,20250731,5190,5191,9.626083606241572,10,0.0,1.0
LOO_without_Dividend_Yield,20250829,5192,5194,9.61667308432807,10,0.0,1.0
LOO_without_Dividend_Yield,20250930,5201,5201,9.61507402422611,10,1.0,1.0
LOO_without_Dividend_Yield,20251031,5209,5213,9.614233646652599,10,0.0,1.0
LOO_without_Dividend_Yield,20251128,5214,5214,9.613348676639816,10,1.0,1.0
LOO_without_Dividend_Yield,20251231,5233,5237,9.607217872827954,10,0.0,1.0
LOO_without_Dividend_Yield,20260130,5243,5248,9.606707317073171,10,0.0,1.0
LOO_without_Dividend_Yield,20260227,5252,5257,9.606049077420582,10,0.0,1.0
LOO_without_Dividend_Yield,20260331,5258,5265,9.607597340930674,10,0.0,1.0
LOO_without_Dividend_Yield,20260430,5272,5277,9.60735266249763,10,0.0,1.0
LOO_without_Dividend_Yield,20260529,5289,5293,9.603060646136406,10,0.0,1.0
LOO_without_Dividend_Yield,20260630,5291,5297,9.603171606569756,10,0.0,1.0
LOO_without_Gross_Margin,20220128,4410,4424,9.026672694394213,10,0.0,1.0
LOO_without_Gross_Margin,20220228,4438,4446,9.055780476833108,10,0.0,1.0
LOO_without_Gross_Margin,20220331,4472,4480,9.076339285714285,10,0.0,1.0
LOO_without_Gross_Margin,20220429,4424,4430,9.137923250564334,10,0.0,1.0
LOO_without_Gross_Margin,20220531,4494,4498,9.110715873721654,10,0.0,1.0
LOO_without_Gross_Margin,20220630,4521,4524,9.152740937223696,10,0.0,1.0
LOO_without_Gross_Margin,20220729,4553,4557,9.20583717357911,10,0.0,1.0
LOO_without_Gross_Margin,20220831,4605,4609,9.22868301149924,10,0.0,1.0
LOO_without_Gross_Margin,20220930,4648,4655,9.224919441460795,10,0.0,1.0
LOO_without_Gross_Margin,20221031,4679,4685,9.221558164354322,10,0.0,1.0
LOO_without_Gross_Margin,20221130,4725,4727,9.232917283689444,10,0.0,1.0
LOO_without_Gross_Margin,20221230,4768,4779,9.220338983050848,10,0.0,1.0
LOO_without_Gross_Margin,20230131,4776,4785,9.236363636363636,10,0.0,1.0
LOO_without_Gross_Margin,20230228,4803,4813,9.231456472054852,10,0.0,1.0
LOO_without_Gross_Margin,20230331,4838,4846,9.236277342137846,10,0.0,1.0
LOO_without_Gross_Margin,20230428,4813,4824,9.232794361525706,10,0.0,1.0
LOO_without_Gross_Margin,20230531,4882,4890,9.1799591002045,10,0.0,1.0
LOO_without_Gross_Margin,20230630,4936,4939,9.194978740635756,10,0.0,1.0
LOO_without_Gross_Margin,20230731,4967,4968,9.233695652173912,10,0.0,1.0
LOO_without_Gross_Margin,20230831,4997,5001,9.244351129774046,10,0.0,1.0
LOO_without_Gross_Margin,20230928,5013,5018,9.255480271024313,10,0.0,1.0
LOO_without_Gross_Margin,20231031,5030,5032,9.27503974562798,10,0.0,1.0
LOO_without_Gross_Margin,20231130,5045,5049,9.283620518914637,10,0.0,1.0
LOO_without_Gross_Margin,20231229,5061,5065,9.285488647581442,10,0.0,1.0
LOO_without_Gross_Margin,20240131,5083,5085,9.28731563421829,10,0.0,1.0
LOO_without_Gross_Margin,20240229,5088,5089,9.291805855767342,10,0.0,1.0
LOO_without_Gross_Margin,20240329,5098,5099,9.30417728966464,10,0.0,1.0
LOO_without_Gross_Margin,20240430,5064,5064,9.321879936808847,10,1.0,1.0
LOO_without_Gross_Margin,20240531,5092,5093,9.290791282151973,10,0.0,1.0
LOO_without_Gross_Margin,20240628,5101,5101,9.33209174671633,10,1.0,1.0
LOO_without_Gross_Margin,20240731,5100,5100,9.4,10,1.0,1.0
LOO_without_Gross_Margin,20240830,5106,5108,9.404463586530932,10,0.0,1.0
LOO_without_Gross_Margin,20240930,5108,5110,9.410763209393346,10,0.0,1.0
LOO_without_Gross_Margin,20241031,5113,5116,9.404222048475372,10,0.0,1.0
LOO_without_Gross_Margin,20241129,5128,5132,9.405884645362432,10,0.0,1.0
LOO_without_Gross_Margin,20241231,5133,5140,9.407003891050584,10,0.0,1.0
LOO_without_Gross_Margin,20250127,5147,5157,9.40643785146403,10,0.0,1.0
LOO_without_Gross_Margin,20250228,5148,5155,9.411833171677982,10,0.0,1.0
LOO_without_Gross_Margin,20250331,5152,5161,9.412323193179617,10,0.0,1.0
LOO_without_Gross_Margin,20250430,5123,5127,9.408230934269554,10,0.0,1.0
LOO_without_Gross_Margin,20250530,5154,5159,9.351618530723009,10,0.0,1.0
LOO_without_Gross_Margin,20250630,5175,5181,9.336421540243196,10,0.0,1.0
LOO_without_Gross_Margin,20250731,5186,5191,9.35619341167405,10,0.0,1.0
LOO_without_Gross_Margin,20250829,5186,5194,9.352329611089718,10,0.0,1.0
LOO_without_Gross_Margin,20250930,5192,5201,9.3505095174005,10,0.0,1.0
LOO_without_Gross_Margin,20251031,5204,5213,9.347592557068866,10,0.0,1.0
LOO_without_Gross_Margin,20251128,5201,5214,9.346375143843499,10,0.0,1.0
LOO_without_Gross_Margin,20251231,5218,5237,9.337406912354401,10,0.0,1.0
LOO_without_Gross_Margin,20260130,5234,5248,9.333650914634147,10,0.0,1.0
LOO_without_Gross_Margin,20260227,5237,5257,9.332509035571618,10,0.0,1.0
LOO_without_Gross_Margin,20260331,5243,5265,9.331054131054131,10,0.0,1.0
LOO_without_Gross_Margin,20260430,5257,5277,9.325563767292023,10,0.0,1.0
LOO_without_Gross_Margin,20260529,5273,5293,9.287171736255432,10,0.0,1.0
LOO_without_Gross_Margin,20260630,5279,5297,9.290164243911649,10,0.0,1.0
LOO_without_Holder_Concen,20220128,4416,4424,9.322784810126583,10,0.0,1.0
LOO_without_Holder_Concen,20220228,4444,4446,9.348403058929375,10,0.0,1.0
LOO_without_Holder_Concen,20220331,4477,4480,9.3484375,10,0.0,1.0
LOO_without_Holder_Concen,20220429,4427,4430,9.342889390519188,10,0.0,1.0
LOO_without_Holder_Concen,20220531,4494,4498,9.302356602934637,10,0.0,1.0
LOO_without_Holder_Concen,20220630,4521,4524,9.343280282935455,10,0.0,1.0
LOO_without_Holder_Concen,20220729,4553,4557,9.392802282203204,10,0.0,1.0
LOO_without_Holder_Concen,20220831,4604,4609,9.374267737036233,10,0.0,1.0
LOO_without_Holder_Concen,20220930,4648,4655,9.365843179377014,10,0.0,1.0
LOO_without_Holder_Concen,20221031,4680,4685,9.349626467449307,10,0.0,1.0
LOO_without_Holder_Concen,20221130,4725,4727,9.358578379521896,10,0.0,1.0
LOO_without_Holder_Concen,20221230,4767,4779,9.34212178279975,10,0.0,1.0
LOO_without_Holder_Concen,20230131,4779,4785,9.357575757575757,10,0.0,1.0
LOO_without_Holder_Concen,20230228,4809,4813,9.353210056098067,10,0.0,1.0
LOO_without_Holder_Concen,20230331,4845,4846,9.351423854725548,10,0.0,1.0
LOO_without_Holder_Concen,20230428,4820,4824,9.325248756218905,10,0.0,1.0
LOO_without_Holder_Concen,20230531,4885,4890,9.268098159509202,10,0.0,1.0
LOO_without_Holder_Concen,20230630,4936,4939,9.282445839238711,10,0.0,1.0
LOO_without_Holder_Concen,20230731,4967,4968,9.320048309178745,10,0.0,1.0
LOO_without_Holder_Concen,20230831,4997,5001,9.31113777244551,10,0.0,1.0
LOO_without_Holder_Concen,20230928,5016,5018,9.322439218812276,10,0.0,1.0
LOO_without_Holder_Concen,20231031,5030,5032,9.331875993640699,10,0.0,1.0
LOO_without_Holder_Concen,20231130,5045,5049,9.339671222024164,10,0.0,1.0
LOO_without_Holder_Concen,20231229,5061,5065,9.340769990128331,10,0.0,1.0
LOO_without_Holder_Concen,20240131,5083,5085,9.342379547689282,10,0.0,1.0
LOO_without_Holder_Concen,20240229,5088,5089,9.34427195912753,10,0.0,1.0
LOO_without_Holder_Concen,20240329,5098,5099,9.354187095508923,10,0.0,1.0
LOO_without_Holder_Concen,20240430,5064,5064,9.354660347551343,10,1.0,1.0
LOO_without_Holder_Concen,20240531,5092,5093,9.323385038287846,10,0.0,1.0
LOO_without_Holder_Concen,20240628,5101,5101,9.364438345422466,10,1.0,1.0
LOO_without_Holder_Concen,20240731,5100,5100,9.432156862745098,10,1.0,1.0
LOO_without_Holder_Concen,20240830,5106,5108,9.4283476898982,10,0.0,1.0
LOO_without_Holder_Concen,20240930,5108,5110,9.43385518590998,10,0.0,1.0
LOO_without_Holder_Concen,20241031,5113,5116,9.419663799843628,10,0.0,1.0
LOO_without_Holder_Concen,20241129,5129,5132,9.421667965705378,10,0.0,1.0
LOO_without_Holder_Concen,20241231,5137,5140,9.423151750972762,10,0.0,1.0
LOO_without_Holder_Concen,20250127,5156,5157,9.42350203606748,10,0.0,1.0
LOO_without_Holder_Concen,20250228,5154,5155,9.429291949563531,10,0.0,1.0
LOO_without_Holder_Concen,20250331,5160,5161,9.429567913195116,10,0.0,1.0
LOO_without_Holder_Concen,20250430,5127,5127,9.417983226058123,10,1.0,1.0
LOO_without_Holder_Concen,20250530,5158,5159,9.362279511533243,10,0.0,1.0
LOO_without_Holder_Concen,20250630,5179,5181,9.348002316155183,10,0.0,1.0
LOO_without_Holder_Concen,20250731,5190,5191,9.368715083798882,10,0.0,1.0
LOO_without_Holder_Concen,20250829,5189,5194,9.361763573353869,10,0.0,1.0
LOO_without_Holder_Concen,20250930,5198,5201,9.360123053258988,10,0.0,1.0
LOO_without_Holder_Concen,20251031,5207,5213,9.351237291386918,10,0.0,1.0
LOO_without_Holder_Concen,20251128,5210,5214,9.351553509781358,10,0.0,1.0
LOO_without_Holder_Concen,20251231,5232,5237,9.34466297498568,10,0.0,1.0
LOO_without_Holder_Concen,20260130,5243,5248,9.342797256097562,10,0.0,1.0
LOO_without_Holder_Concen,20260227,5252,5257,9.343161498953776,10,0.0,1.0
LOO_without_Holder_Concen,20260331,5257,5265,9.343589743589744,10,0.0,1.0
LOO_without_Holder_Concen,20260430,5269,5277,9.329164297896533,10,0.0,1.0
LOO_without_Holder_Concen,20260529,5287,5293,9.292839599471,10,0.0,1.0
LOO_without_Holder_Concen,20260630,5291,5297,9.297526902020012,10,0.0,1.0
LOO_without_Main_Net_In,20220128,4409,4424,9.02260397830018,10,0.0,1.0
LOO_without_Main_Net_In,20220228,4437,4446,9.052406657669815,10,0.0,1.0
LOO_without_Main_Net_In,20220331,4472,4480,9.074107142857143,10,0.0,1.0
LOO_without_Main_Net_In,20220429,4425,4430,9.136343115124154,10,0.0,1.0
LOO_without_Main_Net_In,20220531,4497,4498,9.109604268563807,10,0.0,1.0
LOO_without_Main_Net_In,20220630,4524,4524,9.15340406719717,10,1.0,1.0
LOO_without_Main_Net_In,20220729,4555,4557,9.207592714505157,10,0.0,1.0
LOO_without_Main_Net_In,20220831,4605,4609,9.23085267954003,10,0.0,1.0
LOO_without_Main_Net_In,20220930,4651,4655,9.228786251342642,10,0.0,1.0
LOO_without_Main_Net_In,20221031,4683,4685,9.226894343649947,10,0.0,1.0
LOO_without_Main_Net_In,20221130,4727,4727,9.24011000634652,10,1.0,1.0
LOO_without_Main_Net_In,20221230,4778,4779,9.23394015484411,10,0.0,1.0
LOO_without_Main_Net_In,20230131,4782,4785,9.250574712643678,10,0.0,1.0
LOO_without_Main_Net_In,20230228,4806,4813,9.247039268647413,10,0.0,1.0
LOO_without_Main_Net_In,20230331,4839,4846,9.253611225753199,10,0.0,1.0
LOO_without_Main_Net_In,20230428,4816,4824,9.251658374792703,10,0.0,1.0
LOO_without_Main_Net_In,20230531,4887,4890,9.2,10,0.0,1.0
LOO_without_Main_Net_In,20230630,4938,4939,9.216035634743875,10,0.0,1.0
LOO_without_Main_Net_In,20230731,4968,4968,9.255837359098228,10,1.0,1.0
LOO_without_Main_Net_In,20230831,5001,5001,9.267546490701859,10,1.0,1.0
LOO_without_Main_Net_In,20230928,5014,5018,9.279792746113989,10,0.0,1.0
LOO_without_Main_Net_In,20231031,5032,5032,9.299880763116057,10,1.0,1.0
LOO_without_Main_Net_In,20231130,5049,5049,9.309566250742721,10,1.0,1.0
LOO_without_Main_Net_In,20231229,5065,5065,9.312931885488647,10,1.0,1.0
LOO_without_Main_Net_In,20240131,5085,5085,9.315240904621435,10,1.0,1.0
LOO_without_Main_Net_In,20240229,5089,5089,9.319905678915308,10,1.0,1.0
LOO_without_Main_Net_In,20240329,5099,5099,9.332810354971564,10,1.0,1.0
LOO_without_Main_Net_In,20240430,5064,5064,9.351105845181674,10,1.0,1.0
LOO_without_Main_Net_In,20240531,5093,5093,9.319850775574318,10,1.0,1.0
LOO_without_Main_Net_In,20240628,5101,5101,9.361105665555773,10,1.0,1.0
LOO_without_Main_Net_In,20240731,5100,5100,9.429019607843138,10,1.0,1.0
LOO_without_Main_Net_In,20240830,5108,5108,9.434025058731402,10,1.0,1.0
LOO_without_Main_Net_In,20240930,5110,5110,9.440900195694717,10,1.0,1.0
LOO_without_Main_Net_In,20241031,5115,5116,9.434519155590305,10,0.0,1.0
LOO_without_Main_Net_In,20241129,5129,5132,9.436477007014808,10,0.0,1.0
LOO_without_Main_Net_In,20241231,5137,5140,9.438326848249027,10,0.0,1.0
LOO_without_Main_Net_In,20250127,5153,5157,9.437851464029475,10,0.0,1.0
LOO_without_Main_Net_In,20250228,5154,5155,9.443646944713871,10,0.0,1.0
LOO_without_Main_Net_In,20250331,5153,5161,9.44429374152296,10,0.0,1.0
LOO_without_Main_Net_In,20250430,5124,5127,9.440218451336063,10,0.0,1.0
LOO_without_Main_Net_In,20250530,5155,5159,9.383601473153712,10,0.0,1.0
LOO_without_Main_Net_In,20250630,5176,5181,9.36865469986489,10,0.0,1.0
LOO_without_Main_Net_In,20250731,5187,5191,9.388749759198612,10,0.0,1.0
LOO_without_Main_Net_In,20250829,5190,5194,9.385637273777435,10,0.0,1.0
LOO_without_Main_Net_In,20250930,5197,5201,9.38434916362238,10,0.0,1.0
LOO_without_Main_Net_In,20251031,5207,5213,9.381929790907346,10,0.0,1.0
LOO_without_Main_Net_In,20251128,5206,5214,9.382240122746452,10,0.0,1.0
LOO_without_Main_Net_In,20251231,5220,5237,9.372923429444338,10,0.0,1.0
LOO_without_Main_Net_In,20260130,5237,5248,9.370045731707316,10,0.0,1.0
LOO_without_Main_Net_In,20260227,5243,5257,9.36979265740917,10,0.0,1.0
LOO_without_Main_Net_In,20260331,5254,5265,9.369610636277303,10,0.0,1.0
LOO_without_Main_Net_In,20260430,5267,5277,9.365738108773925,10,0.0,1.0
LOO_without_Main_Net_In,20260529,5280,5293,9.328169280181372,10,0.0,1.0
LOO_without_Main_Net_In,20260630,5288,5297,9.332263545403059,10,0.0,1.0
LOO_without_Momentum_60D,20220128,4413,4424,9.029611211573236,10,0.0,1.0
LOO_without_Momentum_60D,20220228,4437,4446,9.054655870445345,10,0.0,1.0
LOO_without_Momentum_60D,20220331,4475,4480,9.0734375,10,0.0,1.0
LOO_without_Momentum_60D,20220429,4427,4430,9.137020316027089,10,0.0,1.0
LOO_without_Momentum_60D,20220531,4498,4498,9.108492663405958,10,1.0,1.0
LOO_without_Momentum_60D,20220630,4524,4524,9.148762157382848,10,1.0,1.0
LOO_without_Momentum_60D,20220729,4556,4557,9.199473337722186,10,0.0,1.0
LOO_without_Momentum_60D,20220831,4608,4609,9.22673031026253,10,0.0,1.0
LOO_without_Momentum_60D,20220930,4655,4655,9.227712137486574,10,1.0,1.0
LOO_without_Momentum_60D,20221031,4684,4685,9.225827107790822,10,0.0,1.0
LOO_without_Momentum_60D,20221130,4727,4727,9.233340385022213,10,1.0,1.0
LOO_without_Momentum_60D,20221230,4779,4779,9.218664992676292,10,1.0,1.0
LOO_without_Momentum_60D,20230131,4784,4785,9.23030303030303,10,0.0,1.0
LOO_without_Momentum_60D,20230228,4811,4813,9.223145647205484,10,0.0,1.0
LOO_without_Momentum_60D,20230331,4845,4846,9.226784977300866,10,0.0,1.0
LOO_without_Momentum_60D,20230428,4824,4824,9.226990049751244,10,1.0,1.0
LOO_without_Momentum_60D,20230531,4888,4890,9.176073619631902,10,0.0,1.0
LOO_without_Momentum_60D,20230630,4939,4939,9.193561449686172,10,1.0,1.0
LOO_without_Momentum_60D,20230731,4968,4968,9.232689210950081,10,1.0,1.0
LOO_without_Momentum_60D,20230831,5001,5001,9.242951409718057,10,1.0,1.0
LOO_without_Momentum_60D,20230928,5018,5018,9.25089677162216,10,1.0,1.0
LOO_without_Momentum_60D,20231031,5032,5032,9.266891891891891,10,1.0,1.0
LOO_without_Momentum_60D,20231130,5049,5049,9.271935036640919,10,1.0,1.0
LOO_without_Momentum_60D,20231229,5065,5065,9.274037512339586,10,1.0,1.0
LOO_without_Momentum_60D,20240131,5085,5085,9.275712881022615,10,1.0,1.0
LOO_without_Momentum_60D,20240229,5089,5089,9.279819217921006,10,1.0,1.0
LOO_without_Momentum_60D,20240329,5099,5099,9.29044910766817,10,1.0,1.0
LOO_without_Momentum_60D,20240430,5064,5064,9.30647709320695,10,1.0,1.0
LOO_without_Momentum_60D,20240531,5093,5093,9.274298056155507,10,1.0,1.0
LOO_without_Momentum_60D,20240628,5101,5101,9.315428347382866,10,1.0,1.0
LOO_without_Momentum_60D,20240731,5100,5100,9.383725490196078,10,1.0,1.0
LOO_without_Momentum_60D,20240830,5108,5108,9.389389193422083,10,1.0,1.0
LOO_without_Momentum_60D,20240930,5110,5110,9.396086105675147,10,1.0,1.0
LOO_without_Momentum_60D,20241031,5115,5116,9.39093041438624,10,0.0,1.0
LOO_without_Momentum_60D,20241129,5129,5132,9.392829306313327,10,0.0,1.0
LOO_without_Momentum_60D,20241231,5137,5140,9.39396887159533,10,0.0,1.0
LOO_without_Momentum_60D,20250127,5156,5157,9.39363971301144,10,0.0,1.0
LOO_without_Momentum_60D,20250228,5155,5155,9.398254122211446,10,1.0,1.0
LOO_without_Momentum_60D,20250331,5160,5161,9.398953691145127,10,0.0,1.0
LOO_without_Momentum_60D,20250430,5127,5127,9.394382679929784,10,1.0,1.0
LOO_without_Momentum_60D,20250530,5159,5159,9.338631517735996,10,1.0,1.0
LOO_without_Momentum_60D,20250630,5180,5181,9.322524609148813,10,0.0,1.0
LOO_without_Momentum_60D,20250731,5190,5191,9.341937969562705,10,0.0,1.0
LOO_without_Momentum_60D,20250829,5192,5194,9.33808240277243,10,0.0,1.0
LOO_without_Momentum_60D,20250930,5201,5201,9.336666025764275,10,1.0,1.0
LOO_without_Momentum_60D,20251031,5209,5213,9.334548244772684,10,0.0,1.0
LOO_without_Momentum_60D,20251128,5214,5214,9.334484081319525,10,1.0,1.0
LOO_without_Momentum_60D,20251231,5233,5237,9.326140920374261,10,0.0,1.0
LOO_without_Momentum_60D,20260130,5243,5248,9.322217987804878,10,0.0,1.0
LOO_without_Momentum_60D,20260227,5252,5257,9.321285904508274,10,0.0,1.0
LOO_without_Momentum_60D,20260331,5258,5265,9.319468186134852,10,0.0,1.0
LOO_without_Momentum_60D,20260430,5272,5277,9.31570968353231,10,0.0,1.0
LOO_without_Momentum_60D,20260529,5289,5293,9.277536368788967,10,0.0,1.0
LOO_without_Momentum_60D,20260630,5291,5297,9.279781008117803,10,0.0,1.0
LOO_without_PE_TTM,20220128,4421,4424,9.149186256781194,10,0.0,1.0
LOO_without_PE_TTM,20220228,4445,4446,9.177237966711651,10,0.0,1.0
LOO_without_PE_TTM,20220331,4478,4480,9.19375,10,0.0,1.0
LOO_without_PE_TTM,20220429,4429,4430,9.252821670428894,10,0.0,1.0
LOO_without_PE_TTM,20220531,4495,4498,9.239662072032015,10,0.0,1.0
LOO_without_PE_TTM,20220630,4521,4524,9.280725022104333,10,0.0,1.0
LOO_without_PE_TTM,20220729,4554,4557,9.332894448101822,10,0.0,1.0
LOO_without_PE_TTM,20220831,4606,4609,9.37925797353005,10,0.0,1.0
LOO_without_PE_TTM,20220930,4652,4655,9.374436090225563,10,0.0,1.0
LOO_without_PE_TTM,20221031,4681,4685,9.382710779082178,10,0.0,1.0
LOO_without_PE_TTM,20221130,4725,4727,9.393061138142585,10,0.0,1.0
LOO_without_PE_TTM,20221230,4767,4779,9.37790332705587,10,0.0,1.0
LOO_without_PE_TTM,20230131,4777,4785,9.393521421107629,10,0.0,1.0
LOO_without_PE_TTM,20230228,4804,4813,9.391232079783919,10,0.0,1.0
LOO_without_PE_TTM,20230331,4838,4846,9.39186958316137,10,0.0,1.0
LOO_without_PE_TTM,20230428,4814,4824,9.396144278606965,10,0.0,1.0
LOO_without_PE_TTM,20230531,4884,4890,9.35521472392638,10,0.0,1.0
LOO_without_PE_TTM,20230630,4937,4939,9.370520348248633,10,0.0,1.0
LOO_without_PE_TTM,20230731,4967,4968,9.406602254428341,10,0.0,1.0
LOO_without_PE_TTM,20230831,4997,5001,9.433713257348531,10,0.0,1.0
LOO_without_PE_TTM,20230928,5014,5018,9.44380231167796,10,0.0,1.0
LOO_without_PE_TTM,20231031,5030,5032,9.468402225755167,10,0.0,1.0
LOO_without_PE_TTM,20231130,5045,5049,9.476926123984947,10,0.0,1.0
LOO_without_PE_TTM,20231229,5061,5065,9.477591312931885,10,0.0,1.0
LOO_without_PE_TTM,20240131,5083,5085,9.47905604719764,10,0.0,1.0
LOO_without_PE_TTM,20240229,5088,5089,9.483592061308705,10,0.0,1.0
LOO_without_PE_TTM,20240329,5098,5099,9.488919395959993,10,0.0,1.0
LOO_without_PE_TTM,20240430,5064,5064,9.506121642969985,10,1.0,1.0
LOO_without_PE_TTM,20240531,5092,5093,9.477714510111918,10,0.0,1.0
LOO_without_PE_TTM,20240628,5101,5101,9.518917859243286,10,1.0,1.0
LOO_without_PE_TTM,20240731,5100,5100,9.585686274509804,10,1.0,1.0
LOO_without_PE_TTM,20240830,5106,5108,9.611589663273296,10,0.0,1.0
LOO_without_PE_TTM,20240930,5108,5110,9.618590998043052,10,0.0,1.0
LOO_without_PE_TTM,20241031,5113,5116,9.628225175918686,10,0.0,1.0
LOO_without_PE_TTM,20241129,5128,5132,9.628994544037413,10,0.0,1.0
LOO_without_PE_TTM,20241231,5133,5140,9.629182879377431,10,0.0,1.0
LOO_without_PE_TTM,20250127,5147,5157,9.62962962962963,10,0.0,1.0
LOO_without_PE_TTM,20250228,5148,5155,9.634141610087294,10,0.0,1.0
LOO_without_PE_TTM,20250331,5152,5161,9.631273009106762,10,0.0,1.0
LOO_without_PE_TTM,20250430,5123,5127,9.632728691242441,10,0.0,1.0
LOO_without_PE_TTM,20250530,5154,5159,9.579569684047296,10,0.0,1.0
LOO_without_PE_TTM,20250630,5175,5181,9.564562825709322,10,0.0,1.0
LOO_without_PE_TTM,20250731,5186,5191,9.58389520323637,10,0.0,1.0
LOO_without_PE_TTM,20250829,5186,5194,9.5912591451675,10,0.0,1.0
LOO_without_PE_TTM,20250930,5192,5201,9.58988656027687,10,0.0,1.0
LOO_without_PE_TTM,20251031,5204,5213,9.592557068866295,10,0.0,1.0
LOO_without_PE_TTM,20251128,5204,5214,9.59071729957806,10,0.0,1.0
LOO_without_PE_TTM,20251231,5222,5237,9.581248806568647,10,0.0,1.0
LOO_without_PE_TTM,20260130,5236,5248,9.577172256097562,10,0.0,1.0
LOO_without_PE_TTM,20260227,5239,5257,9.574472132394902,10,0.0,1.0
LOO_without_PE_TTM,20260331,5243,5265,9.5661918328585,10,0.0,1.0
LOO_without_PE_TTM,20260430,5258,5277,9.56623081296191,10,0.0,1.0
LOO_without_PE_TTM,20260529,5274,5293,9.527300207821652,10,0.0,1.0
LOO_without_PE_TTM,20260630,5279,5297,9.529356239380782,10,0.0,1.0
LOO_without_ROE,20220128,4415,4424,9.009041591320072,10,0.0,1.0
LOO_without_ROE,20220228,4443,4446,9.038236617183985,10,0.0,1.0
LOO_without_ROE,20220331,4476,4480,9.058482142857143,10,0.0,1.0
LOO_without_ROE,20220429,4427,4430,9.11805869074492,10,0.0,1.0
LOO_without_ROE,20220531,4494,4498,9.089595375722544,10,0.0,1.0
LOO_without_ROE,20220630,4521,4524,9.131962864721485,10,0.0,1.0
LOO_without_ROE,20220729,4553,4557,9.18499012508229,10,0.0,1.0
LOO_without_ROE,20220831,4604,4609,9.20785419830766,10,0.0,1.0
LOO_without_ROE,20220930,4648,4655,9.204296455424275,10,0.0,1.0
LOO_without_ROE,20221031,4679,4685,9.201067235859124,10,0.0,1.0
LOO_without_ROE,20221130,4725,4727,9.212608419716522,10,0.0,1.0
LOO_without_ROE,20221230,4767,4779,9.200041849759364,10,0.0,1.0
LOO_without_ROE,20230131,4776,4785,9.216091954022989,10,0.0,1.0
LOO_without_ROE,20230228,4803,4813,9.211094951173903,10,0.0,1.0
LOO_without_ROE,20230331,4838,4846,9.216054477919934,10,0.0,1.0
LOO_without_ROE,20230428,4813,4824,9.212479270315091,10,0.0,1.0
LOO_without_ROE,20230531,4882,4890,9.159918200408997,10,0.0,1.0
LOO_without_ROE,20230630,4936,4939,9.175136667341567,10,0.0,1.0
LOO_without_ROE,20230731,4967,4968,9.213969404186795,10,0.0,1.0
LOO_without_ROE,20230831,4997,5001,9.224755048990202,10,0.0,1.0
LOO_without_ROE,20230928,5013,5018,9.235950577919489,10,0.0,1.0
LOO_without_ROE,20231031,5030,5032,9.25556438791733,10,0.0,1.0
LOO_without_ROE,20231130,5045,5049,9.26421073479897,10,0.0,1.0
LOO_without_ROE,20231229,5061,5065,9.26614017769003,10,0.0,1.0
LOO_without_ROE,20240131,5083,5085,9.268043264503442,10,0.0,1.0
LOO_without_ROE,20240229,5088,5089,9.272548634309295,10,0.0,1.0
LOO_without_ROE,20240329,5098,5099,9.284957834869582,10,0.0,1.0
LOO_without_ROE,20240430,5064,5064,9.302725118483412,10,1.0,1.0
LOO_without_ROE,20240531,5092,5093,9.271549185156097,10,0.0,1.0
LOO_without_ROE,20240628,5101,5101,9.312879827484807,10,1.0,1.0
LOO_without_ROE,20240731,5100,5100,9.38078431372549,10,1.0,1.0
LOO_without_ROE,20240830,5106,5108,9.385473766640564,10,0.0,1.0
LOO_without_ROE,20240930,5108,5110,9.39197651663405,10,0.0,1.0
LOO_without_ROE,20241031,5113,5116,9.385066458170446,10,0.0,1.0
LOO_without_ROE,20241129,5128,5132,9.386788776305535,10,0.0,1.0
LOO_without_ROE,20241231,5133,5140,9.387937743190662,10,0.0,1.0
LOO_without_ROE,20250127,5147,5157,9.387434554973822,10,0.0,1.0
LOO_without_ROE,20250228,5148,5155,9.39321047526673,10,0.0,1.0
LOO_without_ROE,20250331,5152,5161,9.393722146870761,10,0.0,1.0
LOO_without_ROE,20250430,5123,5127,9.389506534035498,10,0.0,1.0
LOO_without_ROE,20250530,5154,5159,9.333010273308782,10,0.0,1.0
LOO_without_ROE,20250630,5175,5181,9.317892298784018,10,0.0,1.0
LOO_without_ROE,20250731,5186,5191,9.337699865151222,10,0.0,1.0
LOO_without_ROE,20250829,5186,5194,9.333846746245667,10,0.0,1.0
LOO_without_ROE,20250930,5192,5201,9.332051528552201,10,0.0,1.0
LOO_without_ROE,20251031,5204,5213,9.329177057356608,10,0.0,1.0
LOO_without_ROE,20251128,5201,5214,9.328538550057537,10,0.0,1.0
LOO_without_ROE,20251231,5218,5237,9.319075806759596,10,0.0,1.0
LOO_without_ROE,20260130,5234,5248,9.315358231707316,10,0.0,1.0
LOO_without_ROE,20260227,5237,5257,9.31443789233403,10,0.0,1.0
LOO_without_ROE,20260331,5243,5265,9.312820512820513,10,0.0,1.0
LOO_without_ROE,20260430,5257,5277,9.307561114269472,10,0.0,1.0
LOO_without_ROE,20260529,5273,5293,9.269034573965614,10,0.0,1.0
LOO_without_ROE,20260630,5279,5297,9.272040777798754,10,0.0,1.0
LOO_without_Revenue_Growth,20220128,4409,4424,9.00497287522604,10,0.0,1.0
LOO_without_Revenue_Growth,20220228,4438,4446,9.034188034188034,10,0.0,1.0
LOO_without_Revenue_Growth,20220331,4472,4480,9.055357142857142,10,0.0,1.0
LOO_without_Revenue_Growth,20220429,4424,4430,9.117155756207675,10,0.0,1.0
LOO_without_Revenue_Growth,20220531,4494,4498,9.089817696754112,10,0.0,1.0
LOO_without_Revenue_Growth,20220630,4521,4524,9.132183908045977,10,0.0,1.0
LOO_without_Revenue_Growth,20220729,4553,4557,9.18564845292956,10,0.0,1.0
LOO_without_Revenue_Growth,20220831,4605,4609,9.208722065523975,10,0.0,1.0
LOO_without_Revenue_Growth,20220930,4650,4655,9.20515574650913,10,0.0,1.0
LOO_without_Revenue_Growth,20221031,4679,4685,9.2017075773746,10,0.0,1.0
LOO_without_Revenue_Growth,20221130,4725,4727,9.213243071715675,10,0.0,1.0
LOO_without_Revenue_Growth,20221230,4767,4779,9.200669596149822,10,0.0,1.0
LOO_without_Revenue_Growth,20230131,4776,4785,9.216718913270638,10,0.0,1.0
LOO_without_Revenue_Growth,20230228,4803,4813,9.211718263037607,10,0.0,1.0
LOO_without_Revenue_Growth,20230331,4838,4846,9.216467189434585,10,0.0,1.0
LOO_without_Revenue_Growth,20230428,4813,4824,9.212686567164178,10,0.0,1.0
LOO_without_Revenue_Growth,20230531,4882,4890,9.160122699386504,10,0.0,1.0
LOO_without_Revenue_Growth,20230630,4936,4939,9.175339137477222,10,0.0,1.0
LOO_without_Revenue_Growth,20230731,4967,4968,9.214170692431562,10,0.0,1.0
LOO_without_Revenue_Growth,20230831,4997,5001,9.2249550089982,10,0.0,1.0
LOO_without_Revenue_Growth,20230928,5013,5018,9.236149860502191,10,0.0,1.0
LOO_without_Revenue_Growth,20231031,5030,5032,9.255763116057233,10,0.0,1.0
LOO_without_Revenue_Growth,20231130,5045,5049,9.264408793820559,10,0.0,1.0
LOO_without_Revenue_Growth,20231229,5061,5065,9.266337611056269,10,0.0,1.0
LOO_without_Revenue_Growth,20240131,5083,5085,9.268239921337267,10,0.0,1.0
LOO_without_Revenue_Growth,20240229,5088,5089,9.272745136569071,10,0.0,1.0
LOO_without_Revenue_Growth,20240329,5098,5099,9.285153951755246,10,0.0,1.0
LOO_without_Revenue_Growth,20240430,5064,5064,9.302922590837282,10,1.0,1.0
LOO_without_Revenue_Growth,20240531,5092,5093,9.271745533084626,10,0.0,1.0
LOO_without_Revenue_Growth,20240628,5101,5101,9.313075867476964,10,1.0,1.0
LOO_without_Revenue_Growth,20240731,5100,5100,9.380980392156863,10,1.0,1.0
LOO_without_Revenue_Growth,20240830,5106,5108,9.385473766640564,10,0.0,1.0
LOO_without_Revenue_Growth,20240930,5108,5110,9.39197651663405,10,0.0,1.0
LOO_without_Revenue_Growth,20241031,5113,5116,9.385066458170446,10,0.0,1.0
LOO_without_Revenue_Growth,20241129,5128,5132,9.386788776305535,10,0.0,1.0
LOO_without_Revenue_Growth,20241231,5133,5140,9.387937743190662,10,0.0,1.0
LOO_without_Revenue_Growth,20250127,5147,5157,9.387434554973822,10,0.0,1.0
LOO_without_Revenue_Growth,20250228,5148,5155,9.39321047526673,10,0.0,1.0
LOO_without_Revenue_Growth,20250331,5152,5161,9.393722146870761,10,0.0,1.0
LOO_without_Revenue_Growth,20250430,5123,5127,9.389506534035498,10,0.0,1.0
LOO_without_Revenue_Growth,20250530,5154,5159,9.333010273308782,10,0.0,1.0
LOO_without_Revenue_Growth,20250630,5175,5181,9.317892298784018,10,0.0,1.0
LOO_without_Revenue_Growth,20250731,5186,5191,9.337699865151222,10,0.0,1.0
LOO_without_Revenue_Growth,20250829,5186,5194,9.333846746245667,10,0.0,1.0
LOO_without_Revenue_Growth,20250930,5192,5201,9.332051528552201,10,0.0,1.0
LOO_without_Revenue_Growth,20251031,5204,5213,9.329177057356608,10,0.0,1.0
LOO_without_Revenue_Growth,20251128,5201,5214,9.328538550057537,10,0.0,1.0
LOO_without_Revenue_Growth,20251231,5218,5237,9.319075806759596,10,0.0,1.0
LOO_without_Revenue_Growth,20260130,5234,5248,9.315358231707316,10,0.0,1.0
LOO_without_Revenue_Growth,20260227,5237,5257,9.31443789233403,10,0.0,1.0
LOO_without_Revenue_Growth,20260331,5243,5265,9.312820512820513,10,0.0,1.0
LOO_without_Revenue_Growth,20260430,5257,5277,9.307561114269472,10,0.0,1.0
LOO_without_Revenue_Growth,20260529,5273,5293,9.269034573965614,10,0.0,1.0
LOO_without_Revenue_Growth,20260630,5279,5297,9.272040777798754,10,0.0,1.0
LOO_without_Turnover_20D,20220128,4413,4424,9.011528028933093,10,0.0,1.0
LOO_without_Turnover_20D,20220228,4437,4446,9.038911381016645,10,0.0,1.0
LOO_without_Turnover_20D,20220331,4475,4480,9.06294642857143,10,0.0,1.0
LOO_without_Turnover_20D,20220429,4427,4430,9.126410835214447,10,0.0,1.0
LOO_without_Turnover_20D,20220531,4498,4498,9.093152512227658,10,1.0,1.0
LOO_without_Turnover_20D,20220630,4524,4524,9.137931034482758,10,1.0,1.0
LOO_without_Turnover_20D,20220729,4556,4557,9.191353960939214,10,0.0,1.0
LOO_without_Turnover_20D,20220831,4607,4609,9.217183770883056,10,0.0,1.0
LOO_without_Turnover_20D,20220930,4653,4655,9.213319011815253,10,0.0,1.0
LOO_without_Turnover_20D,20221031,4685,4685,9.209178228388474,10,1.0,1.0
LOO_without_Turnover_20D,20221130,4727,4727,9.21895493970806,10,1.0,1.0
LOO_without_Turnover_20D,20221230,4779,4779,9.211341284787613,10,1.0,1.0
LOO_without_Turnover_20D,20230131,4785,4785,9.220271682340648,10,1.0,1.0
LOO_without_Turnover_20D,20230228,4812,4813,9.215665904841055,10,0.0,1.0
LOO_without_Turnover_20D,20230331,4844,4846,9.221626083367726,10,0.0,1.0
LOO_without_Turnover_20D,20230428,4824,4824,9.219734660033167,10,1.0,1.0
LOO_without_Turnover_20D,20230531,4890,4890,9.166257668711657,10,1.0,1.0
LOO_without_Turnover_20D,20230630,4939,4939,9.182425592225147,10,1.0,1.0
LOO_without_Turnover_20D,20230731,4968,4968,9.22061191626409,10,1.0,1.0
LOO_without_Turnover_20D,20230831,5001,5001,9.230353929214157,10,1.0,1.0
LOO_without_Turnover_20D,20230928,5018,5018,9.239736946990833,10,1.0,1.0
LOO_without_Turnover_20D,20231031,5032,5032,9.258346581875994,10,1.0,1.0
LOO_without_Turnover_20D,20231130,5049,5049,9.26678550207962,10,1.0,1.0
LOO_without_Turnover_20D,20231229,5065,5065,9.269891411648569,10,1.0,1.0
LOO_without_Turnover_20D,20240131,5085,5085,9.270599803343167,10,1.0,1.0
LOO_without_Turnover_20D,20240229,5089,5089,9.274120652387502,10,1.0,1.0
LOO_without_Turnover_20D,20240329,5099,5099,9.286722886840558,10,1.0,1.0
LOO_without_Turnover_20D,20240430,5064,5064,9.303712480252765,10,1.0,1.0
LOO_without_Turnover_20D,20240531,5093,5093,9.272138228941685,10,1.0,1.0
LOO_without_Turnover_20D,20240628,5101,5101,9.314056067437757,10,1.0,1.0
LOO_without_Turnover_20D,20240731,5100,5100,9.381764705882352,10,1.0,1.0
LOO_without_Turnover_20D,20240830,5108,5108,9.38703993735317,10,1.0,1.0
LOO_without_Turnover_20D,20240930,5110,5110,9.393346379647749,10,1.0,1.0
LOO_without_Turnover_20D,20241031,5115,5116,9.38721657544957,10,0.0,1.0
LOO_without_Turnover_20D,20241129,5128,5132,9.388542478565862,10,0.0,1.0
LOO_without_Turnover_20D,20241231,5133,5140,9.38988326848249,10,0.0,1.0
LOO_without_Turnover_20D,20250127,5150,5157,9.389761489237928,10,0.0,1.0
LOO_without_Turnover_20D,20250228,5150,5155,9.393792434529583,10,0.0,1.0
LOO_without_Turnover_20D,20250331,5159,5161,9.395659755861267,10,0.0,1.0
LOO_without_Turnover_20D,20250430,5126,5127,9.39126194655744,10,0.0,1.0
LOO_without_Turnover_20D,20250530,5159,5159,9.33417328939717,10,1.0,1.0
LOO_without_Turnover_20D,20250630,5180,5181,9.31943640223895,10,0.0,1.0
LOO_without_Turnover_20D,20250731,5189,5191,9.339048352918512,10,0.0,1.0
LOO_without_Turnover_20D,20250829,5191,5194,9.335386984982673,10,0.0,1.0
LOO_without_Turnover_20D,20250930,5199,5201,9.333974235723899,10,0.0,1.0
LOO_without_Turnover_20D,20251031,5208,5213,9.331287166698639,10,0.0,1.0
LOO_without_Turnover_20D,20251128,5210,5214,9.330456463367856,10,0.0,1.0
LOO_without_Turnover_20D,20251231,5228,5237,9.321940042008784,10,0.0,1.0
LOO_without_Turnover_20D,20260130,5238,5248,9.317073170731707,10,0.0,1.0
LOO_without_Turnover_20D,20260227,5244,5257,9.316720563058778,10,0.0,1.0
LOO_without_Turnover_20D,20260331,5248,5265,9.315099715099715,10,0.0,1.0
LOO_without_Turnover_20D,20260430,5264,5277,9.310782641652454,10,0.0,1.0
LOO_without_Turnover_20D,20260529,5283,5293,9.271679576799546,10,0.0,1.0
LOO_without_Turnover_20D,20260630,5282,5297,9.273739852746838,10,0.0,1.0
LOO_without_Volatility,20220128,4417,4424,9.141726943942134,10,0.0,1.0
LOO_without_Volatility,20220228,4439,4446,9.150022492127755,10,0.0,1.0
LOO_without_Volatility,20220331,4475,4480,9.169642857142858,10,0.0,1.0
LOO_without_Volatility,20220429,4427,4430,9.230022573363431,10,0.0,1.0
LOO_without_Volatility,20220531,4498,4498,9.194308581591818,10,1.0,1.0
LOO_without_Volatility,20220630,4524,4524,9.232537577365164,10,1.0,1.0
LOO_without_Volatility,20220729,4556,4557,9.280667105551899,10,0.0,1.0
LOO_without_Volatility,20220831,4608,4609,9.300282056845303,10,0.0,1.0
LOO_without_Volatility,20220930,4655,4655,9.298174006444683,10,1.0,1.0
LOO_without_Volatility,20221031,4685,4685,9.294983991462113,10,1.0,1.0
LOO_without_Volatility,20221130,4727,4727,9.299555743600592,10,1.0,1.0
LOO_without_Volatility,20221230,4779,4779,9.288972588407617,10,1.0,1.0
LOO_without_Volatility,20230131,4785,4785,9.299686520376175,10,1.0,1.0
LOO_without_Volatility,20230228,4812,4813,9.292541034697694,10,0.0,1.0
LOO_without_Volatility,20230331,4845,4846,9.29653322327693,10,0.0,1.0
LOO_without_Volatility,20230428,4824,4824,9.293117744610282,10,1.0,1.0
LOO_without_Volatility,20230531,4890,4890,9.23803680981595,10,1.0,1.0
LOO_without_Volatility,20230630,4939,4939,9.25511237092529,10,1.0,1.0
LOO_without_Volatility,20230731,4968,4968,9.293679549114332,10,1.0,1.0
LOO_without_Volatility,20230831,5001,5001,9.299740051989602,10,1.0,1.0
LOO_without_Volatility,20230928,5018,5018,9.307094459944201,10,1.0,1.0
LOO_without_Volatility,20231031,5032,5032,9.32074721780604,10,1.0,1.0
LOO_without_Volatility,20231130,5049,5049,9.324618736383442,10,1.0,1.0
LOO_without_Volatility,20231229,5065,5065,9.323395853899308,10,1.0,1.0
LOO_without_Volatility,20240131,5085,5085,9.323107177974435,10,1.0,1.0
LOO_without_Volatility,20240229,5089,5089,9.32619375122814,10,1.0,1.0
LOO_without_Volatility,20240329,5099,5099,9.334771523828202,10,1.0,1.0
LOO_without_Volatility,20240430,5064,5064,9.347946287519747,10,1.0,1.0
LOO_without_Volatility,20240531,5093,5093,9.312193206361673,10,1.0,1.0
LOO_without_Volatility,20240628,5101,5101,9.349343266026269,10,1.0,1.0
LOO_without_Volatility,20240731,5100,5100,9.410196078431373,10,1.0,1.0
LOO_without_Volatility,20240830,5108,5108,9.410140955364135,10,1.0,1.0
LOO_without_Volatility,20240930,5110,5110,9.414285714285715,10,1.0,1.0
LOO_without_Volatility,20241031,5115,5116,9.406958561376076,10,0.0,1.0
LOO_without_Volatility,20241129,5129,5132,9.407833203429462,10,0.0,1.0
LOO_without_Volatility,20241231,5137,5140,9.408365758754863,10,0.0,1.0
LOO_without_Volatility,20250127,5156,5157,9.407213496218732,10,0.0,1.0
LOO_without_Volatility,20250228,5155,5155,9.411445198836082,10,1.0,1.0
LOO_without_Volatility,20250331,5160,5161,9.412904475876768,10,0.0,1.0
LOO_without_Volatility,20250430,5127,5127,9.409401209284182,10,1.0,1.0
LOO_without_Volatility,20250530,5159,5159,9.353556890870324,10,1.0,1.0
LOO_without_Volatility,20250630,5180,5181,9.339123721289326,10,0.0,1.0
LOO_without_Volatility,20250731,5190,5191,9.359275669427856,10,0.0,1.0
LOO_without_Volatility,20250829,5192,5194,9.355795148247978,10,0.0,1.0
LOO_without_Volatility,20250930,5201,5201,9.353778119592386,10,1.0,1.0
LOO_without_Volatility,20251031,5209,5213,9.350853635142911,10,0.0,1.0
LOO_without_Volatility,20251128,5214,5214,9.350594553126198,10,1.0,1.0
LOO_without_Volatility,20251231,5233,5237,9.341989688753102,10,0.0,1.0
LOO_without_Volatility,20260130,5243,5248,9.337842987804878,10,0.0,1.0
LOO_without_Volatility,20260227,5252,5257,9.337074377021114,10,0.0,1.0
LOO_without_Volatility,20260331,5258,5265,9.33713200379867,10,0.0,1.0
LOO_without_Volatility,20260430,5272,5277,9.332385825279514,10,0.0,1.0
LOO_without_Volatility,20260529,5289,5293,9.295484602304931,10,0.0,1.0
LOO_without_Volatility,20260630,5291,5297,9.298282046441383,10,0.0,1.0
