experiment,factor,period,included_strategy,excluded_strategy,included_d10_d1_annual_return,excluded_d10_d1_annual_return,d10_d1_annual_return_delta,included_top20_excess_annual_return,excluded_top20_excess_annual_return,top20_excess_annual_return_delta,included_rank_ic_mean,excluded_rank_ic_mean,rank_ic_mean_delta,included_d10_d1_max_drawdown,excluded_d10_d1_max_drawdown,d10_d1_max_drawdown_delta,included_top20_max_drawdown,excluded_top20_max_drawdown,top20_max_drawdown_delta,included_d10_d1_average_two_leg_turnover,excluded_d10_d1_average_two_leg_turnover,d10_d1_average_two_leg_turnover_delta,included_top20_average_monthly_turnover,excluded_top20_average_monthly_turnover,top20_average_monthly_turnover_delta,included_average_valid_stock_count,excluded_average_valid_stock_count,average_valid_stock_count_delta,included_average_available_component_count,excluded_average_available_component_count,average_available_component_count_delta
leave_one_out,ROE,2025H1,Full11_Equal,LOO_without_ROE,0.04231508001338491,0.04207205397635927,0.00024302603702563985,0.37607050735513936,0.3597140347030039,0.016356472652135468,-0.0057976311055892155,-0.012176861407465269,0.006379230301876053,-0.03212485106155938,-0.026614227167267246,-0.005510623894292133,-0.17210531685036368,-0.1718721203767063,-0.00023319647365738216,0.6296339529107053,0.7123905035690653,-0.08275655065835996,0.2766749364059562,0.3064696882593292,-0.02979475185337299,5149.0,5142.833333333333,6.16666666666697,10.380803621274376,9.380803621274376,1.0
leave_one_out,ROE,2025H2,Full11_Equal,LOO_without_ROE,0.019007585897857338,0.0391591575004524,-0.020151571602595064,-0.059115765483196414,-0.05259647734027206,-0.006519288142924351,-0.011851371711738118,-0.014452648850375545,0.002601277138637427,-0.016520250257826996,-0.009713962144693666,-0.00680628811313333,-0.06878461572191319,-0.07030618096111407,0.0015215652392008838,0.7040257181857698,0.7838446485287524,-0.0798189303429826,0.3072593701171212,0.33311000408219427,-0.02585063396507309,5197.666666666667,5190.666666666667,7.0,10.329867674357876,9.329867674357876,1.0
leave_one_out,ROE,2026YTD,Full11_Equal,LOO_without_ROE,0.20151037111414016,0.1969338685742934,0.004576502539846761,-0.08141330754214726,-0.062045588935766505,-0.019367718606380757,0.04052638135366577,0.04167628630119275,-0.0011499049475269807,-0.02874857975136058,-0.01331551061170122,-0.015433069139659361,-0.1298582533841477,-0.1312698944212526,0.0014116410371048937,0.6674966215663722,0.729130872301612,-0.06163425073523976,0.28201208474203715,0.3063319911574408,-0.024319906415403658,5262.571428571428,5248.714285714285,13.857142857143117,10.301475558522185,9.301475558522185,1.0
leave_one_out,PE_TTM,2025H1,Full11_Equal,LOO_without_PE_TTM,0.04231508001338491,0.02300984592981159,0.01930523408357332,0.37607050735513936,0.35516460552710005,0.02090590182803931,-0.0057976311055892155,-0.01056487785766598,0.004767246752076765,-0.03212485106155938,-0.033086118674465204,0.0009612676129058251,-0.17210531685036368,-0.17286417355555472,0.0007588567051910466,0.6296339529107053,0.6683793791710034,-0.03874542626029809,0.2766749364059562,0.2863981577723765,-0.009723221366420287,5149.0,5142.833333333333,6.16666666666697,10.380803621274376,9.622754250581808,0.758049370692568
leave_one_out,PE_TTM,2025H2,Full11_Equal,LOO_without_PE_TTM,0.019007585897857338,0.02609445631146934,-0.007086870413612001,-0.059115765483196414,-0.06154913496314274,0.0024333694799463235,-0.011851371711738118,-0.017629938303155106,0.005778566591416989,-0.016520250257826996,-0.019300444515404247,0.002780194257577251,-0.06878461572191319,-0.0696251577241005,0.0008405420021873056,0.7040257181857698,0.7347516871517544,-0.030725968965984674,0.3072593701171212,0.3173875261815519,-0.010128156064430738,5197.666666666667,5191.166666666667,6.5,10.329867674357876,9.585479683805737,0.7443879905521396
leave_one_out,PE_TTM,2026YTD,Full11_Equal,LOO_without_PE_TTM,0.20151037111414016,0.21182048893033034,-0.010310117816190179,-0.08141330754214726,-0.08361697503763876,0.0022036674954915014,0.04052638135366577,0.0373580560054292,0.003168325348236571,-0.02874857975136058,-0.020667084414964343,-0.008081495336396238,-0.1298582533841477,-0.1307758879612102,0.0009176345770625094,0.6674966215663722,0.6984812168995569,-0.03098459533318465,0.28201208474203715,0.29944323190240707,-0.01743114716036992,5262.571428571428,5250.142857142857,12.428571428571558,10.301475558522185,9.560281755440567,0.7411938030816181
leave_one_out,Revenue_Growth,2025H1,Full11_Equal,LOO_without_Revenue_Growth,0.04231508001338491,-0.028179336053290815,0.07049441606667572,0.37607050735513936,0.3294671795569677,0.04660332779817167,-0.0057976311055892155,-0.017581350711334674,0.011783719605745459,-0.03212485106155938,-0.04042861883802207,0.00830376777646269,-0.17210531685036368,-0.17045957018289315,-0.0016457466674705268,0.6296339529107053,0.6531563231390571,-0.023522370228351797,0.2766749364059562,0.2859163269911517,-0.00924139058519552,5149.0,5142.833333333333,6.16666666666697,10.380803621274376,9.380803621274376,1.0
leave_one_out,Revenue_Growth,2025H2,Full11_Equal,LOO_without_Revenue_Growth,0.019007585897857338,-0.010033829054950205,0.029041414952807543,-0.059115765483196414,-0.08309338797720911,0.023977622494012696,-0.011851371711738118,-0.014535047436551063,0.0026836757248129457,-0.016520250257826996,-0.01079324791894476,-0.005727002338882237,-0.06878461572191319,-0.06858748074493226,-0.0001971349769809283,0.7040257181857698,0.7392177930895065,-0.03519207490373677,0.3072593701171212,0.31787494505923664,-0.010615574942115458,5197.666666666667,5190.666666666667,7.0,10.329867674357876,9.329867674357876,1.0
leave_one_out,Revenue_Growth,2026YTD,Full11_Equal,LOO_without_Revenue_Growth,0.20151037111414016,0.08478362742322876,0.1167267436909114,-0.08141330754214726,-0.11663708379514315,0.035223776252995886,0.04052638135366577,0.03604122403342524,0.004485157320240532,-0.02874857975136058,-0.06185629475134646,0.03310771499998588,-0.1298582533841477,-0.1313244875368086,0.0014662341526608946,0.6674966215663722,0.6662746020059249,0.0012220195604473183,0.28201208474203715,0.287988328508498,-0.0059762437664608314,5262.571428571428,5248.714285714285,13.857142857143117,10.301475558522185,9.301475558522185,1.0
leave_one_out,Momentum_60D,2025H1,Full11_Equal,LOO_without_Momentum_60D,0.04231508001338491,0.09241015808597886,-0.050095078072593946,0.37607050735513936,0.3622389481803294,0.013831559174809938,-0.0057976311055892155,0.009749575726658079,-0.015547206832247295,-0.03212485106155938,-0.02919697496614093,-0.002927876095418447,-0.17210531685036368,-0.16240219667867817,-0.009703120171685509,0.6296339529107053,0.5341698702539645,0.09546408265674089,0.2766749364059562,0.2215567470012769,0.0551181894046793,5149.0,5149.0,0.0,10.380803621274376,9.386305099271523,0.9944985220028535
leave_one_out,Momentum_60D,2025H2,Full11_Equal,LOO_without_Momentum_60D,0.019007585897857338,0.03890340102876011,-0.019895815130902772,-0.059115765483196414,-0.05869459464773463,-0.0004211708354617816,-0.011851371711738118,0.007816719489308033,-0.01966809120104615,-0.016520250257826996,-0.013950389655888351,-0.002569860601938645,-0.06878461572191319,-0.06488353990521079,-0.003901075816702404,0.7040257181857698,0.6088302907193582,0.09519542746641152,0.3072593701171212,0.25421715877967904,0.053042211337442136,5197.666666666667,5197.666666666667,0.0,10.329867674357876,9.334707222223406,0.9951604521344706
leave_one_out,Momentum_60D,2026YTD,Full11_Equal,LOO_without_Momentum_60D,0.20151037111414016,0.059668710106551615,0.14184166100758855,-0.08141330754214726,-0.1277900378017891,0.04637673025964184,0.04052638135366577,0.045048113629280344,-0.004521732275614573,-0.02874857975136058,-0.0554009937739518,0.02665241402259122,-0.1298582533841477,-0.12263278655977106,-0.007225466824376636,0.6674966215663722,0.5744043926291885,0.09309222893718372,0.28201208474203715,0.23584441182020544,0.046167672921831715,5262.571428571428,5262.571428571428,0.0,10.301475558522185,9.308877151323049,0.9925984071991358
leave_one_out,Turnover_20D,2025H1,Full11_Equal,LOO_without_Turnover_20D,0.04231508001338491,0.05626981980379253,-0.013954739790407622,0.37607050735513936,0.35556129514642754,0.020509212208711824,-0.0057976311055892155,0.010898159786349101,-0.016695790891938317,-0.03212485106155938,-0.033628921688774294,0.0015040706272149151,-0.17210531685036368,-0.1605507493041871,-0.011554567546176564,0.6296339529107053,0.565936734282745,0.0636972186279603,0.2766749364059562,0.23623738273118366,0.04043755367477253,5149.0,5146.166666666667,2.83333333333303,10.380803621274376,9.382422030677647,0.998381590596729
leave_one_out,Turnover_20D,2025H2,Full11_Equal,LOO_without_Turnover_20D,0.019007585897857338,0.10306406484860386,-0.08405647895074653,-0.059115765483196414,-0.021013753455997097,-0.03810201202719932,-0.011851371711738118,0.02249575108159654,-0.034347122793334656,-0.016520250257826996,-0.003253143961327032,-0.013267106296499964,-0.06878461572191319,-0.06853595948012847,-0.0002486562417847171,0.7040257181857698,0.6018189441542986,0.10220677403147116,0.3072593701171212,0.24451739721100055,0.06274197290612063,5197.666666666667,5196.166666666667,1.5,10.329867674357876,9.331598267655087,0.9982694067027893
leave_one_out,Turnover_20D,2026YTD,Full11_Equal,LOO_without_Turnover_20D,0.20151037111414016,0.14969777656911987,0.051812594545020296,-0.08141330754214726,-0.12074070543379556,0.0393273978916483,0.04052638135366577,0.06400785263232676,-0.023481471278660994,-0.02874857975136058,-0.036922498015029226,0.008173918263668645,-0.1298582533841477,-0.12821808872881058,-0.0016401646553371174,0.6674966215663722,0.5716471536662854,0.09584946790008686,0.28201208474203715,0.23118546435115175,0.050826620390885396,5262.571428571428,5255.285714285715,7.285714285713766,10.301475558522185,9.30386222315683,0.9976133353653545
leave_one_out,Debt_to_Equity,2025H1,Full11_Equal,LOO_without_Debt_to_Equity,0.04231508001338491,0.044122331623191124,-0.0018072516098062152,0.37607050735513936,0.37128771627645496,0.004782791078684401,-0.0057976311055892155,-0.008444476717880688,0.002646845612291473,-0.03212485106155938,-0.028283971208862058,-0.003840879852697321,-0.17210531685036368,-0.1716150153972138,-0.0004903014531498773,0.6296339529107053,0.6797087364569306,-0.0500747835462253,0.2766749364059562,0.283795933453066,-0.007120997047109778,5149.0,5142.833333333333,6.16666666666697,10.380803621274376,9.380803621274376,1.0
leave_one_out,Debt_to_Equity,2025H2,Full11_Equal,LOO_without_Debt_to_Equity,0.019007585897857338,-0.00950770307052995,0.028515288968387287,-0.059115765483196414,-0.05314860556729695,-0.005967159915899467,-0.011851371711738118,-0.013238281971595968,0.0013869102598578504,-0.016520250257826996,-0.02254101890817295,0.006020768650345953,-0.06878461572191319,-0.06960678858963543,0.0008221728677222373,0.7040257181857698,0.7363412013330833,-0.032315483147313584,0.3072593701171212,0.31514255601043367,-0.007883185893312494,5197.666666666667,5190.666666666667,7.0,10.329867674357876,9.329867674357876,1.0
leave_one_out,Debt_to_Equity,2026YTD,Full11_Equal,LOO_without_Debt_to_Equity,0.20151037111414016,0.14389660631725087,0.05761376479688929,-0.08141330754214726,-0.07726264509304603,-0.004150662449101228,0.04052638135366577,0.040979755690928724,-0.0004533743372629531,-0.02874857975136058,-0.03952109159072503,0.010772511839364451,-0.1298582533841477,-0.12918082690686417,-0.000677426477283527,0.6674966215663722,0.6886227241161437,-0.02112610254977143,0.28201208474203715,0.2959759837425325,-0.013963899000495328,5262.571428571428,5248.714285714285,13.857142857143117,10.301475558522185,9.301475558522185,1.0
leave_one_out,Volatility,2025H1,Full11_Equal,LOO_without_Volatility,0.04231508001338491,0.052871913435848183,-0.010556833422463274,0.37607050735513936,0.40552716679164025,-0.029456659436500887,-0.0057976311055892155,-0.007861959201523864,0.002064328095934648,-0.03212485106155938,-0.026049702693622723,-0.006075148367936656,-0.17210531685036368,-0.18873429408778009,0.01662897723741641,0.6296339529107053,0.6839509072333182,-0.054316954322612854,0.2766749364059562,0.2900893835650871,-0.013414447159130927,5149.0,5149.0,0.0,10.380803621274376,9.400481171640159,0.9803224496342171
leave_one_out,Volatility,2025H2,Full11_Equal,LOO_without_Volatility,0.019007585897857338,0.007654698956007344,0.011352886941849993,-0.059115765483196414,-0.0758041345448135,0.01668836906161708,-0.011851371711738118,-0.03836478341329828,0.026513411701560158,-0.016520250257826996,-0.033853645244449004,0.01733339498662201,-0.06878461572191319,-0.07286735647872367,0.004082740756810477,0.7040257181857698,0.7213539371095234,-0.01732821892375369,0.3072593701171212,0.321362936461815,-0.01410356634469384,5197.666666666667,5197.666666666667,0.0,10.329867674357876,9.351570141137776,0.9782975332201005
leave_one_out,Volatility,2026YTD,Full11_Equal,LOO_without_Volatility,0.20151037111414016,0.21743015177571223,-0.01591978066157207,-0.08141330754214726,-0.06010078649090378,-0.021312521051243483,0.04052638135366577,0.014043729001089243,0.026482652352576526,-0.02874857975136058,-0.025234642981545208,-0.0035139367698153734,-0.1298582533841477,-0.13768131663109695,0.007823063246949258,0.6674966215663722,0.6759170949382131,-0.00842047337184082,0.28201208474203715,0.30428890634057426,-0.02227682159853711,5262.571428571428,5262.571428571428,0.0,10.301475558522185,9.325741647343369,0.9757339111788159
leave_one_out,Main_Net_In,2025H1,Full11_Equal,LOO_without_Main_Net_In,0.04231508001338491,0.024457971451931293,0.017857108561453616,0.37607050735513936,0.39514581897107104,-0.019075311615931678,-0.0057976311055892155,-0.0031929554626996793,-0.002604675642889536,-0.03212485106155938,-0.02845355457396248,-0.003671296487596898,-0.17210531685036368,-0.1748700162329141,0.0027646993825504174,0.6296339529107053,0.5353421296387704,0.09429182327193497,0.2766749364059562,0.23936880190111723,0.03730613450483897,5149.0,5146.0,3.0,10.380803621274376,9.431323153834185,0.9494804674401909
leave_one_out,Main_Net_In,2025H2,Full11_Equal,LOO_without_Main_Net_In,0.019007585897857338,0.008732937607741853,0.010274648290115485,-0.059115765483196414,-0.04716159970174294,-0.011954165781453474,-0.011851371711738118,-0.012884502131564182,0.0010331304198260647,-0.016520250257826996,-0.02948279321425229,0.012962542956425294,-0.06878461572191319,-0.0693925171320553,0.0006079014101421087,0.7040257181857698,0.5657232935179608,0.13830242466780895,0.3072593701171212,0.26091072879908545,0.04634864131803573,5197.666666666667,5193.833333333333,3.8333333333339397,10.329867674357876,9.381926801686186,0.9479408726716905
leave_one_out,Main_Net_In,2026YTD,Full11_Equal,LOO_without_Main_Net_In,0.20151037111414016,0.1792939803236464,0.022216390790493756,-0.08141330754214726,-0.07455163997193326,-0.006861667570214003,0.04052638135366577,0.04164093199782603,-0.0011145506441602587,-0.02874857975136058,-0.013648544817607466,-0.015100034933753115,-0.1298582533841477,-0.12663504096780265,-0.003223212416345045,0.6674966215663722,0.5315969680684388,0.13589965349793343,0.28201208474203715,0.2340686725957309,0.04794341214630626,5262.571428571428,5255.571428571428,7.0,10.301475558522185,9.358363341313785,0.9431122172083999
leave_one_out,Dividend_Yield,2025H1,Full11_Equal,LOO_without_Dividend_Yield,0.04231508001338491,0.08824313693936969,-0.045928056925984784,0.37607050735513936,0.3905557283664871,-0.014485221011347749,-0.0057976311055892155,-0.005670758503902567,-0.00012687260168664852,-0.03212485106155938,-0.02888131044399811,-0.003243540617561269,-0.17210531685036368,-0.18093973376831363,0.00883441691794995,0.6296339529107053,0.6651787502643888,-0.03554479735368343,0.2766749364059562,0.29914085200937074,-0.022465915603414544,5149.0,5149.0,0.0,10.380803621274376,9.628468982956141,0.752334638318235
leave_one_out,Dividend_Yield,2025H2,Full11_Equal,LOO_without_Dividend_Yield,0.019007585897857338,0.03520645304330383,-0.016198867145446494,-0.059115765483196414,-0.06590571416484337,0.006789948681646951,-0.011851371711738118,-0.01784121675779951,0.005989845046061393,-0.016520250257826996,-0.020641750668132786,0.0041215004103057895,-0.06878461572191319,-0.07122975397658637,0.002445138254673185,0.7040257181857698,0.7386265137531178,-0.034600795567348075,0.3072593701171212,0.3243877246528933,-0.017128354535772106,5197.666666666667,5197.666666666667,0.0,10.329867674357876,9.618655502487771,0.7112121718701054
leave_one_out,Dividend_Yield,2026YTD,Full11_Equal,LOO_without_Dividend_Yield,0.20151037111414016,0.20871673826320514,-0.007206367149064974,-0.08141330754214726,-0.0487579597965182,-0.03265534774562906,0.04052638135366577,0.029555623039036066,0.010970758314629705,-0.02874857975136058,-0.029356535345481438,0.000607955594120857,-0.1298582533841477,-0.13677975278359555,0.006921499399447861,0.6674966215663722,0.7016805822396135,-0.034183960673241254,0.28201208474203715,0.3026702636367579,-0.02065817889472077,5262.571428571428,5262.571428571428,0.0,10.301475558522185,9.60587950335088,0.6955960551713041
leave_one_out,Holder_Concen,2025H1,Full11_Equal,LOO_without_Holder_Concen,0.04231508001338491,0.030640619079995712,0.011674460933389197,0.37607050735513936,0.35042550406452855,0.025645003290610813,-0.0057976311055892155,-0.007868575232848242,0.002070944127259026,-0.03212485106155938,-0.03588817165610558,0.0037633205945462045,-0.17210531685036368,-0.17628612869459848,0.0041808118442348,0.6296339529107053,0.674228312766457,-0.044594359855751664,0.2766749364059562,0.3111112367910395,-0.03443630038508333,5149.0,5148.666666666667,0.33333333333303017,10.380803621274376,9.414296064565043,0.9665075567093329
leave_one_out,Holder_Concen,2025H2,Full11_Equal,LOO_without_Holder_Concen,0.019007585897857338,0.041738480334156725,-0.022730894436299387,-0.059115765483196414,-0.06422144223000092,0.0051056767468045106,-0.011851371711738118,-0.008650466026918035,-0.003200905684820083,-0.016520250257826996,-0.014984662182325748,-0.0015355880755012485,-0.06878461572191319,-0.07092183272274222,0.002137217000829028,0.7040257181857698,0.7347257187901249,-0.030700000604355182,0.3072593701171212,0.33612313327872556,-0.028863763161604383,5197.666666666667,5195.5,2.16666666666697,10.329867674357876,9.356899137955866,0.9729685364020106
leave_one_out,Holder_Concen,2026YTD,Full11_Equal,LOO_without_Holder_Concen,0.20151037111414016,0.19958396187372718,0.0019264092404129851,-0.08141330754214726,-0.08905987283182726,0.007646565289679996,0.04052638135366577,0.0392767464359241,0.0012496349177416738,-0.02874857975136058,-0.03712048535553003,0.00837190560416945,-0.1298582533841477,-0.13065055284191962,0.0007922994577719278,0.6674966215663722,0.6921990506798499,-0.024702429113477642,0.28201208474203715,0.3134232350091769,-0.031411150267139754,5262.571428571428,5261.571428571428,1.0,10.301475558522185,9.327677467573475,0.9737980909487103
leave_one_out,Gross_Margin,2025H1,Full11_Equal,LOO_without_Gross_Margin,0.04231508001338491,0.02025665975725799,0.02205842025612692,0.37607050735513936,0.33221239115561874,0.043858116199520625,-0.0057976311055892155,-0.013322240447904853,0.0075246093423156375,-0.03212485106155938,-0.03111861687591244,-0.001006234185646937,-0.17210531685036368,-0.17578945658438028,0.0036841397340166004,0.6296339529107053,0.7139834904608303,-0.08434953755012498,0.2766749364059562,0.30354698561879734,-0.026872049212841143,5149.0,5142.833333333333,6.16666666666697,10.380803621274376,9.39957459539413,0.9812290258802463
leave_one_out,Gross_Margin,2025H2,Full11_Equal,LOO_without_Gross_Margin,0.019007585897857338,0.03351999652663307,-0.01451241062877573,-0.059115765483196414,-0.02044761309019938,-0.038668152392997035,-0.011851371711738118,-0.014174829910436185,0.002323458198698067,-0.016520250257826996,-0.005950247142159748,-0.010570003115667248,-0.06878461572191319,-0.07055980552653274,0.001775189804619548,0.7040257181857698,0.7510891970962178,-0.04706347891044804,0.3072593701171212,0.3337448353343026,-0.026485465217181425,5197.666666666667,5190.666666666667,7.0,10.329867674357876,9.348236963553305,0.9816307108045716
leave_one_out,Gross_Margin,2026YTD,Full11_Equal,LOO_without_Gross_Margin,0.20151037111414016,0.19015984285207077,0.011350528262069393,-0.08141330754214726,-0.0788851325518658,-0.002528174990281462,0.04052638135366577,0.043501655930373105,-0.0029752745767073346,-0.02874857975136058,-0.029023752272106407,0.00027517252074582554,-0.1298582533841477,-0.1271198687109889,-0.002738384673158789,0.6674966215663722,0.716304761859128,-0.04880814029275571,0.28201208474203715,0.3143572700743073,-0.032345185332270154,5262.571428571428,5248.714285714285,13.857142857143117,10.301475558522185,9.319645820153342,0.9818297383688428
add_one_back,ROE,2025H1,AOB_add_ROE,Fixed4_Equal,-0.036517300714584255,-0.17514838410829725,0.138631083393713,0.25065867646462836,0.18956121976756846,0.061097456697059904,0.010317076687438078,0.002031788572043978,0.0082852881153941,-0.05035337571494625,-0.07537601998004084,0.025022644265094596,-0.1415114768158674,-0.13237561173706258,-0.009135865078804817,0.6149553387917462,0.687033206842933,-0.07207786805118677,0.24451671020396892,0.26889410241982176,-0.024377392215852833,5121.833333333333,4245.333333333333,876.5,4.440186926085211,3.4401869260852114,0.9999999999999996
add_one_back,ROE,2025H2,AOB_add_ROE,Fixed4_Equal,0.13291373437698528,0.06528315774371163,0.06763057663327365,-0.04828064880043548,-0.05161465846817381,0.0033340096677383357,0.05957705415836843,0.06757681496677087,-0.007999760808402444,-0.025775341763860204,-0.06709523500003667,0.041319893236176464,-0.06251278821692541,-0.06084256983103675,-0.0016702183858886555,0.6685659793843862,0.7264046983082802,-0.05783871892389403,0.26290392283240516,0.28495595259157985,-0.022052029759174696,5158.5,4085.5,1073.0,4.381838568314036,3.381838568314036,1.0
add_one_back,ROE,2026YTD,AOB_add_ROE,Fixed4_Equal,-0.12337548788024222,-0.21730545321025752,0.0939299653300153,-0.1970030248234954,-0.19811590090791442,0.0011128760844190122,0.06887022153780428,0.07092012813742997,-0.0020499065996256866,-0.15493556266206754,-0.23063427402819647,0.07569871136612893,-0.14753031992560994,-0.14688251278877051,-0.0006478071368394289,0.6113522008892217,0.6751076833046351,-0.0637554824154134,0.24335088238471,0.25341618895217,-0.010065306567459992,5208.285714285715,4118.285714285715,1090.0,4.35563598664014,3.35563598664014,0.9999999999999996
add_one_back,Revenue_Growth,2025H1,AOB_add_Revenue_Growth,Fixed4_Equal,0.009498252650447458,-0.17514838410829725,0.1846466367587447,0.26735049884949813,0.18956121976756846,0.07778927908192967,0.01967878045833851,0.002031788572043978,0.01764699188629453,-0.05272596659119899,-0.07537601998004084,0.02265005338884185,-0.14720442451130344,-0.13237561173706258,-0.014828812774240863,0.7062100472030526,0.687033206842933,0.019176840360119574,0.2795934440979297,0.26889410241982176,0.010699341678107932,5121.833333333333,4245.333333333333,876.5,4.440186926085211,3.4401869260852114,0.9999999999999996
add_one_back,Revenue_Growth,2025H2,AOB_add_Revenue_Growth,Fixed4_Equal,0.20179844244078238,0.06528315774371163,0.13651528469707075,-0.01592151585508428,-0.05161465846817381,0.035693142613089535,0.0649276382211661,0.06757681496677087,-0.0026491767456047755,-0.02303915195581885,-0.06709523500003667,0.04405608304421782,-0.06274365923000447,-0.06084256983103675,-0.0019010893989677147,0.719650479815601,0.7264046983082802,-0.006754218492679209,0.2850260102849203,0.28495595259157985,7.005769334045286e-05,5158.5,4085.5,1073.0,4.381838568314036,3.381838568314036,1.0
add_one_back,Revenue_Growth,2026YTD,AOB_add_Revenue_Growth,Fixed4_Equal,-0.003346545745998797,-0.21730545321025752,0.21395890746425872,-0.13382751735842247,-0.19811590090791442,0.06428838354949196,0.08273901122080428,0.07092012813742997,0.01181888308337431,-0.11094464919051228,-0.23063427402819647,0.1196896248376842,-0.12251434483312729,-0.14688251278877051,0.024368167955643227,0.7100169921877661,0.6751076833046351,0.03490930888313104,0.2718348167212169,0.25341618895217,0.018418627769046902,5208.285714285715,4118.285714285715,1090.0,4.35563598664014,3.35563598664014,0.9999999999999996
add_one_back,Momentum_60D,2025H1,AOB_add_Momentum_60D,Fixed4_Equal,-0.13742408596923517,-0.17514838410829725,0.037724298139062085,0.19729341664011257,0.18956121976756846,0.007732196872544117,-0.023445493409362268,0.002031788572043978,-0.025477281981406245,-0.05395200382084642,-0.07537601998004084,0.021424016159194426,-0.1520043292634914,-0.13237561173706258,-0.019628717526428807,0.8984366188206557,0.687033206842933,0.21140341197772272,0.3728607671952724,0.26889410241982176,0.10396666477545063,5099.833333333333,4245.333333333333,854.5,4.434685448088067,3.4401869260852114,0.9944985220028557
add_one_back,Momentum_60D,2025H2,AOB_add_Momentum_60D,Fixed4_Equal,0.16266074375620687,0.06528315774371163,0.09737758601249524,-0.05098185302579927,-0.05161465846817381,0.00063280544237454,0.030616778009097692,0.06757681496677087,-0.03696003695767318,-0.025419606528722993,-0.06709523500003667,0.041675628471313675,-0.06741093752471361,-0.06084256983103675,-0.006568367693676858,0.8816184967789806,0.7264046983082802,0.15521379847070038,0.37708861053607795,0.28495595259157985,0.0921326579444981,5142.5,4085.5,1057.0,4.376999020448507,3.381838568314036,0.9951604521344715
add_one_back,Momentum_60D,2026YTD,AOB_add_Momentum_60D,Fixed4_Equal,0.06227605320951857,-0.21730545321025752,0.2795815064197761,-0.10087601156119042,-0.19811590090791442,0.097239889346724,0.07507042876634036,0.07092012813742997,0.004150300628910392,-0.0613649812933712,-0.23063427402819647,0.16926929273482527,-0.1273425140911405,-0.14688251278877051,0.019539998697630012,0.832529631791456,0.6751076833046351,0.1574219484868209,0.3472053534649045,0.25341618895217,0.0937891645127345,5188.142857142857,4118.285714285715,1069.8571428571422,4.348234393839276,3.35563598664014,0.9925984071991354
add_one_back,Turnover_20D,2025H1,AOB_add_Turnover_20D,Fixed4_Equal,-0.16902284749632102,-0.17514838410829725,0.0061255366119762344,0.1779235235289205,0.18956121976756846,-0.011637696238647965,-0.03598488353511667,0.002031788572043978,-0.03801667210716064,-0.07358881968585862,-0.07537601998004084,0.001787200294182223,-0.1578017746227176,-0.13237561173706258,-0.025426162885655024,0.9007063991511416,0.687033206842933,0.21367319230820858,0.36860187573127984,0.26889410241982176,0.09970777331145808,5114.666666666667,4245.333333333333,869.3333333333339,4.438568516681941,3.4401869260852114,0.9983815905967295
add_one_back,Turnover_20D,2025H2,AOB_add_Turnover_20D,Fixed4_Equal,0.019090194875967637,0.06528315774371163,-0.04619296286774399,-0.10160560113353445,-0.05161465846817381,-0.04999094266536064,0.0026429206241087044,0.06757681496677087,-0.06493389434266217,-0.031450963083565764,-0.06709523500003667,0.035644271916470904,-0.06619954597177058,-0.06084256983103675,-0.005356976140733827,0.9606938660781633,0.7264046983082802,0.23428916776988307,0.4133718289879657,0.28495595259157985,0.12841587639638585,5153.0,4085.5,1067.5,4.380107975016824,3.381838568314036,0.9982694067027884
add_one_back,Turnover_20D,2026YTD,AOB_add_Turnover_20D,Fixed4_Equal,-0.13716371283499096,-0.21730545321025752,0.08014174037526656,-0.15579529273014914,-0.19811590090791442,0.042320608177765284,0.04310276545623642,0.07092012813742997,-0.02781736268119355,-0.12421092502410958,-0.23063427402819647,0.1064233490040869,-0.12034306312355347,-0.14688251278877051,0.02653944966521704,0.8891183466146055,0.6751076833046351,0.21401066330997043,0.36595567885657543,0.25341618895217,0.11253948990440543,5201.857142857143,4118.285714285715,1083.5714285714284,4.353249322005493,3.35563598664014,0.9976133353653531
add_one_back,Debt_to_Equity,2025H1,AOB_add_Debt_to_Equity,Fixed4_Equal,-0.08365408134249208,-0.17514838410829725,0.09149430276580517,0.23078529972413087,0.18956121976756846,0.04122407995656241,0.007277098803011684,0.002031788572043978,0.005245310230967706,-0.05679007445719453,-0.07537601998004084,0.018585945522846314,-0.13921781620584617,-0.13237561173706258,-0.006842204468783586,0.6426013197267272,0.687033206842933,-0.044431887116205826,0.26696534950164946,0.26889410241982176,-0.001928752918172294,5121.833333333333,4245.333333333333,876.5,4.440186926085211,3.4401869260852114,0.9999999999999996
add_one_back,Debt_to_Equity,2025H2,AOB_add_Debt_to_Equity,Fixed4_Equal,0.09576491852415714,0.06528315774371163,0.03048176078044551,-0.02732719074721013,-0.05161465846817381,0.024287467720963685,0.06775850459907168,0.06757681496677087,0.0001816896323008077,-0.04066314258015291,-0.06709523500003667,0.026432092419883757,-0.06071121736130214,-0.06084256983103675,0.00013135246973461356,0.6953510752707178,0.7264046983082802,-0.031053623037562428,0.28373949434518697,0.28495595259157985,-0.001216458246392882,5158.5,4085.5,1073.0,4.381838568314036,3.381838568314036,1.0
add_one_back,Debt_to_Equity,2026YTD,AOB_add_Debt_to_Equity,Fixed4_Equal,-0.12180772623625735,-0.21730545321025752,0.09549772697400016,-0.1903431686806265,-0.19811590090791442,0.007772732227287915,0.07110464636534759,0.07092012813742997,0.00018451822791762384,-0.15406094102882895,-0.23063427402819647,0.07657333299936753,-0.14739122232434754,-0.14688251278877051,-0.0005087095355770233,0.6480933091287114,0.6751076833046351,-0.027014374175923672,0.2550142819927412,0.25341618895217,0.0015980930405711802,5208.285714285715,4118.285714285715,1090.0,4.35563598664014,3.35563598664014,0.9999999999999996
add_one_back,Holder_Concen,2025H1,AOB_add_Holder_Concen,Fixed4_Equal,-0.05620951648644534,-0.17514838410829725,0.11893886762185191,0.23976364980927456,0.18956121976756846,0.0502024300417061,0.006747082294959989,0.002031788572043978,0.0047152937229160115,-0.04791665689726843,-0.07537601998004084,0.027459363082772414,-0.1412277453032219,-0.13237561173706258,-0.008852133566159326,0.670367264882826,0.687033206842933,-0.016665941960106956,0.24183155902149353,0.26889410241982176,-0.027062543398328226,5097.5,4245.333333333333,852.166666666667,4.406694482794545,3.4401869260852114,0.9665075567093333
add_one_back,Holder_Concen,2025H2,AOB_add_Holder_Concen,Fixed4_Equal,0.11552003428424218,0.06528315774371163,0.05023687654053055,-0.03932716133041714,-0.05161465846817381,0.012287497137756676,0.05415973809775446,0.06757681496677087,-0.013417076869016407,-0.039495056660134864,-0.06709523500003667,0.027600178339901804,-0.060392763412569606,-0.06084256983103675,0.00044980641846714686,0.7239086975451628,0.7264046983082802,-0.002496000763117401,0.2549658402439998,0.28495595259157985,-0.029990112347580034,5123.0,4085.5,1037.5,4.354807104716046,3.381838568314036,0.9729685364020098
add_one_back,Holder_Concen,2026YTD,AOB_add_Holder_Concen,Fixed4_Equal,-0.14158731680883085,-0.21730545321025752,0.07571813640142666,-0.1943706234708702,-0.19811590090791442,0.0037452774370442254,0.06879644140561945,0.07092012813742997,-0.0021236867318105146,-0.17162058820319603,-0.23063427402819647,0.05901368582500044,-0.14549757556252219,-0.14688251278877051,0.0013849372262483284,0.6443954236237835,0.6751076833046351,-0.03071225968085156,0.2306986271609106,0.25341618895217,-0.02271756179125939,5164.0,4118.285714285715,1045.7142857142853,4.329434077588854,3.35563598664014,0.9737980909487134
add_one_back,Gross_Margin,2025H1,AOB_add_Gross_Margin,Fixed4_Equal,-0.0710006985506807,-0.17514838410829725,0.10414768555761655,0.24910592369636064,0.18956121976756846,0.059544703928792186,0.015371081653533828,0.002031788572043978,0.01333929308148985,-0.054449123225053686,-0.07537601998004084,0.020926896754987157,-0.1418498551271592,-0.13237561173706258,-0.009474243390096615,0.6243769045173898,0.687033206842933,-0.0626563023255432,0.22978400993970524,0.26889410241982176,-0.039110092480116515,5120.166666666667,4245.333333333333,874.8333333333339,4.421415951965458,3.4401869260852114,0.9812290258802467
add_one_back,Gross_Margin,2025H2,AOB_add_Gross_Margin,Fixed4_Equal,0.1032322642292709,0.06528315774371163,0.03794910648555927,-0.03915047235540414,-0.05161465846817381,0.01246418611276967,0.06149456045402645,0.06757681496677087,-0.006082254512744419,-0.04012519339466969,-0.06709523500003667,0.02697004160536698,-0.06251874836835292,-0.06084256983103675,-0.0016761785373161642,0.709013458109871,0.7264046983082802,-0.017391240198409208,0.25935657614755275,0.28495595259157985,-0.0255993764440271,5158.166666666667,4085.5,1072.666666666667,4.363469279118608,3.381838568314036,0.9816307108045716
add_one_back,Gross_Margin,2026YTD,AOB_add_Gross_Margin,Fixed4_Equal,-0.17059769726668983,-0.21730545321025752,0.046707755943567686,-0.19041114042627982,-0.19811590090791442,0.007704760481634598,0.06661393266436243,0.07092012813742997,-0.004306195473067542,-0.18862933260014758,-0.23063427402819647,0.04200494142804889,-0.1459023830881908,-0.14688251278877051,0.0009801297005797016,0.6385662190199629,0.6751076833046351,-0.0365414642846722,0.23266758501055415,0.25341618895217,-0.020748603941615845,5208.285714285715,4118.285714285715,1090.0,4.337465725008982,3.35563598664014,0.9818297383688415
