run_id,fold_id,signal_date,strategy_id,source_factor,weight,weight_source,weight_as_of_date,rank_ic_mean,rank_ic_periods
wf_cd46c725e308,F001,20250228,Champion_SingleFactor,PE_TTM,1.0,selected_champion,20250228,,
wf_cd46c725e308,F001,20250228,Composite_Equal,Debt_to_Equity,0.09090909090909091,equal,20250205,,0
wf_cd46c725e308,F001,20250228,Composite_Equal,Dividend_Yield,0.09090909090909091,equal,20250205,,0
wf_cd46c725e308,F001,20250228,Composite_Equal,Gross_Margin,0.09090909090909091,equal,20250205,,0
wf_cd46c725e308,F001,20250228,Composite_Equal,Holder_Concen,0.09090909090909091,equal,20250205,,0
wf_cd46c725e308,F001,20250228,Composite_Equal,Main_Net_In,0.09090909090909091,equal,20250205,,0
wf_cd46c725e308,F001,20250228,Composite_Equal,Momentum_60D,0.09090909090909091,equal,20250205,,0
wf_cd46c725e308,F001,20250228,Composite_Equal,PE_TTM,0.09090909090909091,equal,20250205,,0
wf_cd46c725e308,F001,20250228,Composite_Equal,ROE,0.09090909090909091,equal,20250205,,0
wf_cd46c725e308,F001,20250228,Composite_Equal,Revenue_Growth,0.09090909090909091,equal,20250205,,0
wf_cd46c725e308,F001,20250228,Composite_Equal,Turnover_20D,0.09090909090909091,equal,20250205,,0
wf_cd46c725e308,F001,20250228,Composite_Equal,Volatility,0.09090909090909091,equal,20250205,,0
wf_cd46c725e308,F001,20250228,Composite_RollingRankIC,Debt_to_Equity,0.02545336811231902,rolling_rankic,20250205,0.0064238709654244166,12
wf_cd46c725e308,F001,20250228,Composite_RollingRankIC,Dividend_Yield,0.1601546035656391,rolling_rankic,20250205,0.04041950374836398,12
wf_cd46c725e308,F001,20250228,Composite_RollingRankIC,Gross_Margin,0.0671551794544677,rolling_rankic,20250205,0.016948492064853004,12
wf_cd46c725e308,F001,20250228,Composite_RollingRankIC,Holder_Concen,0.0,rolling_rankic,20250205,-0.00047793659136753484,12
wf_cd46c725e308,F001,20250228,Composite_RollingRankIC,Main_Net_In,0.029920456709328455,rolling_rankic,20250205,0.007551265996670557,12
wf_cd46c725e308,F001,20250228,Composite_RollingRankIC,Momentum_60D,0.0,rolling_rankic,20250205,-0.06300831571414085,12
wf_cd46c725e308,F001,20250228,Composite_RollingRankIC,PE_TTM,0.23996675828740305,rolling_rankic,20250205,0.0605623383289459,12
wf_cd46c725e308,F001,20250228,Composite_RollingRankIC,ROE,0.17650825454271993,rolling_rankic,20250205,0.044546806006626215,12
wf_cd46c725e308,F001,20250228,Composite_RollingRankIC,Revenue_Growth,0.11411249870436917,rolling_rankic,20250205,0.028799487909981037,12
wf_cd46c725e308,F001,20250228,Composite_RollingRankIC,Turnover_20D,0.0,rolling_rankic,20250205,-0.07828333384776257,12
wf_cd46c725e308,F001,20250228,Composite_RollingRankIC,Volatility,0.18672888062375348,rolling_rankic,20250205,0.04712626750817243,12
wf_cd46c725e308,F002,20250331,Champion_SingleFactor,PE_TTM,1.0,selected_champion,20250331,,
wf_cd46c725e308,F002,20250331,Composite_Equal,Debt_to_Equity,0.09090909090909091,equal,20250303,,0
wf_cd46c725e308,F002,20250331,Composite_Equal,Dividend_Yield,0.09090909090909091,equal,20250303,,0
wf_cd46c725e308,F002,20250331,Composite_Equal,Gross_Margin,0.09090909090909091,equal,20250303,,0
wf_cd46c725e308,F002,20250331,Composite_Equal,Holder_Concen,0.09090909090909091,equal,20250303,,0
wf_cd46c725e308,F002,20250331,Composite_Equal,Main_Net_In,0.09090909090909091,equal,20250303,,0
wf_cd46c725e308,F002,20250331,Composite_Equal,Momentum_60D,0.09090909090909091,equal,20250303,,0
wf_cd46c725e308,F002,20250331,Composite_Equal,PE_TTM,0.09090909090909091,equal,20250303,,0
wf_cd46c725e308,F002,20250331,Composite_Equal,ROE,0.09090909090909091,equal,20250303,,0
wf_cd46c725e308,F002,20250331,Composite_Equal,Revenue_Growth,0.09090909090909091,equal,20250303,,0
wf_cd46c725e308,F002,20250331,Composite_Equal,Turnover_20D,0.09090909090909091,equal,20250303,,0
wf_cd46c725e308,F002,20250331,Composite_Equal,Volatility,0.09090909090909091,equal,20250303,,0
wf_cd46c725e308,F002,20250331,Composite_RollingRankIC,Debt_to_Equity,0.006176854399742908,rolling_rankic,20250303,0.0013097023242958517,12
wf_cd46c725e308,F002,20250331,Composite_RollingRankIC,Dividend_Yield,0.16783490095500356,rolling_rankic,20250303,0.03558668306766002,12
wf_cd46c725e308,F002,20250331,Composite_RollingRankIC,Gross_Margin,0.03449170075944791,rolling_rankic,20250303,0.007313408691557654,12
wf_cd46c725e308,F002,20250331,Composite_RollingRankIC,Holder_Concen,0.011323577167038147,rolling_rankic,20250303,0.002400981855041066,12
wf_cd46c725e308,F002,20250331,Composite_RollingRankIC,Main_Net_In,0.01241418019492144,rolling_rankic,20250303,0.0026322266324090246,12
wf_cd46c725e308,F002,20250331,Composite_RollingRankIC,Momentum_60D,0.0,rolling_rankic,20250303,-0.06706608983331126,12
wf_cd46c725e308,F002,20250331,Composite_RollingRankIC,PE_TTM,0.2771601035816567,rolling_rankic,20250303,0.058767328541544296,12
wf_cd46c725e308,F002,20250331,Composite_RollingRankIC,ROE,0.13535340670096108,rolling_rankic,20250303,0.028699506234919323,12
wf_cd46c725e308,F002,20250331,Composite_RollingRankIC,Revenue_Growth,0.11053380636188917,rolling_rankic,20250303,0.02343691039754139,12
wf_cd46c725e308,F002,20250331,Composite_RollingRankIC,Turnover_20D,0.0,rolling_rankic,20250303,-0.08709353289750145,12
wf_cd46c725e308,F002,20250331,Composite_RollingRankIC,Volatility,0.24471146987933898,rolling_rankic,20250303,0.05188711925865767,12
wf_cd46c725e308,F003,20250430,Champion_SingleFactor,PE_TTM,1.0,selected_champion,20250430,,
wf_cd46c725e308,F003,20250430,Composite_Equal,Debt_to_Equity,0.09090909090909091,equal,20250401,,0
wf_cd46c725e308,F003,20250430,Composite_Equal,Dividend_Yield,0.09090909090909091,equal,20250401,,0
wf_cd46c725e308,F003,20250430,Composite_Equal,Gross_Margin,0.09090909090909091,equal,20250401,,0
wf_cd46c725e308,F003,20250430,Composite_Equal,Holder_Concen,0.09090909090909091,equal,20250401,,0
wf_cd46c725e308,F003,20250430,Composite_Equal,Main_Net_In,0.09090909090909091,equal,20250401,,0
wf_cd46c725e308,F003,20250430,Composite_Equal,Momentum_60D,0.09090909090909091,equal,20250401,,0
wf_cd46c725e308,F003,20250430,Composite_Equal,PE_TTM,0.09090909090909091,equal,20250401,,0
wf_cd46c725e308,F003,20250430,Composite_Equal,ROE,0.09090909090909091,equal,20250401,,0
wf_cd46c725e308,F003,20250430,Composite_Equal,Revenue_Growth,0.09090909090909091,equal,20250401,,0
wf_cd46c725e308,F003,20250430,Composite_Equal,Turnover_20D,0.09090909090909091,equal,20250401,,0
wf_cd46c725e308,F003,20250430,Composite_Equal,Volatility,0.09090909090909091,equal,20250401,,0
wf_cd46c725e308,F003,20250430,Composite_RollingRankIC,Debt_to_Equity,0.024578442484643376,rolling_rankic,20250401,0.0072732569197877265,12
wf_cd46c725e308,F003,20250430,Composite_RollingRankIC,Dividend_Yield,0.1726494498726919,rolling_rankic,20250401,0.05109045484752248,12
wf_cd46c725e308,F003,20250430,Composite_RollingRankIC,Gross_Margin,0.07181751100533083,rolling_rankic,20250401,0.021252250186634753,12
wf_cd46c725e308,F003,20250430,Composite_RollingRankIC,Holder_Concen,0.025463975746867994,rolling_rankic,20250401,0.007535304074777371,12
wf_cd46c725e308,F003,20250430,Composite_RollingRankIC,Main_Net_In,0.0,rolling_rankic,20250401,-0.0036147418403397386,12
wf_cd46c725e308,F003,20250430,Composite_RollingRankIC,Momentum_60D,0.0,rolling_rankic,20250401,-0.057349230748746725,12
wf_cd46c725e308,F003,20250430,Composite_RollingRankIC,PE_TTM,0.23038398922587888,rolling_rankic,20250401,0.06817526964503005,12
wf_cd46c725e308,F003,20250430,Composite_RollingRankIC,ROE,0.15987478485049092,rolling_rankic,20250401,0.047310173780943675,12
wf_cd46c725e308,F003,20250430,Composite_RollingRankIC,Revenue_Growth,0.0975335024946594,rolling_rankic,20250401,0.028862130803188196,12
wf_cd46c725e308,F003,20250430,Composite_RollingRankIC,Turnover_20D,0.0,rolling_rankic,20250401,-0.10564535105266519,12
wf_cd46c725e308,F003,20250430,Composite_RollingRankIC,Volatility,0.21769834431943672,rolling_rankic,20250401,0.06442133142638995,12
wf_cd46c725e308,F004,20250530,Champion_SingleFactor,PE_TTM,1.0,selected_champion,20250530,,
wf_cd46c725e308,F004,20250530,Composite_Equal,Debt_to_Equity,0.09090909090909091,equal,20250506,,0
wf_cd46c725e308,F004,20250530,Composite_Equal,Dividend_Yield,0.09090909090909091,equal,20250506,,0
wf_cd46c725e308,F004,20250530,Composite_Equal,Gross_Margin,0.09090909090909091,equal,20250506,,0
wf_cd46c725e308,F004,20250530,Composite_Equal,Holder_Concen,0.09090909090909091,equal,20250506,,0
wf_cd46c725e308,F004,20250530,Composite_Equal,Main_Net_In,0.09090909090909091,equal,20250506,,0
wf_cd46c725e308,F004,20250530,Composite_Equal,Momentum_60D,0.09090909090909091,equal,20250506,,0
wf_cd46c725e308,F004,20250530,Composite_Equal,PE_TTM,0.09090909090909091,equal,20250506,,0
wf_cd46c725e308,F004,20250530,Composite_Equal,ROE,0.09090909090909091,equal,20250506,,0
wf_cd46c725e308,F004,20250530,Composite_Equal,Revenue_Growth,0.09090909090909091,equal,20250506,,0
wf_cd46c725e308,F004,20250530,Composite_Equal,Turnover_20D,0.09090909090909091,equal,20250506,,0
wf_cd46c725e308,F004,20250530,Composite_Equal,Volatility,0.09090909090909091,equal,20250506,,0
wf_cd46c725e308,F004,20250530,Composite_RollingRankIC,Debt_to_Equity,0.02433121954274752,rolling_rankic,20250506,0.005418439391189696,12
wf_cd46c725e308,F004,20250530,Composite_RollingRankIC,Dividend_Yield,0.19008314496197296,rolling_rankic,20250506,0.04233055389819853,12
wf_cd46c725e308,F004,20250530,Composite_RollingRankIC,Gross_Margin,0.07442026585124473,rolling_rankic,20250506,0.01657301637851479,12
wf_cd46c725e308,F004,20250530,Composite_RollingRankIC,Holder_Concen,0.020445621972141777,rolling_rankic,20250506,0.004553136486915145,12
wf_cd46c725e308,F004,20250530,Composite_RollingRankIC,Main_Net_In,0.0,rolling_rankic,20250506,-0.011374223275374096,12
wf_cd46c725e308,F004,20250530,Composite_RollingRankIC,Momentum_60D,0.0,rolling_rankic,20250506,-0.05390614301389376,12
wf_cd46c725e308,F004,20250530,Composite_RollingRankIC,PE_TTM,0.26913881659275124,rolling_rankic,20250506,0.05993585167246685,12
wf_cd46c725e308,F004,20250530,Composite_RollingRankIC,ROE,0.12933807364545552,rolling_rankic,20250506,0.02880293409830428,12
wf_cd46c725e308,F004,20250530,Composite_RollingRankIC,Revenue_Growth,0.1181093088219679,rolling_rankic,20250506,0.026302345028895058,12
wf_cd46c725e308,F004,20250530,Composite_RollingRankIC,Turnover_20D,0.0,rolling_rankic,20250506,-0.0911745210299915,12
wf_cd46c725e308,F004,20250530,Composite_RollingRankIC,Volatility,0.17413354861171837,rolling_rankic,20250506,0.03877865955167964,12
wf_cd46c725e308,F005,20250630,Champion_SingleFactor,PE_TTM,1.0,selected_champion,20250630,,
wf_cd46c725e308,F005,20250630,Composite_Equal,Debt_to_Equity,0.09090909090909091,equal,20250603,,0
wf_cd46c725e308,F005,20250630,Composite_Equal,Dividend_Yield,0.09090909090909091,equal,20250603,,0
wf_cd46c725e308,F005,20250630,Composite_Equal,Gross_Margin,0.09090909090909091,equal,20250603,,0
wf_cd46c725e308,F005,20250630,Composite_Equal,Holder_Concen,0.09090909090909091,equal,20250603,,0
wf_cd46c725e308,F005,20250630,Composite_Equal,Main_Net_In,0.09090909090909091,equal,20250603,,0
wf_cd46c725e308,F005,20250630,Composite_Equal,Momentum_60D,0.09090909090909091,equal,20250603,,0
wf_cd46c725e308,F005,20250630,Composite_Equal,PE_TTM,0.09090909090909091,equal,20250603,,0
wf_cd46c725e308,F005,20250630,Composite_Equal,ROE,0.09090909090909091,equal,20250603,,0
wf_cd46c725e308,F005,20250630,Composite_Equal,Revenue_Growth,0.09090909090909091,equal,20250603,,0
wf_cd46c725e308,F005,20250630,Composite_Equal,Turnover_20D,0.09090909090909091,equal,20250603,,0
wf_cd46c725e308,F005,20250630,Composite_Equal,Volatility,0.09090909090909091,equal,20250603,,0
wf_cd46c725e308,F005,20250630,Composite_RollingRankIC,Debt_to_Equity,0.005493639774912017,rolling_rankic,20250603,0.0009711680293542696,12
wf_cd46c725e308,F005,20250630,Composite_RollingRankIC,Dividend_Yield,0.22535674562612107,rolling_rankic,20250603,0.03983866353066743,12
wf_cd46c725e308,F005,20250630,Composite_RollingRankIC,Gross_Margin,0.04788047808674962,rolling_rankic,20250603,0.00846433174603146,12
wf_cd46c725e308,F005,20250630,Composite_RollingRankIC,Holder_Concen,0.004989978919889777,rolling_rankic,20250603,0.0008821306442915279,12
wf_cd46c725e308,F005,20250630,Composite_RollingRankIC,Main_Net_In,0.0,rolling_rankic,20250603,-0.01934418312154539,12
wf_cd46c725e308,F005,20250630,Composite_RollingRankIC,Momentum_60D,0.0,rolling_rankic,20250603,-0.06976242856296289,12
wf_cd46c725e308,F005,20250630,Composite_RollingRankIC,PE_TTM,0.3002611204423435,rolling_rankic,20250603,0.053080291496973124,12
wf_cd46c725e308,F005,20250630,Composite_RollingRankIC,ROE,0.0652735095165457,rolling_rankic,20250603,0.01153907940883075,12
wf_cd46c725e308,F005,20250630,Composite_RollingRankIC,Revenue_Growth,0.11053944659650196,rolling_rankic,20250603,0.019541211458255037,12
wf_cd46c725e308,F005,20250630,Composite_RollingRankIC,Turnover_20D,0.0,rolling_rankic,20250603,-0.1010051172256833,12
wf_cd46c725e308,F005,20250630,Composite_RollingRankIC,Volatility,0.24020508103693633,rolling_rankic,20250603,0.04246355872419031,12
wf_cd46c725e308,F006,20250731,Champion_SingleFactor,PE_TTM,1.0,selected_champion,20250731,,
wf_cd46c725e308,F006,20250731,Composite_Equal,Debt_to_Equity,0.09090909090909091,equal,20250701,,0
wf_cd46c725e308,F006,20250731,Composite_Equal,Dividend_Yield,0.09090909090909091,equal,20250701,,0
wf_cd46c725e308,F006,20250731,Composite_Equal,Gross_Margin,0.09090909090909091,equal,20250701,,0
wf_cd46c725e308,F006,20250731,Composite_Equal,Holder_Concen,0.09090909090909091,equal,20250701,,0
wf_cd46c725e308,F006,20250731,Composite_Equal,Main_Net_In,0.09090909090909091,equal,20250701,,0
wf_cd46c725e308,F006,20250731,Composite_Equal,Momentum_60D,0.09090909090909091,equal,20250701,,0
wf_cd46c725e308,F006,20250731,Composite_Equal,PE_TTM,0.09090909090909091,equal,20250701,,0
wf_cd46c725e308,F006,20250731,Composite_Equal,ROE,0.09090909090909091,equal,20250701,,0
wf_cd46c725e308,F006,20250731,Composite_Equal,Revenue_Growth,0.09090909090909091,equal,20250701,,0
wf_cd46c725e308,F006,20250731,Composite_Equal,Turnover_20D,0.09090909090909091,equal,20250701,,0
wf_cd46c725e308,F006,20250731,Composite_Equal,Volatility,0.09090909090909091,equal,20250701,,0
wf_cd46c725e308,F006,20250731,Composite_RollingRankIC,Debt_to_Equity,0.0,rolling_rankic,20250701,-0.005567418443185447,12
wf_cd46c725e308,F006,20250731,Composite_RollingRankIC,Dividend_Yield,0.230986962830548,rolling_rankic,20250701,0.030906364676670767,12
wf_cd46c725e308,F006,20250731,Composite_RollingRankIC,Gross_Margin,0.031412065248474876,rolling_rankic,20250701,0.004202976358145996,12
wf_cd46c725e308,F006,20250731,Composite_RollingRankIC,Holder_Concen,0.0,rolling_rankic,20250701,-0.000744590594969855,12
wf_cd46c725e308,F006,20250731,Composite_RollingRankIC,Main_Net_In,0.0,rolling_rankic,20250701,-0.021640028352051022,12
wf_cd46c725e308,F006,20250731,Composite_RollingRankIC,Momentum_60D,0.0,rolling_rankic,20250701,-0.08894780992768277,12
wf_cd46c725e308,F006,20250731,Composite_RollingRankIC,PE_TTM,0.35742165978968893,rolling_rankic,20250701,0.04782349629361924,12
wf_cd46c725e308,F006,20250731,Composite_RollingRankIC,ROE,0.0,rolling_rankic,20250701,-0.0010384510162546655,12
wf_cd46c725e308,F006,20250731,Composite_RollingRankIC,Revenue_Growth,0.11192201286732952,rolling_rankic,20250701,0.014975315068159587,12
wf_cd46c725e308,F006,20250731,Composite_RollingRankIC,Turnover_20D,0.0,rolling_rankic,20250701,-0.11057086570727816,12
wf_cd46c725e308,F006,20250731,Composite_RollingRankIC,Volatility,0.26825729926395847,rolling_rankic,20250701,0.03589318555745883,12
wf_cd46c725e308,F007,20250829,Champion_SingleFactor,PE_TTM,1.0,selected_champion,20250829,,
wf_cd46c725e308,F007,20250829,Composite_Equal,Debt_to_Equity,0.09090909090909091,equal,20250801,,0
wf_cd46c725e308,F007,20250829,Composite_Equal,Dividend_Yield,0.09090909090909091,equal,20250801,,0
wf_cd46c725e308,F007,20250829,Composite_Equal,Gross_Margin,0.09090909090909091,equal,20250801,,0
wf_cd46c725e308,F007,20250829,Composite_Equal,Holder_Concen,0.09090909090909091,equal,20250801,,0
wf_cd46c725e308,F007,20250829,Composite_Equal,Main_Net_In,0.09090909090909091,equal,20250801,,0
wf_cd46c725e308,F007,20250829,Composite_Equal,Momentum_60D,0.09090909090909091,equal,20250801,,0
wf_cd46c725e308,F007,20250829,Composite_Equal,PE_TTM,0.09090909090909091,equal,20250801,,0
wf_cd46c725e308,F007,20250829,Composite_Equal,ROE,0.09090909090909091,equal,20250801,,0
wf_cd46c725e308,F007,20250829,Composite_Equal,Revenue_Growth,0.09090909090909091,equal,20250801,,0
wf_cd46c725e308,F007,20250829,Composite_Equal,Turnover_20D,0.09090909090909091,equal,20250801,,0
wf_cd46c725e308,F007,20250829,Composite_Equal,Volatility,0.09090909090909091,equal,20250801,,0
wf_cd46c725e308,F007,20250829,Composite_RollingRankIC,Debt_to_Equity,0.0,rolling_rankic,20250801,-0.0005886568192669563,12
wf_cd46c725e308,F007,20250829,Composite_RollingRankIC,Dividend_Yield,0.20139494229332283,rolling_rankic,20250801,0.041191112217243205,12
wf_cd46c725e308,F007,20250829,Composite_RollingRankIC,Gross_Margin,0.06876212548848928,rolling_rankic,20250801,0.014063850834780511,12
wf_cd46c725e308,F007,20250829,Composite_RollingRankIC,Holder_Concen,0.010156867065153884,rolling_rankic,20250801,0.002077374169839052,12
wf_cd46c725e308,F007,20250829,Composite_RollingRankIC,Main_Net_In,0.0,rolling_rankic,20250801,-0.02193508615329831,12
wf_cd46c725e308,F007,20250829,Composite_RollingRankIC,Momentum_60D,0.0,rolling_rankic,20250801,-0.08169326261826657,12
wf_cd46c725e308,F007,20250829,Composite_RollingRankIC,PE_TTM,0.2945884231676485,rolling_rankic,20250801,0.06025188447347443,12
wf_cd46c725e308,F007,20250829,Composite_RollingRankIC,ROE,0.07378430778610262,rolling_rankic,20250801,0.015091032909170183,12
wf_cd46c725e308,F007,20250829,Composite_RollingRankIC,Revenue_Growth,0.11791795689420254,rolling_rankic,20250801,0.024117645356668826,12
wf_cd46c725e308,F007,20250829,Composite_RollingRankIC,Turnover_20D,0.0,rolling_rankic,20250801,-0.11907928838385651,12
wf_cd46c725e308,F007,20250829,Composite_RollingRankIC,Volatility,0.23339537730508042,rolling_rankic,20250801,0.04773613015344392,12
wf_cd46c725e308,F008,20250930,Champion_SingleFactor,PE_TTM,1.0,selected_champion,20250930,,
wf_cd46c725e308,F008,20250930,Composite_Equal,Debt_to_Equity,0.09090909090909091,equal,20250901,,0
wf_cd46c725e308,F008,20250930,Composite_Equal,Dividend_Yield,0.09090909090909091,equal,20250901,,0
wf_cd46c725e308,F008,20250930,Composite_Equal,Gross_Margin,0.09090909090909091,equal,20250901,,0
wf_cd46c725e308,F008,20250930,Composite_Equal,Holder_Concen,0.09090909090909091,equal,20250901,,0
wf_cd46c725e308,F008,20250930,Composite_Equal,Main_Net_In,0.09090909090909091,equal,20250901,,0
wf_cd46c725e308,F008,20250930,Composite_Equal,Momentum_60D,0.09090909090909091,equal,20250901,,0
wf_cd46c725e308,F008,20250930,Composite_Equal,PE_TTM,0.09090909090909091,equal,20250901,,0
wf_cd46c725e308,F008,20250930,Composite_Equal,ROE,0.09090909090909091,equal,20250901,,0
wf_cd46c725e308,F008,20250930,Composite_Equal,Revenue_Growth,0.09090909090909091,equal,20250901,,0
wf_cd46c725e308,F008,20250930,Composite_Equal,Turnover_20D,0.09090909090909091,equal,20250901,,0
wf_cd46c725e308,F008,20250930,Composite_Equal,Volatility,0.09090909090909091,equal,20250901,,0
wf_cd46c725e308,F008,20250930,Composite_RollingRankIC,Debt_to_Equity,0.017609419534812643,rolling_rankic,20250901,0.003259812516402224,12
wf_cd46c725e308,F008,20250930,Composite_RollingRankIC,Dividend_Yield,0.13674682890389767,rolling_rankic,20250901,0.02531423727840566,12
wf_cd46c725e308,F008,20250930,Composite_RollingRankIC,Gross_Margin,0.11223854559286289,rolling_rankic,20250901,0.020777324035189382,12
wf_cd46c725e308,F008,20250930,Composite_RollingRankIC,Holder_Concen,0.029553244962682846,rolling_rankic,20250901,0.005470824159717512,12
wf_cd46c725e308,F008,20250930,Composite_RollingRankIC,Main_Net_In,0.0,rolling_rankic,20250901,-0.024984546629572935,12
wf_cd46c725e308,F008,20250930,Composite_RollingRankIC,Momentum_60D,0.0,rolling_rankic,20250901,-0.07912000822884722,12
wf_cd46c725e308,F008,20250930,Composite_RollingRankIC,PE_TTM,0.2923368044069797,rolling_rankic,20250901,0.054116671598797274,12
wf_cd46c725e308,F008,20250930,Composite_RollingRankIC,ROE,0.10355453673986431,rolling_rankic,20250901,0.019169761633964912,12
wf_cd46c725e308,F008,20250930,Composite_RollingRankIC,Revenue_Growth,0.17455038816277965,rolling_rankic,20250901,0.032312339367633204,12
wf_cd46c725e308,F008,20250930,Composite_RollingRankIC,Turnover_20D,0.0,rolling_rankic,20250901,-0.10242886257831064,12
wf_cd46c725e308,F008,20250930,Composite_RollingRankIC,Volatility,0.13341023169612037,rolling_rankic,20250901,0.024696574594033658,12
wf_cd46c725e308,F009,20251031,Champion_SingleFactor,PE_TTM,1.0,selected_champion,20251031,,
wf_cd46c725e308,F009,20251031,Composite_Equal,Debt_to_Equity,0.09090909090909091,equal,20251009,,0
wf_cd46c725e308,F009,20251031,Composite_Equal,Dividend_Yield,0.09090909090909091,equal,20251009,,0
wf_cd46c725e308,F009,20251031,Composite_Equal,Gross_Margin,0.09090909090909091,equal,20251009,,0
wf_cd46c725e308,F009,20251031,Composite_Equal,Holder_Concen,0.09090909090909091,equal,20251009,,0
wf_cd46c725e308,F009,20251031,Composite_Equal,Main_Net_In,0.09090909090909091,equal,20251009,,0
wf_cd46c725e308,F009,20251031,Composite_Equal,Momentum_60D,0.09090909090909091,equal,20251009,,0
wf_cd46c725e308,F009,20251031,Composite_Equal,PE_TTM,0.09090909090909091,equal,20251009,,0
wf_cd46c725e308,F009,20251031,Composite_Equal,ROE,0.09090909090909091,equal,20251009,,0
wf_cd46c725e308,F009,20251031,Composite_Equal,Revenue_Growth,0.09090909090909091,equal,20251009,,0
wf_cd46c725e308,F009,20251031,Composite_Equal,Turnover_20D,0.09090909090909091,equal,20251009,,0
wf_cd46c725e308,F009,20251031,Composite_Equal,Volatility,0.09090909090909091,equal,20251009,,0
wf_cd46c725e308,F009,20251031,Composite_RollingRankIC,Debt_to_Equity,0.0,rolling_rankic,20251009,-0.00069459021985201,12
wf_cd46c725e308,F009,20251031,Composite_RollingRankIC,Dividend_Yield,0.15011028035197432,rolling_rankic,20251009,0.031644627617835965,12
wf_cd46c725e308,F009,20251031,Composite_RollingRankIC,Gross_Margin,0.061388762117031426,rolling_rankic,20251009,0.012941315628472375,12
wf_cd46c725e308,F009,20251031,Composite_RollingRankIC,Holder_Concen,0.0018735885301260041,rolling_rankic,20251009,0.0003949696929874946,12
wf_cd46c725e308,F009,20251031,Composite_RollingRankIC,Main_Net_In,0.0,rolling_rankic,20251009,-0.017459806099910023,12
wf_cd46c725e308,F009,20251031,Composite_RollingRankIC,Momentum_60D,0.0,rolling_rankic,20251009,-0.06843162536045123,12
wf_cd46c725e308,F009,20251031,Composite_RollingRankIC,PE_TTM,0.23835980995349096,rolling_rankic,20251009,0.0502484400625341,12
wf_cd46c725e308,F009,20251031,Composite_RollingRankIC,ROE,0.10250790749099212,rolling_rankic,20251009,0.02160960963386382,12
wf_cd46c725e308,F009,20251031,Composite_RollingRankIC,Revenue_Growth,0.15467933236910766,rolling_rankic,20251009,0.03260782580326128,12
wf_cd46c725e308,F009,20251031,Composite_RollingRankIC,Turnover_20D,0.0,rolling_rankic,20251009,-0.11443626910379946,12
wf_cd46c725e308,F009,20251031,Composite_RollingRankIC,Volatility,0.2910803191872775,rolling_rankic,20251009,0.06136240826387265,12
wf_cd46c725e308,F010,20251128,Champion_SingleFactor,PE_TTM,1.0,selected_champion,20251128,,
wf_cd46c725e308,F010,20251128,Composite_Equal,Debt_to_Equity,0.09090909090909091,equal,20251103,,0
wf_cd46c725e308,F010,20251128,Composite_Equal,Dividend_Yield,0.09090909090909091,equal,20251103,,0
wf_cd46c725e308,F010,20251128,Composite_Equal,Gross_Margin,0.09090909090909091,equal,20251103,,0
wf_cd46c725e308,F010,20251128,Composite_Equal,Holder_Concen,0.09090909090909091,equal,20251103,,0
wf_cd46c725e308,F010,20251128,Composite_Equal,Main_Net_In,0.09090909090909091,equal,20251103,,0
wf_cd46c725e308,F010,20251128,Composite_Equal,Momentum_60D,0.09090909090909091,equal,20251103,,0
wf_cd46c725e308,F010,20251128,Composite_Equal,PE_TTM,0.09090909090909091,equal,20251103,,0
wf_cd46c725e308,F010,20251128,Composite_Equal,ROE,0.09090909090909091,equal,20251103,,0
wf_cd46c725e308,F010,20251128,Composite_Equal,Revenue_Growth,0.09090909090909091,equal,20251103,,0
wf_cd46c725e308,F010,20251128,Composite_Equal,Turnover_20D,0.09090909090909091,equal,20251103,,0
wf_cd46c725e308,F010,20251128,Composite_Equal,Volatility,0.09090909090909091,equal,20251103,,0
wf_cd46c725e308,F010,20251128,Composite_RollingRankIC,Debt_to_Equity,0.03601603626933004,rolling_rankic,20251103,0.00940358893367147,12
wf_cd46c725e308,F010,20251128,Composite_RollingRankIC,Dividend_Yield,0.15463240503926623,rolling_rankic,20251103,0.04037367027122046,12
wf_cd46c725e308,F010,20251128,Composite_RollingRankIC,Gross_Margin,0.08604273098951301,rolling_rankic,20251103,0.022465283711546713,12
wf_cd46c725e308,F010,20251128,Composite_RollingRankIC,Holder_Concen,0.021681373288677468,rolling_rankic,20251103,0.005660887289194197,12
wf_cd46c725e308,F010,20251128,Composite_RollingRankIC,Main_Net_In,0.0,rolling_rankic,20251103,-0.014493806199400371,12
wf_cd46c725e308,F010,20251128,Composite_RollingRankIC,Momentum_60D,0.0,rolling_rankic,20251103,-0.08255798029717243,12
wf_cd46c725e308,F010,20251128,Composite_RollingRankIC,PE_TTM,0.20643039970937385,rolling_rankic,20251103,0.05389784172150811,12
wf_cd46c725e308,F010,20251128,Composite_RollingRankIC,ROE,0.10867859911082409,rolling_rankic,20251103,0.028375384350546515,12
wf_cd46c725e308,F010,20251128,Composite_RollingRankIC,Revenue_Growth,0.12691955755923987,rolling_rankic,20251103,0.03313799825182007,12
wf_cd46c725e308,F010,20251128,Composite_RollingRankIC,Turnover_20D,0.0,rolling_rankic,20251103,-0.12113043227988081,12
wf_cd46c725e308,F010,20251128,Composite_RollingRankIC,Volatility,0.25959889803377556,rolling_rankic,20251103,0.06777984413633338,12
wf_cd46c725e308,F011,20251231,Champion_SingleFactor,Revenue_Growth,1.0,selected_champion,20251231,,
wf_cd46c725e308,F011,20251231,Composite_Equal,Debt_to_Equity,0.09090909090909091,equal,20251201,,0
wf_cd46c725e308,F011,20251231,Composite_Equal,Dividend_Yield,0.09090909090909091,equal,20251201,,0
wf_cd46c725e308,F011,20251231,Composite_Equal,Gross_Margin,0.09090909090909091,equal,20251201,,0
wf_cd46c725e308,F011,20251231,Composite_Equal,Holder_Concen,0.09090909090909091,equal,20251201,,0
wf_cd46c725e308,F011,20251231,Composite_Equal,Main_Net_In,0.09090909090909091,equal,20251201,,0
wf_cd46c725e308,F011,20251231,Composite_Equal,Momentum_60D,0.09090909090909091,equal,20251201,,0
wf_cd46c725e308,F011,20251231,Composite_Equal,PE_TTM,0.09090909090909091,equal,20251201,,0
wf_cd46c725e308,F011,20251231,Composite_Equal,ROE,0.09090909090909091,equal,20251201,,0
wf_cd46c725e308,F011,20251231,Composite_Equal,Revenue_Growth,0.09090909090909091,equal,20251201,,0
wf_cd46c725e308,F011,20251231,Composite_Equal,Turnover_20D,0.09090909090909091,equal,20251201,,0
wf_cd46c725e308,F011,20251231,Composite_Equal,Volatility,0.09090909090909091,equal,20251201,,0
wf_cd46c725e308,F011,20251231,Composite_RollingRankIC,Debt_to_Equity,0.012848022493000684,rolling_rankic,20251201,0.0033039560701335798,12
wf_cd46c725e308,F011,20251231,Composite_RollingRankIC,Dividend_Yield,0.18625814686134842,rolling_rankic,20251201,0.047897544954457694,12
wf_cd46c725e308,F011,20251231,Composite_RollingRankIC,Gross_Margin,0.05999674133729526,rolling_rankic,20251201,0.015428568702894191,12
wf_cd46c725e308,F011,20251231,Composite_RollingRankIC,Holder_Concen,0.020583295710994327,rolling_rankic,20251201,0.005293134009124167,12
wf_cd46c725e308,F011,20251231,Composite_RollingRankIC,Main_Net_In,0.0,rolling_rankic,20251201,-0.01504498810432144,12
wf_cd46c725e308,F011,20251231,Composite_RollingRankIC,Momentum_60D,0.0,rolling_rankic,20251201,-0.07802607470327598,12
wf_cd46c725e308,F011,20251231,Composite_RollingRankIC,PE_TTM,0.1740168544155978,rolling_rankic,20251201,0.04474961362849283,12
wf_cd46c725e308,F011,20251231,Composite_RollingRankIC,ROE,0.09835534885200037,rolling_rankic,20251201,0.025292744626397124,12
wf_cd46c725e308,F011,20251231,Composite_RollingRankIC,Revenue_Growth,0.1149530718148115,rolling_rankic,20251201,0.029560961588443225,12
wf_cd46c725e308,F011,20251231,Composite_RollingRankIC,Turnover_20D,0.0,rolling_rankic,20251201,-0.12223090824638792,12
wf_cd46c725e308,F011,20251231,Composite_RollingRankIC,Volatility,0.3329885185149517,rolling_rankic,20251201,0.08563025458833184,12
wf_cd46c725e308,F012,20260130,Champion_SingleFactor,Revenue_Growth,1.0,selected_champion,20260130,,
wf_cd46c725e308,F012,20260130,Composite_Equal,Debt_to_Equity,0.09090909090909091,equal,20260105,,0
wf_cd46c725e308,F012,20260130,Composite_Equal,Dividend_Yield,0.09090909090909091,equal,20260105,,0
wf_cd46c725e308,F012,20260130,Composite_Equal,Gross_Margin,0.09090909090909091,equal,20260105,,0
wf_cd46c725e308,F012,20260130,Composite_Equal,Holder_Concen,0.09090909090909091,equal,20260105,,0
wf_cd46c725e308,F012,20260130,Composite_Equal,Main_Net_In,0.09090909090909091,equal,20260105,,0
wf_cd46c725e308,F012,20260130,Composite_Equal,Momentum_60D,0.09090909090909091,equal,20260105,,0
wf_cd46c725e308,F012,20260130,Composite_Equal,PE_TTM,0.09090909090909091,equal,20260105,,0
wf_cd46c725e308,F012,20260130,Composite_Equal,ROE,0.09090909090909091,equal,20260105,,0
wf_cd46c725e308,F012,20260130,Composite_Equal,Revenue_Growth,0.09090909090909091,equal,20260105,,0
wf_cd46c725e308,F012,20260130,Composite_Equal,Turnover_20D,0.09090909090909091,equal,20260105,,0
wf_cd46c725e308,F012,20260130,Composite_Equal,Volatility,0.09090909090909091,equal,20260105,,0
wf_cd46c725e308,F012,20260130,Composite_RollingRankIC,Debt_to_Equity,0.013272156819440705,rolling_rankic,20260105,0.002649210743550507,12
wf_cd46c725e308,F012,20260130,Composite_RollingRankIC,Dividend_Yield,0.15097400757692614,rolling_rankic,20260105,0.030135415690976067,12
wf_cd46c725e308,F012,20260130,Composite_RollingRankIC,Gross_Margin,0.09023911245903583,rolling_rankic,20260105,0.018012326818258192,12
wf_cd46c725e308,F012,20260130,Composite_RollingRankIC,Holder_Concen,0.011463306620439727,rolling_rankic,20260105,0.0022881522173547023,12
wf_cd46c725e308,F012,20260130,Composite_RollingRankIC,Main_Net_In,0.0,rolling_rankic,20260105,-0.015725595829580344,12
wf_cd46c725e308,F012,20260130,Composite_RollingRankIC,Momentum_60D,0.0,rolling_rankic,20260105,-0.054485542705692086,12
wf_cd46c725e308,F012,20260130,Composite_RollingRankIC,PE_TTM,0.2227089981539558,rolling_rankic,20260105,0.04445419675350798,12
wf_cd46c725e308,F012,20260130,Composite_RollingRankIC,ROE,0.08518067845726886,rolling_rankic,20260105,0.017002629759571165,12
wf_cd46c725e308,F012,20260130,Composite_RollingRankIC,Revenue_Growth,0.14744097575424564,rolling_rankic,20260105,0.029430199049153307,12
wf_cd46c725e308,F012,20260130,Composite_RollingRankIC,Turnover_20D,0.0,rolling_rankic,20260105,-0.10239700952180171,12
wf_cd46c725e308,F012,20260130,Composite_RollingRankIC,Volatility,0.27872076415868724,rolling_rankic,20260105,0.055634517652641595,12
wf_cd46c725e308,F013,20260227,Champion_SingleFactor,Revenue_Growth,1.0,selected_champion,20260227,,
wf_cd46c725e308,F013,20260227,Composite_Equal,Debt_to_Equity,0.09090909090909091,equal,20260202,,0
wf_cd46c725e308,F013,20260227,Composite_Equal,Dividend_Yield,0.09090909090909091,equal,20260202,,0
wf_cd46c725e308,F013,20260227,Composite_Equal,Gross_Margin,0.09090909090909091,equal,20260202,,0
wf_cd46c725e308,F013,20260227,Composite_Equal,Holder_Concen,0.09090909090909091,equal,20260202,,0
wf_cd46c725e308,F013,20260227,Composite_Equal,Main_Net_In,0.09090909090909091,equal,20260202,,0
wf_cd46c725e308,F013,20260227,Composite_Equal,Momentum_60D,0.09090909090909091,equal,20260202,,0
wf_cd46c725e308,F013,20260227,Composite_Equal,PE_TTM,0.09090909090909091,equal,20260202,,0
wf_cd46c725e308,F013,20260227,Composite_Equal,ROE,0.09090909090909091,equal,20260202,,0
wf_cd46c725e308,F013,20260227,Composite_Equal,Revenue_Growth,0.09090909090909091,equal,20260202,,0
wf_cd46c725e308,F013,20260227,Composite_Equal,Turnover_20D,0.09090909090909091,equal,20260202,,0
wf_cd46c725e308,F013,20260227,Composite_Equal,Volatility,0.09090909090909091,equal,20260202,,0
wf_cd46c725e308,F013,20260227,Composite_RollingRankIC,Debt_to_Equity,0.016262026886120953,rolling_rankic,20260202,0.0030749929576582274,12
wf_cd46c725e308,F013,20260227,Composite_RollingRankIC,Dividend_Yield,0.18980784542579365,rolling_rankic,20260202,0.03589083895136882,12
wf_cd46c725e308,F013,20260227,Composite_RollingRankIC,Gross_Margin,0.07910798592793142,rolling_rankic,20260202,0.01495855967564079,12
wf_cd46c725e308,F013,20260227,Composite_RollingRankIC,Holder_Concen,0.006898444507764618,rolling_rankic,20260202,0.0013044295418227672,12
wf_cd46c725e308,F013,20260227,Composite_RollingRankIC,Main_Net_In,0.0,rolling_rankic,20260202,-0.011102497810040109,12
wf_cd46c725e308,F013,20260227,Composite_RollingRankIC,Momentum_60D,0.0,rolling_rankic,20260202,-0.04534768282274254,12
wf_cd46c725e308,F013,20260227,Composite_RollingRankIC,PE_TTM,0.18728204785711325,rolling_rankic,20260202,0.0354132349115679,12
wf_cd46c725e308,F013,20260227,Composite_RollingRankIC,ROE,0.0697889798469558,rolling_rankic,20260202,0.013196425209129057,12
wf_cd46c725e308,F013,20260227,Composite_RollingRankIC,Revenue_Growth,0.09878268925324485,rolling_rankic,20260202,0.01867885694196667,12
wf_cd46c725e308,F013,20260227,Composite_RollingRankIC,Turnover_20D,0.0,rolling_rankic,20260202,-0.1044570251613572,12
wf_cd46c725e308,F013,20260227,Composite_RollingRankIC,Volatility,0.35206998029507547,rolling_rankic,20260202,0.06657304883281176,12
wf_cd46c725e308,F014,20260331,Champion_SingleFactor,Revenue_Growth,1.0,selected_champion,20260331,,
wf_cd46c725e308,F014,20260331,Composite_Equal,Debt_to_Equity,0.09090909090909091,equal,20260302,,0
wf_cd46c725e308,F014,20260331,Composite_Equal,Dividend_Yield,0.09090909090909091,equal,20260302,,0
wf_cd46c725e308,F014,20260331,Composite_Equal,Gross_Margin,0.09090909090909091,equal,20260302,,0
wf_cd46c725e308,F014,20260331,Composite_Equal,Holder_Concen,0.09090909090909091,equal,20260302,,0
wf_cd46c725e308,F014,20260331,Composite_Equal,Main_Net_In,0.09090909090909091,equal,20260302,,0
wf_cd46c725e308,F014,20260331,Composite_Equal,Momentum_60D,0.09090909090909091,equal,20260302,,0
wf_cd46c725e308,F014,20260331,Composite_Equal,PE_TTM,0.09090909090909091,equal,20260302,,0
wf_cd46c725e308,F014,20260331,Composite_Equal,ROE,0.09090909090909091,equal,20260302,,0
wf_cd46c725e308,F014,20260331,Composite_Equal,Revenue_Growth,0.09090909090909091,equal,20260302,,0
wf_cd46c725e308,F014,20260331,Composite_Equal,Turnover_20D,0.09090909090909091,equal,20260302,,0
wf_cd46c725e308,F014,20260331,Composite_Equal,Volatility,0.09090909090909091,equal,20260302,,0
wf_cd46c725e308,F014,20260331,Composite_RollingRankIC,Debt_to_Equity,0.019873143822878418,rolling_rankic,20260302,0.004309316457777201,12
wf_cd46c725e308,F014,20260331,Composite_RollingRankIC,Dividend_Yield,0.20256519877300114,rolling_rankic,20260302,0.0439244818346497,12
wf_cd46c725e308,F014,20260331,Composite_RollingRankIC,Gross_Margin,0.0424470069020065,rolling_rankic,20260302,0.009204260134001553,12
wf_cd46c725e308,F014,20260331,Composite_RollingRankIC,Holder_Concen,0.0,rolling_rankic,20260302,-0.0014013921122648387,12
wf_cd46c725e308,F014,20260331,Composite_RollingRankIC,Main_Net_In,0.0,rolling_rankic,20260302,-0.01259091110531529,12
wf_cd46c725e308,F014,20260331,Composite_RollingRankIC,Momentum_60D,0.0,rolling_rankic,20260302,-0.03264725042765669,12
wf_cd46c725e308,F014,20260331,Composite_RollingRankIC,PE_TTM,0.16601338248771172,rolling_rankic,20260302,0.035998541938893826,12
wf_cd46c725e308,F014,20260331,Composite_RollingRankIC,ROE,0.0736624583178861,rolling_rankic,20260302,0.01597305624005777,12
wf_cd46c725e308,F014,20260331,Composite_RollingRankIC,Revenue_Growth,0.09022161395595676,rolling_rankic,20260302,0.019563763505804136,12
wf_cd46c725e308,F014,20260331,Composite_RollingRankIC,Turnover_20D,0.0,rolling_rankic,20260302,-0.10504799731236447,12
wf_cd46c725e308,F014,20260331,Composite_RollingRankIC,Volatility,0.40521719574055937,rolling_rankic,20260302,0.08786778509441683,12
wf_cd46c725e308,F015,20260430,Champion_SingleFactor,Revenue_Growth,1.0,selected_champion,20260430,,
wf_cd46c725e308,F015,20260430,Composite_Equal,Debt_to_Equity,0.09090909090909091,equal,20260401,,0
wf_cd46c725e308,F015,20260430,Composite_Equal,Dividend_Yield,0.09090909090909091,equal,20260401,,0
wf_cd46c725e308,F015,20260430,Composite_Equal,Gross_Margin,0.09090909090909091,equal,20260401,,0
wf_cd46c725e308,F015,20260430,Composite_Equal,Holder_Concen,0.09090909090909091,equal,20260401,,0
wf_cd46c725e308,F015,20260430,Composite_Equal,Main_Net_In,0.09090909090909091,equal,20260401,,0
wf_cd46c725e308,F015,20260430,Composite_Equal,Momentum_60D,0.09090909090909091,equal,20260401,,0
wf_cd46c725e308,F015,20260430,Composite_Equal,PE_TTM,0.09090909090909091,equal,20260401,,0
wf_cd46c725e308,F015,20260430,Composite_Equal,ROE,0.09090909090909091,equal,20260401,,0
wf_cd46c725e308,F015,20260430,Composite_Equal,Revenue_Growth,0.09090909090909091,equal,20260401,,0
wf_cd46c725e308,F015,20260430,Composite_Equal,Turnover_20D,0.09090909090909091,equal,20260401,,0
wf_cd46c725e308,F015,20260430,Composite_Equal,Volatility,0.09090909090909091,equal,20260401,,0
wf_cd46c725e308,F015,20260430,Composite_RollingRankIC,Debt_to_Equity,0.0,rolling_rankic,20260401,-0.0008942300248526202,12
wf_cd46c725e308,F015,20260430,Composite_RollingRankIC,Dividend_Yield,0.24519177299781855,rolling_rankic,20260401,0.03928888484976542,12
wf_cd46c725e308,F015,20260430,Composite_RollingRankIC,Gross_Margin,0.00025323736221071803,rolling_rankic,20260401,4.057808890530661e-05,12
wf_cd46c725e308,F015,20260430,Composite_RollingRankIC,Holder_Concen,0.0,rolling_rankic,20260401,-0.0020419757273711712,12
wf_cd46c725e308,F015,20260430,Composite_RollingRankIC,Main_Net_In,0.0,rolling_rankic,20260401,-0.020660893714319225,12
wf_cd46c725e308,F015,20260430,Composite_RollingRankIC,Momentum_60D,0.0,rolling_rankic,20260401,-0.037388937857123695,12
wf_cd46c725e308,F015,20260430,Composite_RollingRankIC,PE_TTM,0.1433046038856117,rolling_rankic,20260401,0.02296275283491317,12
wf_cd46c725e308,F015,20260430,Composite_RollingRankIC,ROE,0.006314162513364342,rolling_rankic,20260401,0.0010117647948672576,12
wf_cd46c725e308,F015,20260430,Composite_RollingRankIC,Revenue_Growth,0.08465742221124015,rolling_rankic,20260401,0.013565282685748921,12
wf_cd46c725e308,F015,20260430,Composite_RollingRankIC,Turnover_20D,0.0,rolling_rankic,20260401,-0.09644236657423595,12
wf_cd46c725e308,F015,20260430,Composite_RollingRankIC,Volatility,0.5202788010297545,rolling_rankic,20260401,0.08336810674155004,12
wf_cd46c725e308,F016,20260529,Champion_SingleFactor,Revenue_Growth,1.0,selected_champion,20260529,,
wf_cd46c725e308,F016,20260529,Composite_Equal,Debt_to_Equity,0.09090909090909091,equal,20260506,,0
wf_cd46c725e308,F016,20260529,Composite_Equal,Dividend_Yield,0.09090909090909091,equal,20260506,,0
wf_cd46c725e308,F016,20260529,Composite_Equal,Gross_Margin,0.09090909090909091,equal,20260506,,0
wf_cd46c725e308,F016,20260529,Composite_Equal,Holder_Concen,0.09090909090909091,equal,20260506,,0
wf_cd46c725e308,F016,20260529,Composite_Equal,Main_Net_In,0.09090909090909091,equal,20260506,,0
wf_cd46c725e308,F016,20260529,Composite_Equal,Momentum_60D,0.09090909090909091,equal,20260506,,0
wf_cd46c725e308,F016,20260529,Composite_Equal,PE_TTM,0.09090909090909091,equal,20260506,,0
wf_cd46c725e308,F016,20260529,Composite_Equal,ROE,0.09090909090909091,equal,20260506,,0
wf_cd46c725e308,F016,20260529,Composite_Equal,Revenue_Growth,0.09090909090909091,equal,20260506,,0
wf_cd46c725e308,F016,20260529,Composite_Equal,Turnover_20D,0.09090909090909091,equal,20260506,,0
wf_cd46c725e308,F016,20260529,Composite_Equal,Volatility,0.09090909090909091,equal,20260506,,0
wf_cd46c725e308,F016,20260529,Composite_RollingRankIC,Debt_to_Equity,0.0,rolling_rankic,20260506,-0.0007133805882908028,12
wf_cd46c725e308,F016,20260529,Composite_RollingRankIC,Dividend_Yield,0.21448002732525884,rolling_rankic,20260506,0.03322589446474749,12
wf_cd46c725e308,F016,20260529,Composite_RollingRankIC,Gross_Margin,0.0,rolling_rankic,20260506,-0.00045874660548342935,12
wf_cd46c725e308,F016,20260529,Composite_RollingRankIC,Holder_Concen,0.0,rolling_rankic,20260506,-0.0020505408266314027,12
wf_cd46c725e308,F016,20260529,Composite_RollingRankIC,Main_Net_In,0.0,rolling_rankic,20260506,-0.015053310665372598,12
wf_cd46c725e308,F016,20260529,Composite_RollingRankIC,Momentum_60D,0.0,rolling_rankic,20260506,-0.04139459040983449,12
wf_cd46c725e308,F016,20260529,Composite_RollingRankIC,PE_TTM,0.14755250558400193,rolling_rankic,20260506,0.022857904485010055,12
wf_cd46c725e308,F016,20260529,Composite_RollingRankIC,ROE,0.0,rolling_rankic,20260506,-0.00010143338225943159,12
wf_cd46c725e308,F016,20260529,Composite_RollingRankIC,Revenue_Growth,0.12391763230551775,rolling_rankic,20260506,0.019196538832311285,12
wf_cd46c725e308,F016,20260529,Composite_RollingRankIC,Turnover_20D,0.0,rolling_rankic,20260506,-0.09669574810360893,12
wf_cd46c725e308,F016,20260529,Composite_RollingRankIC,Volatility,0.5140498347852215,rolling_rankic,20260506,0.07963336154509715,12
