run_id,scope,fold_id,strategy_id,portfolio_leg,metric_frequency,start_date,end_date,observation_count,annual_return,annual_volatility,sharpe,max_drawdown,win_rate,cumulative_return,average_period_turnover,total_transaction_cost,benchmark_annual_return,excess_annual_return,information_ratio,rank_ic_mean,rank_ic_periods
wf_cd46c725e308,fold,F001,Benchmark_000985_CSI,benchmark,daily,20250304,20250401,21,-0.02121179388512706,0.12817022816637777,-0.10339409990804377,-0.046250940364384596,0.47619047619047616,-0.0017850712631495291,0.0,0.0,-0.02121179388512706,0.0,,,0
wf_cd46c725e308,fold,F001,Champion_SingleFactor,d1,daily,20250304,20250401,21,-0.1558452475229115,0.1931181519159306,-0.7803851513437972,-0.0795467980695107,0.5238095238095238,-0.01401909145579916,1.0,0.001,-0.02121179388512706,-0.13463345363778445,-1.4021717394169548,0.12930026518368712,1
wf_cd46c725e308,fold,F001,Composite_Equal,d1,daily,20250304,20250401,21,-0.3173909602715608,0.185047748130133,-1.9691185364418275,-0.08675197659310685,0.5238095238095238,-0.03131850594202812,1.0,0.001,-0.02121179388512706,-0.2961791663864337,-3.338445183902411,0.15924962720383048,1
wf_cd46c725e308,fold,F001,Composite_RollingRankIC,d1,daily,20250304,20250401,21,-0.4317598732224598,0.19967938182110512,-2.7273058512156525,-0.09816693804139931,0.5238095238095238,-0.04600889607059344,1.0,0.001,-0.02121179388512706,-0.4105480793373327,-4.8832476759331085,0.2830932592955462,1
wf_cd46c725e308,fold,F001,Champion_SingleFactor,d10,daily,20250304,20250401,21,0.2459051196414801,0.18947549536016065,1.2555010998063412,-0.07558528422114164,0.5238095238095238,0.018490730783073506,1.0,0.001,-0.02121179388512706,0.26711691352660716,2.3709816634330685,0.12930026518368712,1
wf_cd46c725e308,fold,F001,Composite_Equal,d10,daily,20250304,20250401,21,0.17645975236794276,0.16805734005214637,1.0514903919557363,-0.06367476905853686,0.5238095238095238,0.013634591267280616,1.0,0.001,-0.02121179388512706,0.19767154625306982,2.3548759664269867,0.15924962720383048,1
wf_cd46c725e308,fold,F001,Composite_RollingRankIC,d10,daily,20250304,20250401,21,0.4703391728869706,0.13234880770334245,2.9810607198150985,-0.046314516207321854,0.5714285714285714,0.032645984635491176,1.0,0.001,-0.02121179388512706,0.49155096677209764,5.861826673667869,0.2830932592955462,1
wf_cd46c725e308,fold,F001,Champion_SingleFactor,long_short,monthly,20250304,20250401,1,0.43641972027869635,0.0,,0.0,1.0,0.030639492429021642,2.0,0.002,0.0,0.43641972027869635,5.525073053356928,0.12930026518368712,1
wf_cd46c725e308,fold,F001,Composite_Equal,long_short,monthly,20250304,20250401,1,0.6691636776723622,0.0,,0.0,1.0,0.04361803859164559,2.0,0.002,0.0,0.6691636776723622,5.591095120776897,0.15924962720383048,1
wf_cd46c725e308,fold,F001,Composite_RollingRankIC,long_short,monthly,20250304,20250401,1,1.4832848760133368,0.0,,0.0,1.0,0.07874520582380873,2.0,0.002,0.0,1.4832848760133368,10.335403596850535,0.2830932592955462,1
wf_cd46c725e308,fold,F001,Champion_SingleFactor,top20,daily,20250304,20250401,21,0.32591758464025333,0.17662392162799273,1.6864301727182567,-0.06829522328694115,0.5238095238095238,0.023787236362625697,1.0,0.001,-0.02121179388512706,0.3471293785253804,3.2897673186249046,0.12930026518368712,1
wf_cd46c725e308,fold,F001,Composite_Equal,top20,daily,20250304,20250401,21,0.29254095282793546,0.16162531433549704,1.6694066437020636,-0.058545480276141704,0.5238095238095238,0.021614447487411148,1.0,0.001,-0.02121179388512706,0.3137527467130625,3.8980072526582012,0.15924962720383048,1
wf_cd46c725e308,fold,F001,Composite_RollingRankIC,top20,daily,20250304,20250401,21,0.4762412265274778,0.13518913671658722,2.9509518509077406,-0.04649543350551233,0.5714285714285714,0.03299077739834355,1.0,0.001,-0.02121179388512706,0.49745302041260486,5.666736868935854,0.2830932592955462,1
wf_cd46c725e308,fold,F002,Benchmark_000985_CSI,benchmark,daily,20250402,20250506,21,-0.20699104606224106,0.3475415196348495,-0.4838529404810014,-0.09951132576917798,0.6190476190476191,-0.019141166630264883,0.0,0.0,-0.20699104606224106,0.0,,,0
wf_cd46c725e308,fold,F002,Champion_SingleFactor,d1,daily,20250402,20250506,21,0.09636535595245865,0.5382324718805986,0.4599418837044207,-0.14056935370688117,0.6190476190476191,0.007696171695880327,0.13740458015267176,0.00013740458015267177,-0.20699104606224106,0.3033564020146997,2.0555074557719557,-0.04537325910873018,1
wf_cd46c725e308,fold,F002,Composite_Equal,d1,daily,20250402,20250506,21,0.061052146053324874,0.49159831044950375,0.38290001085240133,-0.12626213904157257,0.6190476190476191,0.004950631284036833,0.21124031007751937,0.00021124031007751937,-0.20699104606224106,0.26804319211556593,2.235077845007804,-0.02727166166718935,1
wf_cd46c725e308,fold,F002,Composite_RollingRankIC,d1,daily,20250402,20250506,21,0.1148408247796826,0.5659524141004456,0.495713926925711,-0.14479628417370727,0.5714285714285714,0.009100462741066684,0.1705426356589147,0.0001705426356589147,-0.20699104606224106,0.32183187084192366,1.9325993291520083,-0.10105270760306424,1
wf_cd46c725e308,fold,F002,Champion_SingleFactor,d10,daily,20250402,20250506,21,-0.019622239737789537,0.5265516498937305,0.24559505824721595,-0.1453300313268876,0.7142857142857143,-0.0016500797802899703,0.14720812182741122,0.00014720812182741121,-0.20699104606224106,0.18736880632445152,1.563829772776377,-0.04537325910873018,1
wf_cd46c725e308,fold,F002,Composite_Equal,d10,daily,20250402,20250506,21,0.17360136377841573,0.5149639306826422,0.5862993865073355,-0.1387318681963673,0.7142857142857143,0.013429130701072989,0.3178294573643411,0.0003178294573643411,-0.20699104606224106,0.3805924098406568,2.5806916881703987,-0.02727166166718935,1
wf_cd46c725e308,fold,F002,Composite_RollingRankIC,d10,daily,20250402,20250506,21,-0.13952320026572962,0.4274968204255722,-0.1234678565867848,-0.12062245793640658,0.7619047619047619,-0.012444306605156386,0.18604651162790697,0.00018604651162790697,-0.20699104606224106,0.06746784579651144,1.174771879400971,-0.10105270760306424,1
wf_cd46c725e308,fold,F002,Champion_SingleFactor,long_short,monthly,20250402,20250506,1,-0.11546206842311812,0.0,,0.0,0.0,-0.010172067776687888,0.284612701980083,0.00028461270198008295,0.0,-0.11546206842311812,-2.5628574034020097,-0.04537325910873018,1
wf_cd46c725e308,fold,F002,Composite_Equal,long_short,monthly,20250402,20250506,1,0.11179920091012341,0.0,,0.0,1.0,0.008870747672543144,0.5290697674418605,0.0005290697674418605,0.0,0.11179920091012341,1.50083343101647,-0.02727166166718935,1
wf_cd46c725e308,fold,F002,Composite_RollingRankIC,long_short,monthly,20250402,20250506,1,-0.2974424631666567,0.0,,0.0,0.0,-0.028990472005456014,0.3565891472868217,0.00035658914728682167,0.0,-0.2974424631666567,-1.923725744430897,-0.10105270760306424,1
wf_cd46c725e308,fold,F002,Champion_SingleFactor,top20,daily,20250402,20250506,21,-0.009259141335497878,0.4944500457656578,0.24607759092677872,-0.1353456579079717,0.7142857142857143,-0.0007748890879712977,0.1499364675984753,0.0001499364675984753,-0.20699104606224106,0.19773190472674318,1.8398397785630032,-0.04537325910873018,1
wf_cd46c725e308,fold,F002,Composite_Equal,top20,daily,20250402,20250506,21,0.09750789021003237,0.4870005926839697,0.45094023029990027,-0.13193595216233056,0.7142857142857143,0.007783640853531448,0.24612403100775193,0.00024612403100775194,-0.20699104606224106,0.3044989362722734,2.5584027496488484,-0.02727166166718935,1
wf_cd46c725e308,fold,F002,Composite_RollingRankIC,top20,daily,20250402,20250506,21,-0.13434747284523896,0.43241640041218093,-0.10313392453488258,-0.12072755880783304,0.7619047619047619,-0.011950657634412831,0.13178294573643412,0.00013178294573643412,-0.20699104606224106,0.0726435732170021,1.2012360073803992,-0.10105270760306424,1
wf_cd46c725e308,fold,F003,Benchmark_000985_CSI,benchmark,daily,20250507,20250603,19,0.10703630431700306,0.1081322841823527,0.9946275844509009,-0.023326869065352862,0.5263157894736842,0.0076963008330543925,0.0,0.0,0.10703630431700306,0.0,,,0
wf_cd46c725e308,fold,F003,Champion_SingleFactor,d1,daily,20250507,20250603,19,0.45540141940615353,0.18864255670492958,2.0851173848559243,-0.03231605473514343,0.5789473684210527,0.028699160159710635,0.5597964376590331,0.0005597964376590331,0.10703630431700306,0.34836511508915047,2.7066336454830346,0.014978143339941383,1
wf_cd46c725e308,fold,F003,Composite_Equal,d1,daily,20250507,20250603,19,0.6205867336532742,0.1835132728103956,2.7249319054963466,-0.031964654464967546,0.5789473684210527,0.03707132033127403,0.48643410852713176,0.0004864341085271318,0.10703630431700306,0.5135504293362712,3.7751178948984823,-0.049505585986519884,1
wf_cd46c725e308,fold,F003,Composite_RollingRankIC,d1,daily,20250507,20250603,19,0.5630684404393387,0.19940129967494918,2.341585701359619,-0.03612882635170822,0.5789473684210527,0.0342495127784026,0.43992248062015504,0.00043992248062015504,0.10703630431700306,0.4560321361223356,3.122120881455382,0.04102990925641717,1
wf_cd46c725e308,fold,F003,Champion_SingleFactor,d10,daily,20250507,20250603,19,0.34766334927569287,0.18598458945987204,1.69802533031521,-0.03169678240095353,0.47368421052631576,0.0227512701394903,0.40609137055837563,0.0004060913705583756,0.10703630431700306,0.2406270449586898,1.9612073194468231,0.014978143339941383,1
wf_cd46c725e308,fold,F003,Composite_Equal,d10,daily,20250507,20250603,19,0.28198674275470914,0.14659490606687953,1.7687210083436031,-0.030510025957093068,0.5263157894736842,0.01890589751821814,0.5193798449612402,0.0005193798449612402,0.10703630431700306,0.17495043843770608,1.87478976788487,-0.049505585986519884,1
wf_cd46c725e308,fold,F003,Composite_RollingRankIC,d10,daily,20250507,20250603,19,0.5762794404415408,0.11099911108159564,4.158910522771731,-0.022868994474562587,0.5789473684210527,0.034906028297059466,0.3798449612403101,0.0003798449612403101,0.10703630431700306,0.4692431361245377,5.502965665646763,0.04102990925641717,1
wf_cd46c725e308,fold,F003,Champion_SingleFactor,long_short,monthly,20250507,20250603,1,-0.08139665648545014,0.0,,0.0,0.0,-0.007050102872903419,0.9658878082174087,0.0009658878082174087,0.0,-0.08139665648545014,-1.723893209783104,0.014978143339941383,1
wf_cd46c725e308,fold,F003,Composite_Equal,long_short,monthly,20250507,20250603,1,-0.20762730072442193,0.0,,0.0,0.0,-0.019206771776181353,1.005813953488372,0.001005813953488372,0.0,-0.20762730072442193,-3.0744217643231306,-0.049505585986519884,1
wf_cd46c725e308,fold,F003,Composite_RollingRankIC,long_short,monthly,20250507,20250603,1,-0.020165075365772944,0.0,,0.0,0.0,-0.0016961570433706719,0.8197674418604651,0.0008197674418604652,0.0,-0.020165075365772944,-0.16063074806537375,0.04102990925641717,1
wf_cd46c725e308,fold,F003,Champion_SingleFactor,top20,daily,20250507,20250603,19,0.358589739854952,0.1661033489582714,1.9290008303346133,-0.029626640375325253,0.47368421052631576,0.02337413806344646,0.3710292249047014,0.0003710292249047014,0.10703630431700306,0.25155343553794896,2.3694428576191227,0.014978143339941383,1
wf_cd46c725e308,fold,F003,Composite_Equal,top20,daily,20250507,20250603,19,0.32701568824482297,0.14045211811248992,2.0858256177985894,-0.028389640578925457,0.5263157894736842,0.021561376504047436,0.42344961240310075,0.0004234496124031008,0.10703630431700306,0.2199793839278199,2.6508188871907423,-0.049505585986519884,1
wf_cd46c725e308,fold,F003,Composite_RollingRankIC,top20,daily,20250507,20250603,19,0.47766788884681,0.11723884412189793,3.391686138138239,-0.023022225099958438,0.5789473684210527,0.029877464367171758,0.28391472868217055,0.00028391472868217056,0.10703630431700306,0.37063158452980693,4.811158694654348,0.04102990925641717,1
wf_cd46c725e308,fold,F004,Benchmark_000985_CSI,benchmark,daily,20250604,20250701,20,0.5856779683220141,0.1138991328807771,4.108141934322739,-0.02373514391220999,0.55,0.03726584742677552,0.0,0.0,0.5856779683220141,0.0,,,0
wf_cd46c725e308,fold,F004,Champion_SingleFactor,d1,daily,20250604,20250701,20,1.075466752106625,0.18740528479215354,3.9957087814007703,-0.04503534202047332,0.6,0.05966336270503736,0.07474226804123711,7.474226804123711e-05,0.5856779683220141,0.4897887837846109,3.182123499489111,0.05777591592458564,1
wf_cd46c725e308,fold,F004,Composite_Equal,d1,daily,20250604,20250701,20,1.2276520400950504,0.1849300227250186,4.430491702425338,-0.04267926299527125,0.65,0.06563121338974032,0.2776699029126214,0.0002776699029126214,0.5856779683220141,0.6419740717730362,4.0783289835155365,-0.06441219305352973,1
wf_cd46c725e308,fold,F004,Composite_RollingRankIC,d1,daily,20250604,20250701,20,1.2375740282785572,0.18937937302341287,4.354411137945478,-0.044435438574935704,0.7,0.06600713642972944,0.10873786407766992,0.00010873786407766992,0.5856779683220141,0.6518960599565431,3.791879935198887,0.004782233181193885,1
wf_cd46c725e308,fold,F004,Champion_SingleFactor,d10,daily,20250604,20250701,20,1.380433096027807,0.16418067131630792,5.373602793295649,-0.02951479711153815,0.7,0.0712561587302869,0.06940874035989719,6.940874035989719e-05,0.5856779683220141,0.7947551277057929,5.860143207454983,0.05777591592458564,1
wf_cd46c725e308,fold,F004,Composite_Equal,d10,daily,20250604,20250701,20,0.840768117457307,0.15547219355182892,4.007227266394474,-0.04340712212182718,0.55,0.049618975076370475,0.3701550387596899,0.0003701550387596899,0.5856779683220141,0.2550901491352928,2.037049222094862,-0.06441219305352973,1
wf_cd46c725e308,fold,F004,Composite_RollingRankIC,d10,daily,20250604,20250701,20,0.9848910826903141,0.12465244407411483,5.569602334029046,-0.02793888022173263,0.65,0.055917275519287823,0.19767441860465115,0.00019767441860465116,0.5856779683220141,0.3992131143683,5.223071221878895,0.004782233181193885,1
wf_cd46c725e308,fold,F004,Champion_SingleFactor,long_short,monthly,20250604,20250701,1,0.13180759485053595,0.0,,0.0,1.0,0.01037141378629225,0.14415100840113432,0.0001441510084011343,0.0,0.13180759485053595,2.3996806768939423,0.05777591592458564,1
wf_cd46c725e308,fold,F004,Composite_Equal,long_short,monthly,20250604,20250701,1,-0.1786851889420974,0.0,,0.0,0.0,-0.016270252229545812,0.6478249416723113,0.0006478249416723113,0.0,-0.1786851889420974,-2.5046349015370724,-0.06441219305352973,1
wf_cd46c725e308,fold,F004,Composite_RollingRankIC,long_short,monthly,20250604,20250701,1,-0.12169973983397309,0.0,,0.0,0.0,-0.010755636833027382,0.30641228268232107,0.00030641228268232107,0.0,-0.12169973983397309,-1.689032794195486,0.004782233181193885,1
wf_cd46c725e308,fold,F004,Champion_SingleFactor,top20,daily,20250604,20250701,20,1.190942567556633,0.16077323369763538,4.966457426774075,-0.03406623073329729,0.6,0.06422683534992335,0.07326478149100259,7.326478149100259e-05,0.5856779683220141,0.6052645992346188,5.293045246274737,0.05777591592458564,1
wf_cd46c725e308,fold,F004,Composite_Equal,top20,daily,20250604,20250701,20,0.879572648335563,0.15142756336489882,4.248292536083615,-0.040669767487521824,0.6,0.051358241708451935,0.30329457364341084,0.00030329457364341084,0.5856779683220141,0.2938946800135489,2.717294737179933,-0.06441219305352973,1
wf_cd46c725e308,fold,F004,Composite_RollingRankIC,top20,daily,20250604,20250701,20,0.941875631324528,0.1287832655789073,5.224430300697927,-0.03032450819316901,0.65,0.054082771927078443,0.13275193798449608,0.00013275193798449608,0.5856779683220141,0.3561976630025139,4.811236792098358,0.004782233181193885,1
wf_cd46c725e308,fold,F005,Benchmark_000985_CSI,benchmark,daily,20250702,20250801,23,0.5225622005652399,0.08925858101595037,4.758415504856965,-0.019236005295915848,0.5652173913043478,0.03911495500417539,0.0,0.0,0.5225622005652399,0.0,,,0
wf_cd46c725e308,fold,F005,Champion_SingleFactor,d1,daily,20250702,20250801,23,0.4594011970010672,0.12107481776153434,3.1850871350234096,-0.017117173517157025,0.6521739130434783,0.03510450477297011,0.05897435897435897,5.8974358974358975e-05,0.5225622005652399,-0.06316100356417276,-0.5266505999547585,0.09888410150107119,1
wf_cd46c725e308,fold,F005,Composite_Equal,d1,daily,20250702,20250801,23,0.6082381333135012,0.12212876191100362,3.955099445178691,-0.01871754173554696,0.6956521739130435,0.04431992508628557,0.24710424710424708,0.0002471042471042471,0.5225622005652399,0.08567593274826124,0.8587390881773497,-0.023202163754979858,1
wf_cd46c725e308,fold,F005,Composite_RollingRankIC,d1,daily,20250702,20250801,23,0.2963080599955603,0.12186452097183204,2.191551320349307,-0.017799018708464565,0.6956521739130435,0.023969124058771385,0.19691119691119688,0.00019691119691119687,0.5225622005652399,-0.22625414056967963,-2.3653049988337376,0.13700483040709768,1
wf_cd46c725e308,fold,F005,Champion_SingleFactor,d10,daily,20250702,20250801,23,0.8756369336154999,0.10628962792596161,5.977839403098984,-0.01610766613506709,0.6956521739130435,0.059083605904935554,0.08439897698209711,8.439897698209711e-05,0.5225622005652399,0.35307473305025994,3.2358855834556572,0.09888410150107119,1
wf_cd46c725e308,fold,F005,Composite_Equal,d10,daily,20250702,20250801,23,0.4486868812615734,0.10717228387298894,3.5146495839376843,-0.013866058018564997,0.6086956521739131,0.034408592801289606,0.4054054054054054,0.0004054054054054054,0.5225622005652399,-0.07387531930366653,-0.7555147762073277,-0.023202163754979858,1
wf_cd46c725e308,fold,F005,Composite_RollingRankIC,d10,daily,20250702,20250801,23,0.8274984284550309,0.0976214881497577,6.232581751005474,-0.012728401916253906,0.782608695652174,0.05657333948213883,0.27413127413127414,0.00027413127413127415,0.5225622005652399,0.3049362278897909,2.6100502884987473,0.13700483040709768,1
wf_cd46c725e308,fold,F005,Champion_SingleFactor,long_short,monthly,20250702,20250801,1,0.31117688446583247,0.0,,0.0,1.0,0.02283388471295189,0.14337333595645607,0.0001433733359564561,0.0,0.31117688446583247,5.640215491490186,0.09888410150107119,1
wf_cd46c725e308,fold,F005,Composite_Equal,long_short,monthly,20250702,20250801,1,-0.11693049927239818,0.0,,0.0,0.0,-0.010309107404379958,0.6525096525096524,0.0006525096525096525,0.0,-0.11693049927239818,-1.8951485545224116,-0.023202163754979858,1
wf_cd46c725e308,fold,F005,Composite_RollingRankIC,long_short,monthly,20250702,20250801,1,0.44123202676792994,0.0,,0.0,1.0,0.03092678970163587,0.471042471042471,0.00047104247104247105,0.0,0.44123202676792994,4.274991265476691,0.13700483040709768,1
wf_cd46c725e308,fold,F005,Champion_SingleFactor,top20,daily,20250702,20250801,23,0.9125583177856711,0.10892292997471448,6.015306083148965,-0.01578315161388988,0.6956521739130435,0.06096956950250987,0.09603072983354671,9.603072983354672e-05,0.5225622005652399,0.38999611722043115,3.4838902951923627,0.09888410150107119,1
wf_cd46c725e308,fold,F005,Composite_Equal,top20,daily,20250702,20250801,23,0.5856978935577366,0.10130676460569753,4.605586884220063,-0.013287900316889756,0.6521739130434783,0.04297545645009171,0.28957528957528955,0.00028957528957528956,0.5225622005652399,0.06313569299249666,0.7010069743621219,-0.023202163754979858,1
wf_cd46c725e308,fold,F005,Composite_RollingRankIC,top20,daily,20250702,20250801,23,0.8131319268040758,0.0959041121045576,6.259986596773733,-0.01351071116135405,0.7391304347826086,0.055812527707683524,0.2084942084942085,0.0002084942084942085,0.5225622005652399,0.2905697262388358,2.7218858162365507,0.13700483040709768,1
wf_cd46c725e308,fold,F006,Benchmark_000985_CSI,benchmark,daily,20250804,20250901,21,2.808140811144581,0.13665369163862726,9.879153999892859,-0.01868503962836854,0.6666666666666666,0.11787372876738611,0.0,0.0,2.808140811144581,0.0,,,0
wf_cd46c725e308,fold,F006,Champion_SingleFactor,d1,daily,20250804,20250901,21,2.3205244418736366,0.17547608470011555,6.943668881505965,-0.02822997412553141,0.6666666666666666,0.10518222171781932,0.061381074168797935,6.138107416879794e-05,2.808140811144581,-0.48761636927094454,-1.6028984440919938,-0.03853058682893032,1
wf_cd46c725e308,fold,F006,Composite_Equal,d1,daily,20250804,20250901,21,1.9158303481214345,0.17095682332061288,6.358995921367555,-0.025648735836632186,0.7619047619047619,0.09327693956675365,0.2909441233140655,0.0002909441233140655,2.808140811144581,-0.8923104630231466,-2.9758062894076747,-0.023124990433575462,1
wf_cd46c725e308,fold,F006,Composite_RollingRankIC,d1,daily,20250804,20250901,21,2.0542939663228776,0.1869300633010693,6.080032553642064,-0.02896544829219949,0.7142857142857143,0.09751189575001074,0.1676300578034682,0.00016763005780346822,2.808140811144581,-0.7538468448217035,-2.285485128400881,-0.06891405533762926,1
wf_cd46c725e308,fold,F006,Champion_SingleFactor,d10,daily,20250804,20250901,21,1.827018996780998,0.17417975793158336,6.065883370073622,-0.021026193068704013,0.6666666666666666,0.09046248004290636,0.09693877551020416,9.693877551020416e-05,2.808140811144581,-0.9811218143635831,-3.0845789845350966,-0.03853058682893032,1
wf_cd46c725e308,fold,F006,Composite_Equal,d10,daily,20250804,20250901,21,2.443761204315211,0.16817736444401485,7.4549967812419,-0.024829037271686838,0.8095238095238095,0.10854353225432911,0.4238921001926782,0.0004238921001926782,2.808140811144581,-0.3643796068293703,-1.270314196504311,-0.023124990433575462,1
wf_cd46c725e308,fold,F006,Composite_RollingRankIC,d10,daily,20250804,20250901,21,1.0519587041605467,0.13097592221676413,5.561743083994052,-0.022642333382044022,0.8095238095238095,0.06172990833146752,0.18497109826589592,0.0001849710982658959,2.808140811144581,-1.7561821069840344,-6.8152470138300885,-0.06891405533762926,1
wf_cd46c725e308,fold,F006,Champion_SingleFactor,long_short,monthly,20250804,20250901,1,-0.15239265800432,0.0,,0.0,0.0,-0.013683664949849073,0.1583198496790021,0.0001583198496790021,0.0,-0.15239265800432,-2.6392665464372835,-0.03853058682893032,1
wf_cd46c725e308,fold,F006,Composite_Equal,long_short,monthly,20250804,20250901,1,0.17067607049364275,0.0,,0.0,1.0,0.013218385542850264,0.7148362235067437,0.0007148362235067437,0.0,0.17067607049364275,2.5015972416839243,-0.023124990433575462,1
wf_cd46c725e308,fold,F006,Composite_RollingRankIC,long_short,monthly,20250804,20250901,1,-0.3411729702912534,0.0,,0.0,0.0,-0.03417683551674777,0.35260115606936415,0.00035260115606936416,0.0,-0.3411729702912534,-4.195362111381178,-0.06891405533762926,1
wf_cd46c725e308,fold,F006,Champion_SingleFactor,top20,daily,20250804,20250901,21,1.5859428092750631,0.1590721888670648,6.063709969811496,-0.020824650417718416,0.7142857142857143,0.08239283725032309,0.09578544061302677,9.578544061302677e-05,2.808140811144581,-1.222198001869518,-4.1153987571736055,-0.03853058682893032,1
wf_cd46c725e308,fold,F006,Composite_Equal,top20,daily,20250804,20250901,21,2.013160611740803,0.1583131908763406,7.061767834991384,-0.02180382841666173,0.7619047619047619,0.09627250884987149,0.3102119460500964,0.0003102119460500964,2.808140811144581,-0.7949801994037782,-3.0120590333239967,-0.023124990433575462,1
wf_cd46c725e308,fold,F006,Composite_RollingRankIC,top20,daily,20250804,20250901,21,1.1031753520564855,0.13558159302485456,5.559745418502991,-0.02284324729644016,0.7619047619047619,0.0639134279766509,0.16281310211946048,0.0001628131021194605,2.808140811144581,-1.7049654590880956,-6.6295529201309265,-0.06891405533762926,1
wf_cd46c725e308,fold,F007,Benchmark_000985_CSI,benchmark,daily,20250902,20251009,22,0.4311147150454031,0.18617005039613557,2.0196131810658606,-0.03200055847986505,0.5909090909090909,0.03178836528712803,0.0,0.0,0.4311147150454031,0.0,,,0
wf_cd46c725e308,fold,F007,Champion_SingleFactor,d1,daily,20250902,20251009,22,-0.13775149104749707,0.20239321489492368,-0.6308775694529952,-0.03421083845903927,0.5454545454545454,-0.012855771039918973,0.40153452685422,0.00040153452685421997,0.4311147150454031,-0.5688662060929002,-6.307812558679554,0.00768975738663041,1
wf_cd46c725e308,fold,F007,Composite_Equal,d1,daily,20250902,20251009,22,-0.08408377630237185,0.1805273693966709,-0.3961234139774916,-0.03860526471089987,0.5909090909090909,-0.007638409295088633,0.37379576107899803,0.00037379576107899806,0.4311147150454031,-0.515198491347775,-4.644895355167508,-0.016002500831178715,1
wf_cd46c725e308,fold,F007,Composite_RollingRankIC,d1,daily,20250902,20251009,22,-0.21674896541381372,0.19831097083110338,-1.132156310209726,-0.04302700533607573,0.5,-0.021102122383587885,0.3448940269749518,0.00034489402697495184,0.4311147150454031,-0.6478636804592168,-6.5450898005798,0.11579415802598349,1
wf_cd46c725e308,fold,F007,Champion_SingleFactor,d10,daily,20250902,20251009,22,-0.0695135774361163,0.20597518730312966,-0.24667413930772916,-0.034859564984268565,0.5,-0.006270146897081719,0.27040816326530615,0.00027040816326530614,0.4311147150454031,-0.5006282924815194,-5.040587276736932,0.00768975738663041,1
wf_cd46c725e308,fold,F007,Composite_Equal,d10,daily,20250902,20251009,22,-0.08544292369041762,0.2098367393607951,-0.32081375419421376,-0.03839580476652105,0.5,-0.007767055555627178,0.4230769230769231,0.0004230769230769231,0.4311147150454031,-0.5165576387358207,-7.340875092923058,-0.016002500831178715,1
wf_cd46c725e308,fold,F007,Composite_RollingRankIC,d10,daily,20250902,20251009,22,0.15660623880533464,0.15245486543314243,1.030747482164372,-0.023935036296685586,0.45454545454545453,0.012782520071829673,0.24038461538461536,0.00024038461538461537,0.4311147150454031,-0.27450847624006847,-2.207345738719739,0.11579415802598349,1
wf_cd46c725e308,fold,F007,Champion_SingleFactor,long_short,monthly,20250902,20251009,1,0.07238652998284745,0.0,,0.0,1.0,0.005840872318438439,0.6719426901195261,0.0006719426901195261,0.0,0.07238652998284745,1.5442796087260027,0.00768975738663041,1
wf_cd46c725e308,fold,F007,Composite_Equal,long_short,monthly,20250902,20251009,1,-0.008530212191882658,0.0,,0.0,0.0,-0.000713645457498191,0.796872684155921,0.0007968726841559212,0.0,-0.008530212191882658,-0.05017475066279596,-0.016002500831178715,1
wf_cd46c725e308,fold,F007,Composite_RollingRankIC,long_short,monthly,20250902,20251009,1,0.47233799222534945,0.0,,0.0,1.0,0.0327628957454158,0.5852786423595672,0.0005852786423595672,0.0,0.47233799222534945,4.058915002553498,0.11579415802598349,1
wf_cd46c725e308,fold,F007,Champion_SingleFactor,top20,daily,20250902,20251009,22,-0.027229636776141652,0.1854172980983758,-0.05624319771713512,-0.029426241181672697,0.45454545454545453,-0.0024072532280561276,0.23499361430395918,0.00023499361430395917,0.4311147150454031,-0.45834435182154476,-4.72127700816762,0.00768975738663041,1
wf_cd46c725e308,fold,F007,Composite_Equal,top20,daily,20250902,20251009,22,-0.012617536984251276,0.19122947114179883,0.029021118097562224,-0.03129523208757312,0.5,-0.0011079251221449704,0.33493743984600577,0.00033493743984600575,0.4311147150454031,-0.4437322520296544,-6.464998793923156,-0.016002500831178715,1
wf_cd46c725e308,fold,F007,Composite_RollingRankIC,top20,daily,20250902,20251009,22,0.1124270415184514,0.1532011329090271,0.7721243899278271,-0.02407705878595623,0.4090909090909091,0.00934486675049695,0.19538017324350335,0.00019538017324350335,0.4311147150454031,-0.3186876735269517,-2.67036787191356,0.11579415802598349,1
wf_cd46c725e308,fold,F008,Benchmark_000985_CSI,benchmark,daily,20251010,20251103,17,-0.148425130688146,0.18659652011809388,-0.7671549752363459,-0.03469914443467215,0.47058823529411764,-0.010780177480982034,0.0,0.0,-0.148425130688146,0.0,,,0
wf_cd46c725e308,fold,F008,Champion_SingleFactor,d1,daily,20251010,20251103,17,-0.13873028396395515,0.18616930524872335,-0.7084392319727322,-0.04248835854830357,0.5882352941176471,-0.010024450979506216,0.12176165803108809,0.00012176165803108809,-0.148425130688146,0.009694846724190853,0.13864792081338093,0.05732910791856658,1
wf_cd46c725e308,fold,F008,Composite_Equal,d1,daily,20251010,20251103,17,0.31124895205991177,0.16426248036699778,1.732898423609234,-0.03425560047706777,0.5882352941176471,0.01844851168699435,0.2519230769230769,0.00025192307692307694,-0.148425130688146,0.45967408274805777,4.076037753292863,-0.032802442921890065,1
wf_cd46c725e308,fold,F008,Composite_RollingRankIC,d1,daily,20251010,20251103,17,0.3391103664505297,0.17358095140270124,1.7703772425420612,-0.036274144393398045,0.5882352941176471,0.01989408422581862,0.25,0.00025,-0.148425130688146,0.4875354971386757,4.4762912394843966,0.04368219355562481,1
wf_cd46c725e308,fold,F008,Champion_SingleFactor,d10,daily,20251010,20251103,17,-0.006357124165352168,0.2026182062126282,0.0703172585057358,-0.046802110244186124,0.5882352941176471,-0.00043013002448899496,0.17875647668393785,0.00017875647668393784,-0.148425130688146,0.14206800652279383,2.0534649389616315,0.05732910791856658,1
wf_cd46c725e308,fold,F008,Composite_Equal,d10,daily,20251010,20251103,17,0.12269980586043516,0.18677710593256447,0.713447057562446,-0.038566137001458056,0.47058823529411764,0.007838168123988964,0.37044145873320544,0.00037044145873320545,-0.148425130688146,0.27112493654858116,4.172117351708844,-0.032802442921890065,1
wf_cd46c725e308,fold,F008,Composite_RollingRankIC,d10,daily,20251010,20251103,17,0.3960532281583329,0.14678619083065514,2.3481630707995906,-0.029234334793180494,0.6470588235294118,0.022763294386832778,0.31669865642994244,0.00031669865642994244,-0.148425130688146,0.5444783588464789,4.787297562249656,0.04368219355562481,1
wf_cd46c725e308,fold,F008,Champion_SingleFactor,long_short,monthly,20251010,20251103,1,0.12139248673450043,0.0,,0.0,1.0,0.009593324137088244,0.3005181347150259,0.0003005181347150259,0.0,0.12139248673450043,3.256034079616202,0.05732910791856658,1
wf_cd46c725e308,fold,F008,Composite_Equal,long_short,monthly,20251010,20251103,1,-0.12318443744021113,0.0,,0.0,0.0,-0.010895098242338253,0.6223645356562824,0.0006223645356562824,0.0,-0.12318443744021113,-1.903340381206113,-0.032802442921890065,1
wf_cd46c725e308,fold,F008,Composite_RollingRankIC,long_short,monthly,20251010,20251103,1,0.022984224223826955,0.0,,0.0,1.0,0.0018954662760437557,0.5666986564299424,0.0005666986564299424,0.0,0.022984224223826955,0.4868921210623468,0.04368219355562481,1
wf_cd46c725e308,fold,F008,Champion_SingleFactor,top20,daily,20251010,20251103,17,0.09687046944459632,0.18027723297593173,0.6034194767108236,-0.04023089694496329,0.5882352941176471,0.006256948403712714,0.1139896373056995,0.0001139896373056995,-0.148425130688146,0.24529560013274232,3.0698667199556433,0.05732910791856658,1
wf_cd46c725e308,fold,F008,Composite_Equal,top20,daily,20251010,20251103,17,0.19739911479610162,0.17468421505294243,1.1192189637968248,-0.034717229069589184,0.5294117647058824,0.01222724660152874,0.29394812680115273,0.00029394812680115273,-0.148425130688146,0.3458242454842476,4.6485068244901795,-0.032802442921890065,1
wf_cd46c725e308,fold,F008,Composite_RollingRankIC,top20,daily,20251010,20251103,17,0.33902092638990955,0.14960757515113007,2.027478153474976,-0.029306499713369294,0.5882352941176471,0.019889488726653637,0.23631123919308358,0.0002363112391930836,-0.148425130688146,0.48744605707805555,4.675436153081441,0.04368219355562481,1
wf_cd46c725e308,fold,F009,Benchmark_000985_CSI,benchmark,daily,20251104,20251201,20,-0.19674036156139374,0.16274850774293725,-1.2634776750252565,-0.0626303610062795,0.45,-0.017236802732212064,0.0,0.0,-0.19674036156139374,0.0,,,0
wf_cd46c725e308,fold,F009,Champion_SingleFactor,d1,daily,20251104,20251201,20,-0.17039803343579385,0.1997988485731587,-0.8335528722915335,-0.07154617586633238,0.55,-0.01471676515413578,0.4585492227979274,0.00045854922279792745,-0.19674036156139374,0.02634232812559989,0.4247058420731073,-0.013496141572205939,1
wf_cd46c725e308,fold,F009,Composite_Equal,d1,daily,20251104,20251201,20,-0.08514296940453792,0.19470532001159851,-0.35833625875675956,-0.07082886155491486,0.5,-0.00703761731330832,0.37115384615384617,0.0003711538461538462,-0.19674036156139374,0.11159739215685582,1.4151051341753957,-0.021414067012546854,1
wf_cd46c725e308,fold,F009,Composite_RollingRankIC,d1,daily,20251104,20251201,20,-0.23184646383222707,0.19781614744418616,-1.2327827031857963,-0.07388438587209434,0.45,-0.020716191030382358,0.4,0.0004,-0.19674036156139374,-0.03510610227083333,-0.35404467335392925,0.10896599754223514,1
wf_cd46c725e308,fold,F009,Champion_SingleFactor,d10,daily,20251104,20251201,20,-0.21153055622238637,0.1828892576657577,-1.207034302564583,-0.07004275399786752,0.5,-0.018685258814290173,0.1865284974093264,0.0001865284974093264,-0.19674036156139374,-0.014790194660992628,-0.1658669311144334,-0.013496141572205939,1
wf_cd46c725e308,fold,F009,Composite_Equal,d10,daily,20251104,20251201,20,-0.15010931739139466,0.1895846047319319,-0.7617880066675342,-0.07254794715389568,0.5,-0.012825577628395535,0.41458733205374276,0.0004145873320537428,-0.19674036156139374,0.04663104416999908,0.770700490371807,-0.021414067012546854,1
wf_cd46c725e308,fold,F009,Composite_RollingRankIC,d10,daily,20251104,20251201,20,-0.08693884884368497,0.15937721817577166,-0.4900057994091046,-0.06348534806826944,0.5,-0.007192455810898668,0.30518234165067176,0.00030518234165067176,-0.19674036156139374,0.10980151271770877,1.4772760431114442,0.10896599754223514,1
wf_cd46c725e308,fold,F009,Champion_SingleFactor,long_short,monthly,20251104,20251201,1,-0.06270774218423691,0.0,,0.0,0.0,-0.00538214220594968,0.6450777202072538,0.0006450777202072538,0.0,-0.06270774218423691,-0.9859213760024883,-0.013496141572205939,1
wf_cd46c725e308,fold,F009,Composite_Equal,long_short,monthly,20251104,20251201,1,-0.07821441179664312,0.0,,0.0,0.0,-0.006763907205062369,0.7857411782075889,0.000785741178207589,0.0,-0.07821441179664312,-1.5379288900360946,-0.021414067012546854,1
wf_cd46c725e308,fold,F009,Composite_RollingRankIC,long_short,monthly,20251104,20251201,1,0.15600183486455688,0.0,,0.0,1.0,0.01215387846473015,0.7051823416506717,0.0007051823416506718,0.0,0.15600183486455688,1.8825120756397824,0.10896599754223514,1
wf_cd46c725e308,fold,F009,Champion_SingleFactor,top20,daily,20251104,20251201,20,-0.24092896219984816,0.17684931917363514,-1.468739676572046,-0.0715680780122876,0.45,-0.021640188115560566,0.20336787564766837,0.00020336787564766837,-0.19674036156139374,-0.04418860063845442,-0.7220917081758903,-0.013496141572205939,1
wf_cd46c725e308,fold,F009,Composite_Equal,top20,daily,20251104,20251201,20,-0.12214333701910474,0.18083481462663287,-0.62878086685596,-0.0687846157219133,0.5,-0.010285779674661377,0.3272552783109405,0.00032725527831094047,-0.19674036156139374,0.074597024542289,1.2807473315264604,-0.021414067012546854,1
wf_cd46c725e308,fold,F009,Composite_RollingRankIC,top20,daily,20251104,20251201,20,-0.07644775180157048,0.16292130419564319,-0.40566414427060926,-0.06460490777517436,0.5,-0.0062918612856184275,0.24664107485604603,0.00024664107485604603,-0.19674036156139374,0.12029260975982325,1.7602902962847367,0.10896599754223514,1
wf_cd46c725e308,fold,F010,Benchmark_000985_CSI,benchmark,daily,20251202,20260105,23,0.5859858230355763,0.13433662653053327,3.5033512974407084,-0.028677802157458188,0.5652173913043478,0.0429927399318748,0.0,0.0,0.5859858230355763,0.0,,,0
wf_cd46c725e308,fold,F010,Champion_SingleFactor,d1,daily,20251202,20260105,23,0.5352760228255982,0.16627166243964178,2.663550209159438,-0.036174980432349346,0.5652173913043478,0.039903905651416105,0.05729166666666667,5.729166666666667e-05,0.5859858230355763,-0.05070980020997817,-0.37811595554416383,0.07902804923210366,1
wf_cd46c725e308,fold,F010,Composite_Equal,d1,daily,20251202,20260105,23,0.22243514140598708,0.1563860365435581,1.3629076510295672,-0.034797164225022215,0.5652173913043478,0.01850012656088329,0.2552783109404991,0.0002552783109404991,0.5859858230355763,-0.36355068162958926,-3.6332379167421283,0.04559207095626628,1
wf_cd46c725e308,fold,F010,Composite_RollingRankIC,d1,daily,20251202,20260105,23,0.30999795926494067,0.1703974337909023,1.6705760730770183,-0.03832809912091739,0.4782608695652174,0.024951394812118055,0.1650671785028791,0.00016506717850287911,0.5859858230355763,-0.27598786377063567,-2.484279749406591,0.0691475881619014,1
wf_cd46c725e308,fold,F010,Champion_SingleFactor,d10,daily,20251202,20260105,23,0.6173071481214378,0.1393031866193593,3.523959464282202,-0.025747625487624104,0.5652173913043478,0.04485604312428837,0.09090909090909088,9.090909090909089e-05,0.5859858230355763,0.031321325085861496,0.30565037419893804,0.07902804923210366,1
wf_cd46c725e308,fold,F010,Composite_Equal,d10,daily,20251202,20260105,23,0.4848371534952207,0.14685231163387735,2.7673322028244596,-0.03623244039133566,0.5652173913043478,0.036738195703364784,0.39655172413793105,0.0003965517241379311,0.5859858230355763,-0.10114866954035562,-1.1313102387751681,0.04559207095626628,1
wf_cd46c725e308,fold,F010,Composite_RollingRankIC,d10,daily,20251202,20260105,23,0.18382333973432607,0.10552765201593393,1.6523435514065137,-0.02683266943095497,0.5217391304347826,0.015520941372943575,0.16091954022988503,0.00016091954022988503,0.5859858230355763,-0.40216248330125026,-3.6738895654001573,0.0691475881619014,1
wf_cd46c725e308,fold,F010,Champion_SingleFactor,long_short,monthly,20251202,20260105,1,0.051256697659142425,0.0,,0.0,1.0,0.004174213144680916,0.14820075757575757,0.00014820075757575758,0.0,0.051256697659142425,0.9845311503340903,0.07902804923210366,1
wf_cd46c725e308,fold,F010,Composite_Equal,long_short,monthly,20251202,20260105,1,0.22585049905902133,0.0,,0.0,1.0,0.017114375135731885,0.6518300350784301,0.0006518300350784301,0.0,0.22585049905902133,3.25425036683694,0.04559207095626628,1
wf_cd46c725e308,fold,F010,Composite_RollingRankIC,long_short,monthly,20251202,20260105,1,-0.12098603012913534,0.0,,0.0,0.0,-0.010688673165285545,0.32598671873276414,0.0003259867187327642,0.0,-0.12098603012913534,-1.3066920141597214,0.0691475881619014,1
wf_cd46c725e308,fold,F010,Champion_SingleFactor,top20,daily,20251202,20260105,23,0.5894918788243944,0.1301650224726068,3.6283971008819256,-0.025234317979546672,0.5652173913043478,0.043202968761653304,0.0805194805194805,8.051948051948051e-05,0.5859858230355763,0.003506055788818019,0.029652319599601358,0.07902804923210366,1
wf_cd46c725e308,fold,F010,Composite_Equal,top20,daily,20251202,20260105,23,0.4208574356675183,0.13791893370390318,2.617541150991572,-0.033420082550975394,0.5652173913043478,0.032578933312607194,0.2885906040268456,0.0002885906040268456,0.5859858230355763,-0.16512838736805802,-1.8334555281214686,0.04559207095626628,1
wf_cd46c725e308,fold,F010,Composite_RollingRankIC,top20,daily,20251202,20260105,23,0.2530217973582294,0.11045250961201487,2.098198593174222,-0.027478505185549174,0.5217391304347826,0.020800016139784328,0.1236816874400767,0.0001236816874400767,0.5859858230355763,-0.33296402567734695,-3.0887654162183873,0.0691475881619014,1
wf_cd46c725e308,fold,F011,Benchmark_000985_CSI,benchmark,daily,20260106,20260202,20,0.11481863119248148,0.15555028085376135,0.7770398817679088,-0.04224478724408698,0.6,0.008663641686110113,0.0,0.0,0.11481863119248148,0.0,,,0
wf_cd46c725e308,fold,F011,Champion_SingleFactor,d1,daily,20260106,20260202,20,0.459007117589844,0.22861641199723226,1.7673582614787482,-0.06263158557006865,0.5,0.030434591410825274,0.9177820267686424,0.0009177820267686424,0.11481863119248148,0.34418848639736255,2.1861804587409104,0.03579660909412604,1
wf_cd46c725e308,fold,F011,Composite_Equal,d1,daily,20260106,20260202,20,0.07164588378622505,0.190908892036522,0.4579319923102559,-0.06205296541863925,0.45,0.005506827438622963,0.2810707456978968,0.0002810707456978968,0.11481863119248148,-0.04317274740625643,-0.36561762647686563,0.0788442607703555,1
wf_cd46c725e308,fold,F011,Composite_RollingRankIC,d1,daily,20260106,20260202,20,0.0754898475556145,0.24168337898422373,0.4218673987884054,-0.07513369634768996,0.55,0.005792603886089154,0.2026768642447419,0.0002026768642447419,0.11481863119248148,-0.03932878363686698,-0.13811146763644525,0.1632003816915164,1
wf_cd46c725e308,fold,F011,Champion_SingleFactor,d10,daily,20260106,20260202,20,0.7551976129472124,0.19024242617924125,3.055956513127677,-0.05024532415032823,0.65,0.04566110470903939,0.9370229007633589,0.0009370229007633589,0.11481863119248148,0.640378981754731,5.553417906635758,0.03579660909412604,1
wf_cd46c725e308,fold,F011,Composite_Equal,d10,daily,20260106,20260202,20,0.7456736889373283,0.18734455234326142,3.0706546949779416,-0.04894674205883898,0.6,0.04520966735979126,0.3549618320610687,0.0003549618320610687,0.11481863119248148,0.6308550577448468,4.757855665669494,0.0788442607703555,1
wf_cd46c725e308,fold,F011,Composite_RollingRankIC,d10,daily,20260106,20260202,20,0.6263893765726485,0.13166722794840752,3.7635091867445922,-0.03607561738973941,0.55,0.0393548608431491,0.1717557251908397,0.0001717557251908397,0.11481863119248148,0.511570745380167,4.969911532204115,0.1632003816915164,1
wf_cd46c725e308,fold,F011,Champion_SingleFactor,long_short,monthly,20260106,20260202,1,0.15164497197744042,0.0,,0.0,1.0,0.011835435224064605,1.8548049275320013,0.0018548049275320013,0.0,0.15164497197744042,1.41878111728675,0.03579660909412604,1
wf_cd46c725e308,fold,F011,Composite_Equal,long_short,monthly,20260106,20260202,1,0.5781455245573692,0.0,,0.0,1.0,0.038752911343925334,0.6360325777589655,0.0006360325777589655,0.0,0.5781455245573692,9.621630471029595,0.0788442607703555,1
wf_cd46c725e308,fold,F011,Composite_RollingRankIC,long_short,monthly,20260106,20260202,1,0.42867599801281964,0.0,,0.0,1.0,0.03017533061765376,0.3744325894355816,0.00037443258943558157,0.0,0.42867599801281964,2.3507924976473515,0.1632003816915164,1
wf_cd46c725e308,fold,F011,Champion_SingleFactor,top20,daily,20260106,20260202,20,0.7680226304587972,0.180618993340046,3.249121825967626,-0.04983432330314397,0.65,0.04626546506895868,0.8492366412213741,0.0008492366412213741,0.11481863119248148,0.6532039992663157,5.929232207579187,0.03579660909412604,1
wf_cd46c725e308,fold,F011,Composite_Equal,top20,daily,20260106,20260202,20,0.7353770480876707,0.17567415922733823,3.2289644712067855,-0.048834409441204985,0.55,0.04471904493174428,0.2932187201528176,0.00029321872015281757,0.11481863119248148,0.6205584168951892,5.680958687826119,0.0788442607703555,1
wf_cd46c725e308,fold,F011,Composite_RollingRankIC,top20,daily,20260106,20260202,20,0.7358063836000093,0.13308796987352234,4.214970204436939,-0.03642266627663393,0.65,0.044739555725898494,0.12607449856733519,0.00012607449856733518,0.11481863119248148,0.6209877524075278,6.08227628957295,0.1632003816915164,1
wf_cd46c725e308,fold,F012,Benchmark_000985_CSI,benchmark,daily,20260203,20260302,14,1.2939874899882353,0.14796520651104864,5.694257357152505,-0.013421354527863638,0.6428571428571429,0.04720772163252196,0.0,0.0,1.2939874899882353,0.0,,,0
wf_cd46c725e308,fold,F012,Champion_SingleFactor,d1,daily,20260203,20260302,14,1.0384584640831216,0.20184800701720843,3.6337523293412204,-0.02083185381413233,0.5,0.04035949944290529,0.015267175572519085,1.5267175572519086e-05,1.2939874899882353,-0.2555290259051137,-1.095676621221265,0.004026501891977002,1
wf_cd46c725e308,fold,F012,Composite_Equal,d1,daily,20260203,20260302,14,1.2967371858105867,0.18242432259951577,4.656446493400214,-0.019670417570323062,0.5714285714285714,0.04727741769397564,0.25,0.00025,1.2939874899882353,0.0027496958223514056,0.07215074993673258,-0.007731375502645191,1
wf_cd46c725e308,fold,F012,Composite_RollingRankIC,d1,daily,20260203,20260302,14,1.2250682260038244,0.19476976665218432,4.209432135273339,-0.017305397299881897,0.5,0.045434557265950914,0.16603053435114504,0.00016603053435114505,1.2939874899882353,-0.06891926398441095,-0.23439047893508547,0.03100309011772224,1
wf_cd46c725e308,fold,F012,Champion_SingleFactor,d10,daily,20260203,20260302,14,1.4184787936862797,0.159902402417213,5.61215698602694,-0.013552296668294384,0.6428571428571429,0.050286793565858634,0.009523809523809504,9.523809523809504e-06,1.2939874899882353,0.1244913036980444,0.7703038810417625,0.004026501891977002,1
wf_cd46c725e308,fold,F012,Composite_Equal,d10,daily,20260203,20260302,14,1.2165205905341465,0.16143752492815694,5.018261679882173,-0.012700076797704796,0.5714285714285714,0.04521103742040666,0.3733333333333334,0.00037333333333333343,1.2939874899882353,-0.0774668994540888,-0.5388391875262369,-0.007731375502645191,1
wf_cd46c725e308,fold,F012,Composite_RollingRankIC,d10,daily,20260203,20260302,14,1.043104192626544,0.12229385757085272,5.911573753849062,-0.012764365178108528,0.7142857142857143,0.040491081278267727,0.15999999999999998,0.00015999999999999999,1.2939874899882353,-0.25088329736169124,-1.559217555655711,0.03100309011772224,1
wf_cd46c725e308,fold,F012,Champion_SingleFactor,long_short,monthly,20260203,20260302,1,0.11251335508835325,0.0,,0.0,1.0,0.00892473503147162,0.02479098509632859,2.479098509632859e-05,0.0,0.11251335508835325,1.9818223342146333,0.004026501891977002,1
wf_cd46c725e308,fold,F012,Composite_Equal,long_short,monthly,20260203,20260302,1,-0.03388708884068625,0.0,,0.0,0.0,-0.002868757756263496,0.6233333333333334,0.0006233333333333334,0.0,-0.03388708884068625,-0.5860245131407218,-0.007731375502645191,1
wf_cd46c725e308,fold,F012,Composite_RollingRankIC,long_short,monthly,20260203,20260302,1,-0.07011566211737963,0.0,,0.0,0.0,-0.0060396101547091074,0.32603053435114504,0.00032603053435114503,0.0,-0.07011566211737963,-0.9315164752777372,0.03100309011772224,1
wf_cd46c725e308,fold,F012,Champion_SingleFactor,top20,daily,20260203,20260302,14,1.389518361789527,0.16705649327499056,5.306508920301332,-0.01581047254985335,0.6428571428571429,0.049584099708631646,0.018095238095238074,1.8095238095238074e-05,1.2939874899882353,0.09553087180129172,0.6056788453082763,0.004026501891977002,1
wf_cd46c725e308,fold,F012,Composite_Equal,top20,daily,20260203,20260302,14,1.2329888150397754,0.15173236209642854,5.378337805357601,-0.01106497241011406,0.6428571428571429,0.0456409571867904,0.25738798856053385,0.00025738798856053387,1.2939874899882353,-0.0609986749484599,-0.4906175479434736,-0.007731375502645191,1
wf_cd46c725e308,fold,F012,Composite_RollingRankIC,top20,daily,20260203,20260302,14,1.0830757197091936,0.1277255197602793,5.817614077121689,-0.013961265238544351,0.7142857142857143,0.04161166878586098,0.1344137273593899,0.0001344137273593899,1.2939874899882353,-0.21091177027904173,-1.2771178835988641,0.03100309011772224,1
wf_cd46c725e308,fold,F013,Benchmark_000985_CSI,benchmark,daily,20260303,20260401,22,-0.5498204475518949,0.25024357250269935,-3.058174025409075,-0.09339613386907875,0.45454545454545453,-0.06730418710693487,0.0,0.0,-0.5498204475518949,0.0,,,0
wf_cd46c725e308,fold,F013,Champion_SingleFactor,d1,daily,20260303,20260401,22,-0.5613882010093117,0.30568086829595603,-2.5376423569715434,-0.11330037086852074,0.45454545454545453,-0.06942143881704577,0.009523809523809507,9.523809523809508e-06,-0.5498204475518949,-0.011567753457416896,-0.12180702244100636,0.00925505235086841,1
wf_cd46c725e308,fold,F013,Composite_Equal,d1,daily,20260303,20260401,22,-0.5086725458194907,0.29634379086566726,-2.245482201433897,-0.10563813737433214,0.5,-0.06015507377146312,0.22666666666666666,0.00022666666666666666,-0.5498204475518949,0.041147901732404124,1.267897336113262,0.004102852815974672,1
wf_cd46c725e308,fold,F013,Composite_RollingRankIC,d1,daily,20260303,20260401,22,-0.5946025000049049,0.3317198431386905,-2.549976391688821,-0.12792970978887452,0.45454545454545453,-0.07579695585911683,0.15999999999999998,0.00015999999999999999,-0.5498204475518949,-0.044782052453010035,-0.7771248556202721,0.17041686596483874,1
wf_cd46c725e308,fold,F013,Champion_SingleFactor,d10,daily,20260303,20260401,22,-0.47506438440769505,0.332640262797399,-1.7673140262975264,-0.11112638738447722,0.45454545454545453,-0.05471054554486299,0.005703422053231941,5.703422053231941e-06,-0.5498204475518949,0.0747560631441998,1.8317703650265376,0.00925505235086841,1
wf_cd46c725e308,fold,F013,Composite_Equal,d10,daily,20260303,20260401,22,-0.5777364363510702,0.32503958657110515,-2.483747102705671,-0.12625413549498576,0.5,-0.07250227141042032,0.30038022813688214,0.00030038022813688215,-0.5498204475518949,-0.02791598879917534,-0.450814474890359,0.004102852815974672,1
wf_cd46c725e308,fold,F013,Composite_RollingRankIC,d10,daily,20260303,20260401,22,-0.41075428503404443,0.2775174218678616,-1.7634005807094493,-0.1020634346972179,0.45454545454545453,-0.04512501988617057,0.1806083650190114,0.0001806083650190114,-0.5498204475518949,0.13906616251785042,3.2048762609229713,0.17041686596483874,1
wf_cd46c725e308,fold,F013,Champion_SingleFactor,long_short,monthly,20260303,20260401,1,0.21536268454815777,0.0,,0.0,1.0,0.01638635225213947,0.015227231577041448,1.522723157704145e-05,0.0,0.21536268454815777,3.5882439505281725,0.00925505235086841,1
wf_cd46c725e308,fold,F013,Composite_Equal,long_short,monthly,20260303,20260401,1,-0.1455238527780972,0.0,,0.0,0.0,-0.013020053706891743,0.5270468948035488,0.0005270468948035488,0.0,-0.1455238527780972,-1.8984845981868148,0.004102852815974672,1
wf_cd46c725e308,fold,F013,Composite_RollingRankIC,long_short,monthly,20260303,20260401,1,0.4357053663261061,0.0,,0.0,1.0,0.03059676993095861,0.34060836501901137,0.0003406083650190114,0.0,0.4357053663261061,2.9013598770230806,0.17041686596483874,1
wf_cd46c725e308,fold,F013,Champion_SingleFactor,top20,daily,20260303,20260401,22,-0.5237743412861273,0.3346854854865553,-2.0445184320764405,-0.11839772064804732,0.45454545454545453,-0.06271310406769692,0.007604562737642588,7.604562737642589e-06,-0.5498204475518949,0.026046106265767532,0.8424102605829198,0.00925505235086841,1
wf_cd46c725e308,fold,F013,Composite_Equal,top20,daily,20260303,20260401,22,-0.5649558564018399,0.31994170198005,-2.4356550072881755,-0.12300649023053511,0.4090909090909091,-0.0700847162728484,0.21408182683158894,0.00021408182683158895,-0.5498204475518949,-0.01513540884994502,-0.16206306304230642,0.004102852815974672,1
wf_cd46c725e308,fold,F013,Composite_RollingRankIC,top20,daily,20260303,20260401,22,-0.4414426249570994,0.2801746315425319,-1.9346473330497287,-0.10502310122355074,0.45454545454545453,-0.04957332551443017,0.13891531874405325,0.00013891531874405324,-0.5498204475518949,0.10837782259479545,2.885485302792314,0.17041686596483874,1
wf_cd46c725e308,fold,F014,Benchmark_000985_CSI,benchmark,daily,20260402,20260506,21,1.729588460917157,0.1935948734388488,5.292848653280457,-0.017364736161067706,0.6190476190476191,0.08728007927514247,0.0,0.0,1.729588460917157,0.0,,,0
wf_cd46c725e308,fold,F014,Champion_SingleFactor,d1,daily,20260402,20260506,21,1.0736748353737946,0.22748474806197813,3.3237812918085945,-0.02365889732059001,0.6190476190476191,0.0626617650390866,0.05893536121673004,5.893536121673004e-05,1.729588460917157,-0.6559136255433624,-3.3854067423291276,0.064307059658234,1
wf_cd46c725e308,fold,F014,Composite_Equal,d1,daily,20260402,20260506,21,1.4053857945197499,0.23905923849671037,3.796875072712502,-0.023709666884299985,0.6190476190476191,0.07588386671372183,0.25714285714285723,0.00025714285714285726,1.729588460917157,-0.32420266639740714,-1.320794991857222,-0.05279203475485324,1
wf_cd46c725e308,fold,F014,Composite_RollingRankIC,d1,daily,20260402,20260506,21,1.7758556196880253,0.26131909668802367,4.04438399246171,-0.03612340997287278,0.6190476190476191,0.08880407963524029,0.16190476190476194,0.00016190476190476195,1.729588460917157,0.04626715877086829,0.32403230982607617,-0.12278118312966213,1
wf_cd46c725e308,fold,F014,Champion_SingleFactor,d10,daily,20260402,20260506,21,2.3340494220459944,0.2381867431222872,5.185521136953089,-0.027991383453980667,0.6190476190476191,0.10555665391231739,0.06072106261859582,6.072106261859582e-05,1.729588460917157,0.6044609611288374,3.237066564486782,0.064307059658234,1
wf_cd46c725e308,fold,F014,Composite_Equal,d10,daily,20260402,20260506,21,1.0289183987367259,0.19866748974011067,3.6647625211750117,-0.028086319540101656,0.7142857142857143,0.06073129395830401,0.40494296577946765,0.00040494296577946767,1.729588460917157,-0.7006700621804312,-5.687579705742612,-0.05279203475485324,1
wf_cd46c725e308,fold,F014,Composite_RollingRankIC,d10,daily,20260402,20260506,21,0.34359856212199347,0.16078332633788048,1.918048611578764,-0.020383457154765194,0.5238095238095238,0.02491801673219718,0.13878326996197715,0.00013878326996197716,1.729588460917157,-1.3859898987951635,-9.563532147168864,-0.12278118312966213,1
wf_cd46c725e308,fold,F014,Champion_SingleFactor,long_short,monthly,20260402,20260506,1,0.6072781049101086,0.0,,0.0,1.0,0.04033749768973571,0.11965642383532586,0.00011965642383532585,0.0,0.6072781049101086,6.606247901308308,0.064307059658234,1
wf_cd46c725e308,fold,F014,Composite_Equal,long_short,monthly,20260402,20260506,1,-0.17261303938561734,0.0,,0.0,0.0,-0.015666219916487978,0.6620858229223249,0.0006620858229223249,0.0,-0.17261303938561734,-2.181347956620832,-0.05279203475485324,1
wf_cd46c725e308,fold,F014,Composite_RollingRankIC,long_short,monthly,20260402,20260506,1,-0.5337005129862022,0.0,,0.0,0.0,-0.06159838873254564,0.3006880318667391,0.0003006880318667391,0.0,-0.5337005129862022,-5.495818005129632,-0.12278118312966213,1
wf_cd46c725e308,fold,F014,Champion_SingleFactor,top20,daily,20260402,20260506,21,1.834150715309928,0.23270565036941415,4.6010714751121515,-0.02657883033815578,0.6190476190476191,0.09069145781186849,0.055080721747388386,5.5080721747388384e-05,1.729588460917157,0.10456225439277089,0.7863053644842477,0.064307059658234,1
wf_cd46c725e308,fold,F014,Composite_Equal,top20,daily,20260402,20260506,21,1.036575512199906,0.1889857651545014,3.862527505183064,-0.020984171576648114,0.5714285714285714,0.06106431722628636,0.2623574144486692,0.00026235741444866924,1.729588460917157,-0.6930129487172509,-6.464412039329939,-0.05279203475485324,1
wf_cd46c725e308,fold,F014,Composite_RollingRankIC,top20,daily,20260402,20260506,21,0.41577017932987803,0.1704259844947101,2.1261749399597645,-0.021212321710794235,0.5238095238095238,0.02939660131520938,0.11882129277566542,0.00011882129277566541,1.729588460917157,-1.313818281587279,-9.557727555843114,-0.12278118312966213,1
wf_cd46c725e308,fold,F015,Benchmark_000985_CSI,benchmark,daily,20260507,20260601,18,-0.2712469548827874,0.19409330201230385,-1.531878761776995,-0.054698218073790494,0.3888888888888889,-0.022347955022197774,0.0,0.0,-0.2712469548827874,0.0,,,0
wf_cd46c725e308,fold,F015,Champion_SingleFactor,d1,daily,20260507,20260601,18,-0.5246442650027444,0.2331233410069368,-3.06799494924214,-0.0941705099376059,0.5555555555555556,-0.05173458821659249,0.7058823529411764,0.0007058823529411764,-0.2712469548827874,-0.25339731011995703,-3.3235993685799685,0.025675740636191623,1
wf_cd46c725e308,fold,F015,Composite_Equal,d1,daily,20260507,20260601,18,-0.5372719749158734,0.24071575709673373,-3.0752566861726383,-0.09635316604161992,0.5555555555555556,-0.053556484059416265,0.523719165085389,0.000523719165085389,-0.2712469548827874,-0.26602502003308603,-3.4172244195727823,0.09731692151090406,1
wf_cd46c725e308,fold,F015,Composite_RollingRankIC,d1,daily,20260507,20260601,18,-0.560843948569099,0.2779047649569122,-2.8164236302974808,-0.10484758326895904,0.4444444444444444,-0.05708449642077573,0.2846299810246679,0.0002846299810246679,-0.2712469548827874,-0.28959699368631164,-3.5341665252058103,0.11178995204869192,1
wf_cd46c725e308,fold,F015,Champion_SingleFactor,d10,daily,20260507,20260601,18,-0.30612822436777154,0.25669789923533354,-1.2935158645608749,-0.06843625433370171,0.5555555555555556,-0.025767077770579405,0.7102272727272726,0.0007102272727272726,-0.2712469548827874,-0.034881269484984156,-0.3140651989578919,0.025675740636191623,1
wf_cd46c725e308,fold,F015,Composite_Equal,d10,daily,20260507,20260601,18,-0.1681256795941698,0.22727146412886043,-0.6955562139337522,-0.0599784275566263,0.5,-0.013062077040927877,0.5606060606060606,0.0005606060606060606,-0.2712469548827874,0.10312127528861759,1.3558197710550275,0.09731692151090406,1
wf_cd46c725e308,fold,F015,Composite_RollingRankIC,d10,daily,20260507,20260601,18,-0.39233652341489655,0.15375979288688688,-3.1594510671830713,-0.06661117368975922,0.4444444444444444,-0.03495544048942212,0.2803030303030303,0.0002803030303030303,-0.2712469548827874,-0.12108956853210917,-1.3102799712074975,0.11178995204869192,1
wf_cd46c725e308,fold,F015,Champion_SingleFactor,long_short,monthly,20260507,20260601,1,0.3604385221469708,0.0,,0.0,1.0,0.0259823982272267,1.4161096256684491,0.001416109625668449,0.0,0.3604385221469708,4.036138403335055,0.025675740636191623,1
wf_cd46c725e308,fold,F015,Composite_Equal,long_short,monthly,20260507,20260601,1,0.620147802646341,0.0,,0.0,1.0,0.0410291402264531,1.0843252256914495,0.0010843252256914496,0.0,0.620147802646341,6.383021150986169,0.09731692151090406,1
wf_cd46c725e308,fold,F015,Composite_RollingRankIC,long_short,monthly,20260507,20260601,1,0.2608365576918452,0.0,,0.0,1.0,0.019502353598655597,0.5649330113276982,0.0005649330113276982,0.0,0.2608365576918452,1.5061711104411344,0.11178995204869192,1
wf_cd46c725e308,fold,F015,Champion_SingleFactor,top20,daily,20260507,20260601,18,-0.3541548655914404,0.23576059816697412,-1.7341703371018173,-0.07022696370348791,0.5555555555555556,-0.030745686822482243,0.6032196969696968,0.0006032196969696968,-0.2712469548827874,-0.082907910708653,-1.083802951328754,0.025675740636191623,1
wf_cd46c725e308,fold,F015,Composite_Equal,top20,daily,20260507,20260601,18,-0.29862557563133907,0.21166498716498305,-1.5682066621616582,-0.06542039654705767,0.5,-0.02501839207676948,0.41421800947867304,0.00041421800947867305,-0.2712469548827874,-0.027378620748551685,-0.3398488108647919,0.09731692151090406,1
wf_cd46c725e308,fold,F015,Composite_RollingRankIC,top20,daily,20260507,20260601,18,-0.3933553831457727,0.1706868811623572,-2.8397693280059073,-0.06973130577237852,0.5,-0.035071107339527785,0.2123222748815166,0.0002123222748815166,-0.2712469548827874,-0.12210842826298529,-1.3810536897675327,0.11178995204869192,1
wf_cd46c725e308,fold,F016,Benchmark_000985_CSI,benchmark,daily,20260602,20260701,21,0.5697961179593602,0.23891255768058284,2.0089693287731274,-0.04325266399864858,0.6666666666666666,0.0382938243681239,0.0,0.0,0.5697961179593602,0.0,,,0
wf_cd46c725e308,fold,F016,Champion_SingleFactor,d1,daily,20260602,20260701,21,-0.3782668333007806,0.22024233474077895,-2.0456428180146617,-0.06888372268094223,0.38095238095238093,-0.03882971418112513,0.02646502835538752,2.646502835538752e-05,0.5697961179593602,-0.9480629512601408,-4.797426406777094,0.06006735134385282,1
wf_cd46c725e308,fold,F016,Composite_Equal,d1,daily,20260602,20260701,21,-0.45408783628176463,0.21168246001435032,-2.7499289539893725,-0.07644708771902864,0.38095238095238093,-0.049190386296624866,0.23106060606060605,0.00023106060606060605,0.5697961179593602,-1.0238839542411249,-5.796824369414651,0.07824224657927084,1
wf_cd46c725e308,fold,F016,Composite_RollingRankIC,d1,daily,20260602,20260701,21,0.21638019828911714,0.25507356683660154,0.895818248152339,-0.04898534711010538,0.5238095238095238,0.016457235787926683,0.13446969696969696,0.00013446969696969695,0.5697961179593602,-0.3534159196702431,-1.8289236752001372,-0.07676307755643456,1
wf_cd46c725e308,fold,F016,Champion_SingleFactor,d10,daily,20260602,20260701,21,0.3747185602622203,0.23858001566946302,1.454201699555604,-0.048711961181379326,0.47619047619047616,0.02687555699508848,0.01509433962264152,1.509433962264152e-05,0.5697961179593602,-0.19507755769713997,-1.1044209687025073,0.06006735134385282,1
wf_cd46c725e308,fold,F016,Composite_Equal,d10,daily,20260602,20260701,21,0.09832601984164024,0.212914833336215,0.5471415113781962,-0.04330619356170995,0.47619047619047616,0.007846223250527418,0.3213610586011343,0.0003213610586011343,0.5697961179593602,-0.47147009811772,-2.8350087416392973,0.07824224657927084,1
wf_cd46c725e308,fold,F016,Composite_RollingRankIC,d10,daily,20260602,20260701,21,-0.5983565963251696,0.17245853471374967,-5.193403090270008,-0.08843025728967935,0.38095238095238093,-0.07319851731019467,0.17958412098298676,0.00017958412098298675,0.5697961179593602,-1.1681527142845298,-5.926829648213222,-0.07676307755643456,1
wf_cd46c725e308,fold,F016,Champion_SingleFactor,long_short,monthly,20260602,20260701,1,1.2036121895530782,0.0,,0.0,1.0,0.06805740937307103,0.04155936797802904,4.155936797802904e-05,0.0,1.2036121895530782,7.588648957565209,0.06006735134385282,1
wf_cd46c725e308,fold,F016,Composite_Equal,long_short,monthly,20260602,20260701,1,0.9880651061564825,0.0,,0.0,1.0,0.05893479036238536,0.5524216646617404,0.0005524216646617403,0.0,0.9880651061564825,6.94605835231,0.07824224657927084,1
wf_cd46c725e308,fold,F016,Composite_RollingRankIC,long_short,monthly,20260602,20260701,1,-0.6834713374867589,0.0,,0.0,0.0,-0.09141041649056902,0.3140538179526837,0.0003140538179526837,0.0,-0.6834713374867589,-5.602743580093819,-0.07676307755643456,1
wf_cd46c725e308,fold,F016,Champion_SingleFactor,top20,daily,20260602,20260701,21,-0.023979388805262625,0.2242315982538057,0.004158217861491971,-0.05030380951114344,0.42857142857142855,-0.0020205870902517686,0.01699716713881019,1.699716713881019e-05,0.5697961179593602,-0.5937755067646229,-3.3662601277486006,0.06006735134385282,1
wf_cd46c725e308,fold,F016,Composite_Equal,top20,daily,20260602,20260701,21,-0.09647925230250387,0.20483709540343517,-0.3925834323517599,-0.04543302969330065,0.47619047619047616,-0.008419043467562726,0.2637051039697543,0.0002637051039697543,0.5697961179593602,-0.6662753702618641,-3.9718668900050766,0.07824224657927084,1
wf_cd46c725e308,fold,F016,Composite_RollingRankIC,top20,daily,20260602,20260701,21,-0.5999772170029184,0.18185211084252753,-4.9380790924661895,-0.08993852666950042,0.42857142857142855,-0.07351073011444587,0.12381852551984876,0.00012381852551984876,0.5697961179593602,-1.1697733349622785,-6.22232403550796,-0.07676307755643456,1
wf_cd46c725e308,pooled,ALL,Benchmark_000985_CSI,benchmark,daily,20250304,20260701,323,0.26552592462210844,0.18801770850924543,1.3483310272308235,-0.13747649620067437,0.5541795665634675,0.3523387971422389,0.0,0.0,0.26552592462210844,0.0,,,0
wf_cd46c725e308,pooled,ALL,Champion_SingleFactor,d1,daily,20250304,20260701,323,0.15189162169393966,0.24438241083694465,0.7040122779483459,-0.19913170332546504,0.5572755417956656,0.19870992039919888,0.2915807217327666,0.0046652915477242655,0.26552592462210844,-0.11363430292816878,-0.7121844191142866,0.03416960424699809,16
wf_cd46c725e308,pooled,ALL,Composite_Equal,d1,daily,20250304,20260701,323,0.15510449802479087,0.23127190199039319,0.7418092278763828,-0.1961990141807044,0.5727554179566563,0.2029970732604367,0.34595023298033883,0.005535203727685421,0.26552592462210844,-0.11042142659731757,-0.7484437670160556,0.009068060244855843,16
wf_cd46c725e308,pooled,ALL,Composite_RollingRankIC,d1,daily,20250304,20260701,323,0.16193985232027575,0.25911971514595383,0.7120606084827452,-0.22388600727809937,0.5572755417956656,0.21212911066253293,0.2720885799402656,0.0043534172790442496,0.26552592462210844,-0.1035860723018327,-0.5761841405939939,0.05689996472637368,16
wf_cd46c725e308,pooled,ALL,Champion_SingleFactor,d10,daily,20250304,20260701,323,0.3753627423969339,0.24143070002055783,1.4447182261933669,-0.2005826755078265,0.5820433436532507,0.5045816744403036,0.2668088138009098,0.004268941020814557,0.26552592462210844,0.10983681777482546,0.9540347934633879,0.03416960424699809,16
wf_cd46c725e308,pooled,ALL,Composite_Equal,d10,daily,20250304,20260701,323,0.2844840888095428,0.22986443416073293,1.207469391768723,-0.1838323850947906,0.5727554179566563,0.3783598586003156,0.434806547700194,0.006956904763203104,0.26552592462210844,0.018958164187434345,0.26088135227413944,0.009068060244855843,16
wf_cd46c725e308,pooled,ALL,Composite_RollingRankIC,d10,daily,20250304,20260701,323,0.17966154914689025,0.18531498161377297,0.987005805040865,-0.1573591447833339,0.5820433436532507,0.23587570051482976,0.27230549556393735,0.004356887929022998,0.26552592462210844,-0.08586437547521819,-0.6606055262295119,0.05689996472637368,16
wf_cd46c725e308,pooled,ALL,Champion_SingleFactor,long_short,monthly,20250304,20260701,16,0.17416770543019444,0.06989571954772054,2.3465927377514677,-0.017150456525335533,0.75,0.23872102318039645,0.5583895355336764,0.008934232568538822,0.0,0.17416770543019444,2.4476929628493655,0.03416960424699809,16
wf_cd46c725e308,pooled,ALL,Composite_Equal,long_short,monthly,20250304,20260701,16,0.09477847730875277,0.08416899884854055,1.1211780189458727,-0.050181328301015626,0.4375,0.12832705335222427,0.7807567806805329,0.012492108490888526,0.0,0.09477847730875277,1.2271914571306717,0.009068060244855843,16
wf_cd46c725e308,pooled,ALL,Composite_RollingRankIC,long_short,monthly,20250304,20260701,16,-0.015846534986877825,0.13701945153596182,-0.047059922987754035,-0.13074993650574995,0.5,-0.02107271268453581,0.5443940755042029,0.008710305208067247,0.0,-0.015846534986877825,-0.06549821235224938,0.05689996472637368,16
wf_cd46c725e308,pooled,ALL,Champion_SingleFactor,top20,daily,20250304,20260701,323,0.3171737835025765,0.22922658651790478,1.3198197523309148,-0.1835746003199995,0.5696594427244582,0.4234821990933231,0.2480719550079819,0.003969151280127711,0.26552592462210844,0.05164785888046808,0.5212925803729441,0.03416960424699809,16
wf_cd46c725e308,pooled,ALL,Composite_Equal,top20,daily,20250304,20260701,323,0.2721317314411833,0.21860742222038487,1.2135003364585595,-0.17210531685036368,0.5634674922600619,0.36139322779233196,0.3451472478191644,0.005522355965106631,0.26552592462210844,0.006605806819074855,0.13655625297646726,0.009068060244855843,16
wf_cd46c725e308,pooled,ALL,Composite_RollingRankIC,top20,daily,20250304,20260701,323,0.1805027268985373,0.18978921677125493,0.9719416071954242,-0.1610424327497233,0.5820433436532507,0.23700536830109575,0.2235085459748305,0.0035761367355972885,0.26552592462210844,-0.08502319772357114,-0.6723953568375439,0.05689996472637368,16
