run_id,fold_id,decision_signal_date,factor_id,train_rankic_periods,train_rankic_mean,validation_rankic_periods,validation_rankic_mean,validation_return_periods,validation_net_long_short_return_mean,validation_sharpe,validation_average_two_leg_turnover,is_eligible,eligibility_reason,selection_rank,selected,decision_reason,incumbent_before,fold_decision_reason,direction
wf_cd46c725e308,F001,20250228,PE_TTM,24,0.02677894291432351,12,0.0605623383289459,12,0.012737039110140291,2.0485956599240485,0.35140992997576204,True,eligible,1,True,initial_champion,,initial_champion,-1
wf_cd46c725e308,F001,20250228,Holder_Concen,24,-0.020205507334225686,12,-0.00047793659136753484,12,0.004083765595749853,0.6437762564503376,0.19522688184936612,True,eligible,2,False,not_selected,,initial_champion,1
wf_cd46c725e308,F001,20250228,Revenue_Growth,24,-0.012029600088919524,12,0.028799487909981037,12,0.004645280965543224,0.5963456447178714,0.24811467725793412,True,eligible,3,False,not_selected,,initial_champion,1
wf_cd46c725e308,F001,20250228,Dividend_Yield,24,0.047762349596404415,12,0.04041950374836398,12,0.0040121168473705995,0.5843720979058195,0.3555915216285149,True,eligible,4,False,not_selected,,initial_champion,1
wf_cd46c725e308,F001,20250228,Gross_Margin,24,-0.010244580115359002,12,0.016948492064853004,12,0.0025604393401272227,0.33062213720615374,0.10098718554318527,True,eligible,5,False,not_selected,,initial_champion,1
wf_cd46c725e308,F001,20250228,Main_Net_In,24,0.014372107802809647,12,0.007551265996670557,12,0.0013681662138489844,0.2766385384357297,1.5570700463660057,True,eligible,6,False,not_selected,,initial_champion,1
wf_cd46c725e308,F001,20250228,ROE,24,-0.005268247558619026,12,0.044546806006626215,12,0.002609684888698068,0.2293676183494977,0.21830584450331006,True,eligible,7,False,not_selected,,initial_champion,1
wf_cd46c725e308,F001,20250228,Debt_to_Equity,24,-0.00464678377514908,12,0.0064238709654244166,12,0.00023916460559901065,0.03176864013069285,0.08654455722042921,True,eligible,8,False,not_selected,,initial_champion,-1
wf_cd46c725e308,F001,20250228,Volatility,24,0.09040451614132781,12,0.04712626750817243,12,-0.009992807319845906,-0.43211778583109534,0.2736673007822709,True,eligible,9,False,not_selected,,initial_champion,-1
wf_cd46c725e308,F001,20250228,Momentum_60D,24,-0.0216528859707099,12,-0.06300831571414085,12,-0.028040636177838415,-1.5808304063628358,1.1065596022493667,True,eligible,10,False,not_selected,,initial_champion,1
wf_cd46c725e308,F001,20250228,Turnover_20D,24,-0.07008982766540699,12,-0.07828333384776257,12,-0.02462323677576382,-2.3328256534903997,0.9181101499417829,True,eligible,11,False,not_selected,,initial_champion,1
wf_cd46c725e308,F002,20250331,PE_TTM,24,0.030151350937315417,12,0.058767328541544296,12,0.009278326626844042,1.5220034684018813,0.3485885263581825,True,eligible,1,True,incumbent_remains_best,PE_TTM,incumbent_remains_best,-1
wf_cd46c725e308,F002,20250331,Holder_Concen,24,-0.016384114851555845,12,0.002400981855041066,12,0.005293657981883938,0.8145679616854798,0.19286073521818606,True,eligible,2,False,not_selected,PE_TTM,incumbent_remains_best,1
wf_cd46c725e308,F002,20250331,Dividend_Yield,24,0.05027838481043704,12,0.03558668306766002,12,0.0030932644083346006,0.4410332661994147,0.35146860202457125,True,eligible,3,False,not_selected,PE_TTM,incumbent_remains_best,1
wf_cd46c725e308,F002,20250331,Main_Net_In,24,0.019580351826687402,12,0.0026322266324090246,12,0.001919570871741046,0.41121815980533016,1.5296860233250564,True,eligible,4,False,not_selected,PE_TTM,incumbent_remains_best,1
wf_cd46c725e308,F002,20250331,Revenue_Growth,24,-0.010619416270692262,12,0.02343691039754139,12,0.002534091984620599,0.32989852005429454,0.2498698503109257,True,eligible,5,False,not_selected,PE_TTM,incumbent_remains_best,1
wf_cd46c725e308,F002,20250331,Debt_to_Equity,24,-0.0027996186453765268,12,0.0013097023242958517,12,0.0005168637781688213,0.06934355982634996,0.08633032074742479,True,eligible,6,False,not_selected,PE_TTM,incumbent_remains_best,-1
wf_cd46c725e308,F002,20250331,Gross_Margin,24,-0.0033326226832255585,12,0.007313408691557654,12,-0.0006857595890757162,-0.09350089325302306,0.10079140007718013,True,eligible,7,False,not_selected,PE_TTM,incumbent_remains_best,1
wf_cd46c725e308,F002,20250331,ROE,24,0.0004438386049751969,12,0.028699506234919323,12,-0.0015295770957760944,-0.1394131519889795,0.2182416620498576,True,eligible,8,False,not_selected,PE_TTM,incumbent_remains_best,1
wf_cd46c725e308,F002,20250331,Volatility,24,0.08215919893755093,12,0.05188711925865767,12,-0.010052559824298849,-0.43433963847663465,0.2644332191270205,True,eligible,9,False,not_selected,PE_TTM,incumbent_remains_best,-1
wf_cd46c725e308,F002,20250331,Momentum_60D,24,-0.023247499682622384,12,-0.06706608983331126,12,-0.026844286284018647,-1.510050755436343,1.1170113395179142,True,eligible,10,False,not_selected,PE_TTM,incumbent_remains_best,1
wf_cd46c725e308,F002,20250331,Turnover_20D,24,-0.06898178050681834,12,-0.08709353289750145,12,-0.02535678606836581,-2.484482385087498,0.898669990102904,True,eligible,11,False,not_selected,PE_TTM,incumbent_remains_best,1
wf_cd46c725e308,F003,20250430,PE_TTM,24,0.03085903522305151,12,0.06817526964503005,12,0.01423310534433215,2.6330738138921066,0.3488773034618515,True,eligible,1,True,incumbent_remains_best,PE_TTM,incumbent_remains_best,-1
wf_cd46c725e308,F003,20250430,Holder_Concen,24,-0.014161547203933152,12,0.007535304074777371,12,0.007385339204625945,1.206003215253988,0.17768303264049867,True,eligible,2,False,not_selected,PE_TTM,incumbent_remains_best,1
wf_cd46c725e308,F003,20250430,Dividend_Yield,24,0.04670617674913971,12,0.05109045484752248,12,0.008476892986149774,1.1955363398242989,0.3542266102895078,True,eligible,3,False,not_selected,PE_TTM,incumbent_remains_best,1
wf_cd46c725e308,F003,20250430,Revenue_Growth,24,-0.007022964277428296,12,0.028862130803188196,12,0.005347183849265555,0.6509226911607892,0.2503387646353637,True,eligible,4,False,not_selected,PE_TTM,incumbent_remains_best,1
wf_cd46c725e308,F003,20250430,Gross_Margin,24,-0.002163229441881808,12,0.021252250186634753,12,0.0037087104998942745,0.48530239713445833,0.10027091405628563,True,eligible,5,False,not_selected,PE_TTM,incumbent_remains_best,1
wf_cd46c725e308,F003,20250430,Main_Net_In,24,0.022142924907306526,12,-0.0036147418403397386,12,0.0022703023587579557,0.47557401551469974,1.492663763794497,True,eligible,6,False,not_selected,PE_TTM,incumbent_remains_best,1
wf_cd46c725e308,F003,20250430,ROE,24,0.0016029165385724198,12,0.047310173780943675,12,0.004659510360785335,0.40327932601880223,0.22062089022406606,True,eligible,7,False,not_selected,PE_TTM,incumbent_remains_best,1
wf_cd46c725e308,F003,20250430,Debt_to_Equity,24,-0.0025673714450697486,12,0.0072732569197877265,12,0.0016280253595579144,0.21488464790386533,0.0869648708910078,True,eligible,8,False,not_selected,PE_TTM,incumbent_remains_best,-1
wf_cd46c725e308,F003,20250430,Volatility,24,0.0794704681644383,12,0.06442133142638995,12,-0.007184061685059723,-0.30162101477238756,0.2583296130688633,True,eligible,9,False,not_selected,PE_TTM,incumbent_remains_best,-1
wf_cd46c725e308,F003,20250430,Momentum_60D,24,-0.0388567125782091,12,-0.057349230748746725,12,-0.024218164659708035,-1.3747694359257407,1.1350152722489384,True,eligible,10,False,not_selected,PE_TTM,incumbent_remains_best,1
wf_cd46c725e308,F003,20250430,Turnover_20D,24,-0.0672092420390921,12,-0.10564535105266519,12,-0.031479347266264,-2.9440635463903435,0.8977250474598913,True,eligible,11,False,not_selected,PE_TTM,incumbent_remains_best,1
wf_cd46c725e308,F004,20250530,PE_TTM,24,0.03279672531117231,12,0.05993585167246685,12,0.014126772963913103,2.5959499359322766,0.3512272733510571,True,eligible,1,True,incumbent_remains_best,PE_TTM,incumbent_remains_best,-1
wf_cd46c725e308,F004,20250530,Holder_Concen,24,-0.013612556507436058,12,0.004553136486915145,12,0.006468149759434008,1.0491031954704568,0.17945312281670323,True,eligible,2,False,not_selected,PE_TTM,incumbent_remains_best,1
wf_cd46c725e308,F004,20250530,Dividend_Yield,24,0.04472341868685311,12,0.04233055389819853,12,0.005637207315430607,0.7839061150421175,0.3553467776811691,True,eligible,3,False,not_selected,PE_TTM,incumbent_remains_best,1
wf_cd46c725e308,F004,20250530,Revenue_Growth,24,-0.005814883336539185,12,0.026302345028895058,12,0.005374238361929258,0.6541632510530192,0.25071435254013136,True,eligible,4,False,not_selected,PE_TTM,incumbent_remains_best,1
wf_cd46c725e308,F004,20250530,Gross_Margin,24,-0.00010646399219763562,12,0.01657301637851479,12,0.0017632127105797156,0.2386037069488326,0.10087509491738074,True,eligible,5,False,not_selected,PE_TTM,incumbent_remains_best,1
wf_cd46c725e308,F004,20250530,Main_Net_In,24,0.018855412141297146,12,-0.011374223275374096,12,0.0002734390548404882,0.055848060749046316,1.4730558964653075,True,eligible,6,False,not_selected,PE_TTM,incumbent_remains_best,1
wf_cd46c725e308,F004,20250530,ROE,24,0.006413186026896352,12,0.02880293409830428,12,-0.002045953157190619,-0.19348916665157348,0.2275212486140518,True,eligible,7,False,not_selected,PE_TTM,incumbent_remains_best,1
wf_cd46c725e308,F004,20250530,Debt_to_Equity,24,-0.00057187322933258,12,0.005418439391189696,12,-0.0014730931069684143,-0.21410970428769577,0.0857473263674947,True,eligible,8,False,not_selected,PE_TTM,incumbent_remains_best,-1
wf_cd46c725e308,F004,20250530,Volatility,24,0.07893674517562672,12,0.03877865955167964,12,-0.016639426695747785,-0.7173913682869552,0.260454502860938,True,eligible,9,False,not_selected,PE_TTM,incumbent_remains_best,-1
wf_cd46c725e308,F004,20250530,Momentum_60D,24,-0.0368771335073377,12,-0.05390614301389376,12,-0.021083289407769046,-1.1390082427099593,1.134704960675786,True,eligible,10,False,not_selected,PE_TTM,incumbent_remains_best,1
wf_cd46c725e308,F004,20250530,Turnover_20D,24,-0.06772315472459724,12,-0.0911745210299915,12,-0.025408936274393164,-2.2858944849259806,0.9180485368852515,True,eligible,11,False,not_selected,PE_TTM,incumbent_remains_best,1
wf_cd46c725e308,F005,20250630,PE_TTM,24,0.037972918611167916,12,0.053080291496973124,12,0.010775268305967187,1.9611877087202603,0.352365514702589,True,eligible,1,True,incumbent_remains_best,PE_TTM,incumbent_remains_best,-1
wf_cd46c725e308,F005,20250630,Holder_Concen,24,-0.010333387910573432,12,0.0008821306442915279,12,0.005364094284894104,0.8768763301710781,0.19361565794270144,True,eligible,2,False,not_selected,PE_TTM,incumbent_remains_best,1
wf_cd46c725e308,F005,20250630,Dividend_Yield,24,0.052757014480851655,12,0.03983866353066743,12,0.004504329256476162,0.6294720394708444,0.35697213676058365,True,eligible,3,False,not_selected,PE_TTM,incumbent_remains_best,1
wf_cd46c725e308,F005,20250630,Revenue_Growth,24,-0.0035641256075632324,12,0.019541211458255037,12,0.003228310280682798,0.3994688498020152,0.24708153864284355,True,eligible,4,False,not_selected,PE_TTM,incumbent_remains_best,1
wf_cd46c725e308,F005,20250630,Gross_Margin,24,0.003332167765768936,12,0.00846433174603146,12,-0.000284811029146534,-0.038607746503550366,0.10139497564457929,True,eligible,5,False,not_selected,PE_TTM,incumbent_remains_best,1
wf_cd46c725e308,F005,20250630,Debt_to_Equity,24,0.00040850880785585066,12,0.0009711680293542696,12,-0.002914853657166813,-0.43690647563343,0.08621627020840916,True,eligible,6,False,not_selected,PE_TTM,incumbent_remains_best,-1
wf_cd46c725e308,F005,20250630,Main_Net_In,24,0.0189874119173202,12,-0.01934418312154539,12,-0.0028727006233672738,-0.5305139074647206,1.4812704253297573,True,eligible,7,False,not_selected,PE_TTM,incumbent_remains_best,1
wf_cd46c725e308,F005,20250630,ROE,24,0.014996992142653367,12,0.01153907940883075,12,-0.005819099966873073,-0.5748996094283393,0.22385600474664144,True,eligible,8,False,not_selected,PE_TTM,incumbent_remains_best,1
wf_cd46c725e308,F005,20250630,Volatility,24,0.08752808196638208,12,0.04246355872419031,12,-0.01638250706414133,-0.705481360366609,0.25488560439761326,True,eligible,9,False,not_selected,PE_TTM,incumbent_remains_best,-1
wf_cd46c725e308,F005,20250630,Momentum_60D,24,-0.024724302030179234,12,-0.06976242856296289,12,-0.023729450491453863,-1.300636102788158,1.132710241704623,True,eligible,10,False,not_selected,PE_TTM,incumbent_remains_best,1
wf_cd46c725e308,F005,20250630,Turnover_20D,24,-0.06784565268925387,12,-0.1010051172256833,12,-0.02529834833999157,-2.2722359426195555,0.9306357862950252,True,eligible,11,False,not_selected,PE_TTM,incumbent_remains_best,1
wf_cd46c725e308,F006,20250731,PE_TTM,24,0.04375063660602602,12,0.04782349629361924,12,0.008866632639782325,1.7437370953417866,0.35346256273797255,True,eligible,1,True,incumbent_remains_best,PE_TTM,incumbent_remains_best,-1
wf_cd46c725e308,F006,20250731,Holder_Concen,24,-0.007851070140162562,12,-0.000744590594969855,12,0.006480704336406663,1.0338285493388357,0.1920899640575835,True,eligible,2,False,not_selected,PE_TTM,incumbent_remains_best,1
wf_cd46c725e308,F006,20250731,Dividend_Yield,24,0.06033039958214129,12,0.030906364676670767,12,0.0033709534359861785,0.48343189725353736,0.3394150100046576,True,eligible,3,False,not_selected,PE_TTM,incumbent_remains_best,1
wf_cd46c725e308,F006,20250731,Revenue_Growth,24,-0.0031069117648243826,12,0.014975315068159587,12,0.0020151887893757117,0.2539369076521219,0.24801496177801055,True,eligible,4,False,not_selected,PE_TTM,incumbent_remains_best,1
wf_cd46c725e308,F006,20250731,Gross_Margin,24,0.0054845023900579265,12,0.004202976358145996,12,-0.001694520803730111,-0.2296609521414292,0.10217329696773274,True,eligible,5,False,not_selected,PE_TTM,incumbent_remains_best,1
wf_cd46c725e308,F006,20250731,Volatility,24,0.0961223298119341,12,0.03589318555745883,12,-0.017298908579839057,-0.746045560921364,0.24781201426166244,True,eligible,6,False,not_selected,PE_TTM,incumbent_remains_best,-1
wf_cd46c725e308,F006,20250731,Main_Net_In,24,0.018856918024497547,12,-0.021640028352051022,12,-0.00430076563877383,-0.7723020682275512,1.4891336524925205,True,eligible,7,False,not_selected,PE_TTM,incumbent_remains_best,1
wf_cd46c725e308,F006,20250731,ROE,24,0.020964498406942478,12,-0.0010384510162546655,12,-0.008882262919795152,-0.9212587629361411,0.22557059064847143,True,eligible,8,False,not_selected,PE_TTM,incumbent_remains_best,1
wf_cd46c725e308,F006,20250731,Debt_to_Equity,24,0.005889316826964536,12,-0.005567418443185447,12,-0.006802049474980775,-1.1802170226498512,0.08108810338091987,True,eligible,9,False,not_selected,PE_TTM,incumbent_remains_best,-1
wf_cd46c725e308,F006,20250731,Momentum_60D,24,-0.010304044425564601,12,-0.08894780992768277,12,-0.028048817070804217,-1.5826359795710296,1.1396829583555517,True,eligible,10,False,not_selected,PE_TTM,incumbent_remains_best,1
wf_cd46c725e308,F006,20250731,Turnover_20D,24,-0.06708150945202461,12,-0.11057086570727816,12,-0.02776410114579048,-2.5747186914114635,0.9314697125532124,True,eligible,11,False,not_selected,PE_TTM,incumbent_remains_best,1
wf_cd46c725e308,F007,20250829,PE_TTM,24,0.040017674109349345,12,0.06025188447347443,12,0.012243661466279776,2.532585194980779,0.35615108147508456,True,eligible,1,True,incumbent_remains_best,PE_TTM,incumbent_remains_best,-1
wf_cd46c725e308,F007,20250829,Holder_Concen,24,-0.008819739801762523,12,0.002077374169839052,12,0.008607929128244185,1.4092679720849373,0.19111029950347455,True,eligible,2,False,not_selected,PE_TTM,incumbent_remains_best,1
wf_cd46c725e308,F007,20250829,Dividend_Yield,24,0.059487388198078084,12,0.041191112217243205,12,0.005872436097575685,0.9163690754918974,0.31544441427236986,True,eligible,3,False,not_selected,PE_TTM,incumbent_remains_best,1
wf_cd46c725e308,F007,20250829,Revenue_Growth,24,-0.007865002214137171,12,0.024117645356668826,12,0.005222038364541854,0.7230473032773183,0.25024140252876276,True,eligible,4,False,not_selected,PE_TTM,incumbent_remains_best,1
wf_cd46c725e308,F007,20250829,Gross_Margin,24,0.003918891899149349,12,0.014063850834780511,12,0.002744217187194118,0.42484918404816396,0.1026300650109871,True,eligible,5,False,not_selected,PE_TTM,incumbent_remains_best,1
wf_cd46c725e308,F007,20250829,ROE,24,0.015109946951917445,12,0.015091032909170183,12,-0.004144811361758965,-0.48023907232890733,0.2266350296169175,True,eligible,6,False,not_selected,PE_TTM,incumbent_remains_best,1
wf_cd46c725e308,F007,20250829,Volatility,24,0.09563184304568047,12,0.04773613015344392,12,-0.011637304376837238,-0.48755076194078495,0.24695110132325013,True,eligible,7,False,not_selected,PE_TTM,incumbent_remains_best,-1
wf_cd46c725e308,F007,20250829,Main_Net_In,24,0.01833808688855808,12,-0.02193508615329831,12,-0.003566813422877166,-0.6419977416789892,1.4899247739961268,True,eligible,8,False,not_selected,PE_TTM,incumbent_remains_best,1
wf_cd46c725e308,F007,20250829,Debt_to_Equity,24,0.005490307193788471,12,-0.0005886568192669563,12,-0.006001234537175229,-1.058628005470372,0.08118951993117267,True,eligible,9,False,not_selected,PE_TTM,incumbent_remains_best,-1
wf_cd46c725e308,F007,20250829,Momentum_60D,24,-0.020608161455154782,12,-0.08169326261826657,12,-0.02289057947356876,-1.352605573124618,1.1518201564718593,True,eligible,10,False,not_selected,PE_TTM,incumbent_remains_best,1
wf_cd46c725e308,F007,20250829,Turnover_20D,24,-0.06982257667147156,12,-0.11907928838385651,12,-0.03252117926261062,-2.8012383411222594,0.9346662637755375,True,eligible,11,False,not_selected,PE_TTM,incumbent_remains_best,1
wf_cd46c725e308,F008,20250930,PE_TTM,24,0.042251858937403776,12,0.054116671598797274,12,0.010020294062234784,1.8576260396011905,0.35783849297882403,True,eligible,1,True,incumbent_remains_best,PE_TTM,incumbent_remains_best,-1
wf_cd46c725e308,F008,20250930,Holder_Concen,24,-0.009062731969045246,12,0.005470824159717512,12,0.009991322568269682,1.7254126600511936,0.18610814717382473,True,eligible,2,False,not_selected,PE_TTM,incumbent_remains_best,1
wf_cd46c725e308,F008,20250930,Revenue_Growth,24,-0.00897579828629251,12,0.032312339367633204,12,0.010228489802001839,1.275257179181112,0.2500245305420846,True,eligible,3,False,not_selected,PE_TTM,incumbent_remains_best,1
wf_cd46c725e308,F008,20250930,Gross_Margin,24,0.0035317006875183903,12,0.020777324035189382,12,0.00462100444999186,0.7078368377294381,0.10075979853288741,True,eligible,4,False,not_selected,PE_TTM,incumbent_remains_best,1
wf_cd46c725e308,F008,20250930,Dividend_Yield,24,0.05880830020970181,12,0.02531423727840566,12,0.000832805042913235,0.11315370122114583,0.298412179533498,True,eligible,5,False,not_selected,PE_TTM,incumbent_remains_best,1
wf_cd46c725e308,F008,20250930,ROE,24,0.015204768914977624,12,0.019169761633964912,12,-0.0012657318433568442,-0.14853998824953116,0.2253496726165104,True,eligible,6,False,not_selected,PE_TTM,incumbent_remains_best,1
wf_cd46c725e308,F008,20250930,Main_Net_In,24,0.019076412443762323,12,-0.024984546629572935,12,-0.0024755560075492024,-0.4477601556559601,1.486349698842778,True,eligible,7,False,not_selected,PE_TTM,incumbent_remains_best,1
wf_cd46c725e308,F008,20250930,Debt_to_Equity,24,0.0034376204807495293,12,0.003259812516402224,12,-0.004897454265873989,-0.8825777222782345,0.07947332763837797,True,eligible,8,False,not_selected,PE_TTM,incumbent_remains_best,-1
wf_cd46c725e308,F008,20250930,Volatility,24,0.09385025749125527,12,0.024696574594033658,12,-0.021245968145477124,-0.9003001040358161,0.240817613201573,True,eligible,9,False,not_selected,PE_TTM,incumbent_remains_best,-1
wf_cd46c725e308,F008,20250930,Momentum_60D,24,-0.016881347575383766,12,-0.07912000822884722,12,-0.017425100897448198,-0.9945300827329365,1.1567652468472522,True,eligible,10,False,not_selected,PE_TTM,incumbent_remains_best,1
wf_cd46c725e308,F008,20250930,Turnover_20D,24,-0.06898021796042153,12,-0.10242886257831064,12,-0.023971959407241766,-2.0092898779540724,0.9544657236859985,True,eligible,11,False,not_selected,PE_TTM,incumbent_remains_best,1
wf_cd46c725e308,F009,20251031,PE_TTM,24,0.043600095603683754,12,0.0502484400625341,12,0.00915900201436894,1.721251892228257,0.3525822220916956,True,eligible,1,True,incumbent_remains_best,PE_TTM,incumbent_remains_best,-1
wf_cd46c725e308,F009,20251031,Revenue_Growth,24,-0.007865278784384115,12,0.03260782580326128,12,0.012551503033220716,1.6653171202048853,0.24883551571222565,True,eligible,2,False,not_selected,PE_TTM,incumbent_remains_best,1
wf_cd46c725e308,F009,20251031,Holder_Concen,24,-0.008156682796846547,12,0.0003949696929874946,12,0.003708070815267493,0.8020507293925981,0.1845711943904107,True,eligible,3,False,not_selected,PE_TTM,incumbent_remains_best,1
wf_cd46c725e308,F009,20251031,Gross_Margin,24,0.006151085446078596,12,0.012941315628472375,12,0.002116151590012382,0.34975039837331096,0.1009609463448573,True,eligible,4,False,not_selected,PE_TTM,incumbent_remains_best,1
wf_cd46c725e308,F009,20251031,Dividend_Yield,24,0.05158142413236782,12,0.031644627617835965,12,0.0012642940632191112,0.1711957854733455,0.2975053390925902,True,eligible,5,False,not_selected,PE_TTM,incumbent_remains_best,1
wf_cd46c725e308,F009,20251031,ROE,24,0.012776588698816746,12,0.02160960963386382,12,0.0013962330575774309,0.17042238785487424,0.22797805460940937,True,eligible,6,False,not_selected,PE_TTM,incumbent_remains_best,1
wf_cd46c725e308,F009,20251031,Volatility,24,0.074021811420777,12,0.06136240826387265,12,-0.001032053208333103,-0.05503063793505254,0.23847193585567225,True,eligible,7,False,not_selected,PE_TTM,incumbent_remains_best,-1
wf_cd46c725e308,F009,20251031,Main_Net_In,24,0.016615369831769346,12,-0.017459806099910023,12,-0.002164141671015942,-0.38097105034051165,1.4985259290554847,True,eligible,8,False,not_selected,PE_TTM,incumbent_remains_best,1
wf_cd46c725e308,F009,20251031,Momentum_60D,24,-0.02547991891687981,12,-0.06843162536045123,12,-0.010473670196302744,-0.6530373902016955,1.1518043021656208,True,eligible,9,False,not_selected,PE_TTM,incumbent_remains_best,1
wf_cd46c725e308,F009,20251031,Debt_to_Equity,24,0.005833942594518357,12,-0.00069459021985201,12,-0.004211758460054611,-0.7529880344689139,0.0822007985043361,True,eligible,10,False,not_selected,PE_TTM,incumbent_remains_best,-1
wf_cd46c725e308,F009,20251031,Turnover_20D,24,-0.06367124060194639,12,-0.11443626910379946,12,-0.026370199222326186,-2.129705657329059,0.968014548412994,True,eligible,11,False,not_selected,PE_TTM,incumbent_remains_best,1
wf_cd46c725e308,F010,20251128,PE_TTM,24,0.04248356819160324,12,0.05389784172150811,12,0.011036213002558746,2.1897647165332685,0.35677395302557247,True,eligible,1,True,incumbent_remains_best,PE_TTM,incumbent_remains_best,-1
wf_cd46c725e308,F010,20251128,Revenue_Growth,24,-0.010431054696074577,12,0.03313799825182007,12,0.013368175711680771,1.8435278327523428,0.2504435677470452,True,eligible,2,False,not_selected,PE_TTM,incumbent_remains_best,1
wf_cd46c725e308,F010,20251128,Holder_Concen,24,-0.009193533120500422,12,0.005660887289194197,12,0.006093649891198749,1.653951355867991,0.18397935458193682,True,eligible,3,False,not_selected,PE_TTM,incumbent_remains_best,1
wf_cd46c725e308,F010,20251128,Gross_Margin,24,-0.0026789408401818927,12,0.022465283711546713,12,0.004725386603979775,1.0967025320281047,0.10055468015860597,True,eligible,4,False,not_selected,PE_TTM,incumbent_remains_best,1
wf_cd46c725e308,F010,20251128,ROE,24,0.010124968058106323,12,0.028375384350546515,12,0.004868158856439617,0.7295934918974971,0.22901923219579112,True,eligible,5,False,not_selected,PE_TTM,incumbent_remains_best,1
wf_cd46c725e308,F010,20251128,Dividend_Yield,24,0.05235134395188582,12,0.04037367027122046,12,0.005107640335363065,0.7062038917168104,0.2987601850840969,True,eligible,6,False,not_selected,PE_TTM,incumbent_remains_best,1
wf_cd46c725e308,F010,20251128,Volatility,24,0.07760093720616072,12,0.06777984413633338,12,0.0050635612451147855,0.27364107328044524,0.2329935239477793,True,eligible,7,False,not_selected,PE_TTM,incumbent_remains_best,-1
wf_cd46c725e308,F010,20251128,Debt_to_Equity,24,-1.8602629773488363e-05,12,0.00940358893367147,12,0.00028659799348649607,0.07892389533823897,0.08422717460109187,True,eligible,8,False,not_selected,PE_TTM,incumbent_remains_best,-1
wf_cd46c725e308,F010,20251128,Main_Net_In,24,0.012325044214857315,12,-0.014493806199400371,12,-0.0008209255646711304,-0.1456005560615816,1.4977477709658877,True,eligible,9,False,not_selected,PE_TTM,incumbent_remains_best,1
wf_cd46c725e308,F010,20251128,Momentum_60D,24,-0.019172298210000282,12,-0.08255798029717243,12,-0.019375178478301797,-1.397011543145041,1.1389695506182516,True,eligible,10,False,not_selected,PE_TTM,incumbent_remains_best,1
wf_cd46c725e308,F010,20251128,Turnover_20D,24,-0.06666340413629267,12,-0.12113043227988081,12,-0.02888046370894082,-2.36577605173807,0.9995922837239087,True,eligible,11,False,not_selected,PE_TTM,incumbent_remains_best,1
wf_cd46c725e308,F011,20251231,Revenue_Growth,24,-0.007343937004031601,12,0.029560961588443225,12,0.014312314140754965,2.0878901176796902,0.24967327644999848,True,eligible,1,True,challenger_margin_met,PE_TTM,challenger_margin_met,1
wf_cd46c725e308,F011,20251231,PE_TTM,24,0.046342990598708556,12,0.04474961362849283,12,0.009497057465272397,1.8415250232975346,0.33804236339233,True,eligible,2,False,not_selected,PE_TTM,challenger_margin_met,-1
wf_cd46c725e308,F011,20251231,Holder_Concen,24,-0.006681267121249723,12,0.005293134009124167,12,0.0035764015559356724,1.0806194894245844,0.19645576716660682,True,eligible,3,False,not_selected,PE_TTM,challenger_margin_met,1
wf_cd46c725e308,F011,20251231,Volatility,24,0.07635166299719988,12,0.08563025458833184,12,0.015182076059976577,0.854189468414769,0.22917046418495202,True,eligible,4,False,not_selected,PE_TTM,challenger_margin_met,-1
wf_cd46c725e308,F011,20251231,Dividend_Yield,24,0.05001811376940543,12,0.047897544954457694,12,0.005969703310431281,0.8229396412924755,0.28704581900129056,True,eligible,5,False,not_selected,PE_TTM,challenger_margin_met,1
wf_cd46c725e308,F011,20251231,ROE,24,0.012675458047235702,12,0.025292744626397124,12,0.0033262951587889507,0.4615519480412301,0.22909307931575681,True,eligible,6,False,not_selected,PE_TTM,challenger_margin_met,1
wf_cd46c725e308,F011,20251231,Gross_Margin,24,0.002036172468067851,12,0.015428568702894191,12,0.001828680121085317,0.36387353434640746,0.09979082979235006,True,eligible,7,False,not_selected,PE_TTM,challenger_margin_met,1
wf_cd46c725e308,F011,20251231,Main_Net_In,24,0.008730429495650359,12,-0.01504498810432144,12,-0.002556687095222583,-0.4786324516038883,1.499505893345881,True,eligible,8,False,not_selected,PE_TTM,challenger_margin_met,1
wf_cd46c725e308,F011,20251231,Debt_to_Equity,24,0.004030680466335867,12,0.0033039560701335798,12,-0.002045548438856963,-0.7628972247253287,0.0855926758436207,True,eligible,9,False,not_selected,PE_TTM,challenger_margin_met,-1
wf_cd46c725e308,F011,20251231,Momentum_60D,24,-0.017659289108984785,12,-0.07802607470327598,12,-0.017643362846246433,-1.2533554344662732,1.118504333983733,True,eligible,10,False,not_selected,PE_TTM,challenger_margin_met,1
wf_cd46c725e308,F011,20251231,Turnover_20D,24,-0.06936053402877627,12,-0.12223090824638792,12,-0.027831551215617593,-2.2563974363869734,1.0043522038496548,True,eligible,11,False,not_selected,PE_TTM,challenger_margin_met,1
wf_cd46c725e308,F012,20260130,Revenue_Growth,24,-0.0011982247839406428,12,0.029430199049153307,12,0.013537564270328243,2.0449791845117966,0.2485131658615389,True,eligible,1,True,incumbent_remains_best,Revenue_Growth,incumbent_remains_best,1
wf_cd46c725e308,F012,20260130,PE_TTM,24,0.05137759397663209,12,0.04445419675350798,12,0.006812583721351694,1.4455749791896086,0.33838149886527163,True,eligible,2,False,not_selected,Revenue_Growth,incumbent_remains_best,-1
wf_cd46c725e308,F012,20260130,Holder_Concen,24,-0.004154004500146045,12,0.0022881522173547023,12,0.003683495833130296,1.1219872664969563,0.19316667010832236,True,eligible,3,False,not_selected,Revenue_Growth,incumbent_remains_best,1
wf_cd46c725e308,F012,20260130,Gross_Margin,24,0.004089332258720359,12,0.018012326818258192,12,0.0016959023337456225,0.33933741248080074,0.09923888865155445,True,eligible,4,False,not_selected,Revenue_Growth,incumbent_remains_best,1
wf_cd46c725e308,F012,20260130,ROE,24,0.02252987042285588,12,0.017002629759571165,12,0.00204498234688154,0.3019279112963114,0.22884383352579293,True,eligible,5,False,not_selected,Revenue_Growth,incumbent_remains_best,1
wf_cd46c725e308,F012,20260130,Volatility,24,0.08640373157461585,12,0.055634517652641595,12,0.00252497132453961,0.16792504162646252,0.2311276686963416,True,eligible,6,False,not_selected,Revenue_Growth,incumbent_remains_best,-1
wf_cd46c725e308,F012,20260130,Dividend_Yield,24,0.05671016371803775,12,0.030135415690976067,12,-0.00037837095633448035,-0.0633546729878774,0.282323096814572,True,eligible,7,False,not_selected,Revenue_Growth,incumbent_remains_best,1
wf_cd46c725e308,F012,20260130,Debt_to_Equity,24,0.005671659236201074,12,0.002649210743550507,12,-0.0011175545432932038,-0.4007268105785176,0.085707535793951,True,eligible,8,False,not_selected,Revenue_Growth,incumbent_remains_best,-1
wf_cd46c725e308,F012,20260130,Momentum_60D,24,-0.03174770909930657,12,-0.054485542705692086,12,-0.0035568619884307293,-0.469598081820725,1.1333554395649743,True,eligible,9,False,not_selected,Revenue_Growth,incumbent_remains_best,1
wf_cd46c725e308,F012,20260130,Main_Net_In,24,0.006916712379037164,12,-0.015725595829580344,12,-0.004512247095151841,-0.8883136401783904,1.5035173278466683,True,eligible,10,False,not_selected,Revenue_Growth,incumbent_remains_best,1
wf_cd46c725e308,F012,20260130,Turnover_20D,24,-0.0760208850335443,12,-0.10239700952180171,12,-0.01829614609472312,-1.6810596764834376,1.0166947244035214,True,eligible,11,False,not_selected,Revenue_Growth,incumbent_remains_best,1
wf_cd46c725e308,F013,20260227,Revenue_Growth,24,0.003524831179521465,12,0.01867885694196667,12,0.010495705228334394,1.8055721108941403,0.24862512710842508,True,eligible,1,True,incumbent_remains_best,Revenue_Growth,incumbent_remains_best,1
wf_cd46c725e308,F013,20260227,Holder_Concen,24,-0.004211552514203795,12,0.0013044295418227672,12,0.0031860118448615526,0.9728383987455903,0.19189593623819545,True,eligible,2,False,not_selected,Revenue_Growth,incumbent_remains_best,1
wf_cd46c725e308,F013,20260227,PE_TTM,24,0.05420589641748242,12,0.0354132349115679,12,0.00396016100120647,0.9616980139917589,0.3391275726894271,True,eligible,3,False,not_selected,Revenue_Growth,incumbent_remains_best,-1
wf_cd46c725e308,F013,20260227,Volatility,24,0.08907208748859885,12,0.06657304883281176,12,0.0050319917682373275,0.3294340125797638,0.23374956566838612,True,eligible,4,False,not_selected,Revenue_Growth,incumbent_remains_best,-1
wf_cd46c725e308,F013,20260227,ROE,24,0.024400543760131666,12,0.013196425209129057,12,0.001538152780728689,0.2337899277026127,0.22762656806623618,True,eligible,5,False,not_selected,Revenue_Growth,incumbent_remains_best,1
wf_cd46c725e308,F013,20260227,Gross_Margin,24,0.004543456274274003,12,0.01495855967564079,12,0.0006905896115832164,0.14311110669520313,0.09966714085257843,True,eligible,6,False,not_selected,Revenue_Growth,incumbent_remains_best,1
wf_cd46c725e308,F013,20260227,Dividend_Yield,24,0.055700670378354356,12,0.03589083895136882,12,0.0008412581943708142,0.14263178573586424,0.27802296908005014,True,eligible,7,False,not_selected,Revenue_Growth,incumbent_remains_best,1
wf_cd46c725e308,F013,20260227,Momentum_60D,24,-0.028488856865342842,12,-0.04534768282274254,12,-0.0002793649460617554,-0.036164878460807154,1.1214148273524038,True,eligible,8,False,not_selected,Revenue_Growth,incumbent_remains_best,1
wf_cd46c725e308,F013,20260227,Main_Net_In,24,0.004559871301234313,12,-0.011102497810040109,12,-0.001161459687701971,-0.21657444860562383,1.4895924119463795,True,eligible,9,False,not_selected,Revenue_Growth,incumbent_remains_best,1
wf_cd46c725e308,F013,20260227,Debt_to_Equity,24,0.007652330978422006,12,0.0030749929576582274,12,-0.001100544823808409,-0.39435203182740686,0.08549742461867023,True,eligible,10,False,not_selected,Revenue_Growth,incumbent_remains_best,-1
wf_cd46c725e308,F013,20260227,Turnover_20D,24,-0.0772473480050093,12,-0.1044570251613572,12,-0.018225841653184697,-1.6748392933565335,1.024364821237072,True,eligible,11,False,not_selected,Revenue_Growth,incumbent_remains_best,1
wf_cd46c725e308,F014,20260331,Revenue_Growth,24,0.007084588201715155,12,0.019563763505804136,12,0.01171979885653014,2.06724249529891,0.2472970609471077,True,eligible,1,True,incumbent_remains_best,Revenue_Growth,incumbent_remains_best,1
wf_cd46c725e308,F014,20260331,PE_TTM,24,0.050940492954771786,12,0.035998541938893826,12,0.005035051329790178,1.2577741048964426,0.3398583524515744,True,eligible,2,False,not_selected,Revenue_Growth,incumbent_remains_best,-1
wf_cd46c725e308,F014,20260331,Volatility,24,0.07106866474492013,12,0.08786778509441683,12,0.012828258343691125,1.0383193452633765,0.24312675179788132,True,eligible,3,False,not_selected,Revenue_Growth,incumbent_remains_best,-1
wf_cd46c725e308,F014,20260331,Dividend_Yield,24,0.04702016713320049,12,0.0439244818346497,12,0.0030516833520108423,0.5288849321519948,0.2820167914853038,True,eligible,4,False,not_selected,Revenue_Growth,incumbent_remains_best,1
wf_cd46c725e308,F014,20260331,Momentum_60D,24,-0.03065737551732013,12,-0.03264725042765669,12,0.0032061402175106017,0.40313490956313863,1.1193488251673294,True,eligible,5,False,not_selected,Revenue_Growth,incumbent_remains_best,1
wf_cd46c725e308,F014,20260331,Holder_Concen,24,-0.002486035327185132,12,-0.0014013921122648387,12,0.001100872719715906,0.3837576991758294,0.19081111839298104,True,eligible,6,False,not_selected,Revenue_Growth,incumbent_remains_best,1
wf_cd46c725e308,F014,20260331,ROE,24,0.022236294629069616,12,0.01597305624005777,12,0.0014353983477465974,0.21760270232779794,0.22849914956447803,True,eligible,7,False,not_selected,Revenue_Growth,incumbent_remains_best,1
wf_cd46c725e308,F014,20260331,Main_Net_In,24,0.004500597141194254,12,-0.01259091110531529,12,0.0002638633440672984,0.052589246895609634,1.513477520492353,True,eligible,8,False,not_selected,Revenue_Growth,incumbent_remains_best,1
wf_cd46c725e308,F014,20260331,Gross_Margin,24,0.003354219894880408,12,0.009204260134001553,12,-0.000597849783799034,-0.11617357629933388,0.10059901219161628,True,eligible,9,False,not_selected,Revenue_Growth,incumbent_remains_best,1
wf_cd46c725e308,F014,20260331,Debt_to_Equity,24,0.004437165277217811,12,0.004309316457777201,12,-0.00028669991902619376,-0.12176207057518364,0.08368580269212651,True,eligible,10,False,not_selected,Revenue_Growth,incumbent_remains_best,-1
wf_cd46c725e308,F014,20260331,Turnover_20D,24,-0.07043596905246374,12,-0.10504799731236447,12,-0.019409852865702414,-1.8488699702657092,1.046359329748244,True,eligible,11,False,not_selected,Revenue_Growth,incumbent_remains_best,1
wf_cd46c725e308,F015,20260430,Revenue_Growth,24,0.013489195098128246,12,0.013565282685748921,12,0.009553924413362433,1.8514287170109751,0.24694975547286066,True,eligible,1,True,incumbent_remains_best,Revenue_Growth,incumbent_remains_best,1
wf_cd46c725e308,F015,20260430,Volatility,24,0.07167244295926295,12,0.08336810674155004,12,0.010231049107620153,0.8904583997259802,0.23569882437150524,True,eligible,2,False,not_selected,Revenue_Growth,incumbent_remains_best,-1
wf_cd46c725e308,F015,20260430,Momentum_60D,24,-0.033722925642084255,12,-0.037388937857123695,12,0.002200493997062516,0.26580717818120847,1.0962061886408117,True,eligible,3,False,not_selected,Revenue_Growth,incumbent_remains_best,1
wf_cd46c725e308,F015,20260430,Holder_Concen,24,-0.0012814255906915307,12,-0.0020419757273711712,12,0.0006978347482044864,0.24526838729501807,0.189414579049393,True,eligible,4,False,not_selected,Revenue_Growth,incumbent_remains_best,1
wf_cd46c725e308,F015,20260430,Dividend_Yield,24,0.04779115378964218,12,0.03928888484976542,12,0.0010496402336132647,0.2104572511237005,0.2802169750899813,True,eligible,5,False,not_selected,Revenue_Growth,incumbent_remains_best,1
wf_cd46c725e308,F015,20260430,PE_TTM,24,0.05167572539732462,12,0.02296275283491317,12,0.0005743357643335067,0.15178456391219988,0.3282576184953117,True,eligible,6,False,not_selected,Revenue_Growth,incumbent_remains_best,-1
wf_cd46c725e308,F015,20260430,Main_Net_In,24,0.006420015101437274,12,-0.020660893714319225,12,-0.0026355886969522597,-0.5529256796285109,1.539036314092968,True,eligible,7,False,not_selected,Revenue_Growth,incumbent_remains_best,1
wf_cd46c725e308,F015,20260430,Debt_to_Equity,24,0.003363612011637667,12,-0.0008942300248526202,12,-0.0013312364037936337,-0.7204128720204073,0.08429185975208832,True,eligible,8,False,not_selected,Revenue_Growth,incumbent_remains_best,-1
wf_cd46c725e308,F015,20260430,ROE,24,0.030965992679886336,12,0.0010117647948672576,12,-0.004446201511501543,-0.8682245562083657,0.22727789777044158,True,eligible,9,False,not_selected,Revenue_Growth,incumbent_remains_best,1
wf_cd46c725e308,F015,20260430,Gross_Margin,24,0.007400979382889518,12,4.057808890530661e-05,12,-0.00419633938196579,-1.003120952457576,0.10104774685489824,True,eligible,10,False,not_selected,Revenue_Growth,incumbent_remains_best,1
wf_cd46c725e308,F015,20260430,Turnover_20D,24,-0.07357918201940461,12,-0.09644236657423595,12,-0.014623629101515581,-1.5698475237250598,1.0421686683722635,True,eligible,11,False,not_selected,Revenue_Growth,incumbent_remains_best,1
wf_cd46c725e308,F016,20260529,Revenue_Growth,24,0.01437826290415152,12,0.019196538832311285,12,0.012960388802753848,2.149646667346668,0.24853193785438166,True,eligible,1,True,incumbent_remains_best,Revenue_Growth,incumbent_remains_best,1
wf_cd46c725e308,F016,20260529,Holder_Concen,24,-0.000762678362772984,12,-0.0020505408266314027,12,0.0024118922858397543,0.7611743732967216,0.18105072995589125,True,eligible,2,False,not_selected,Revenue_Growth,incumbent_remains_best,1
wf_cd46c725e308,F016,20260529,Volatility,24,0.05868720567765808,12,0.07963336154509715,12,0.008229238441909856,0.6593067098976321,0.23897661511803783,True,eligible,3,False,not_selected,Revenue_Growth,incumbent_remains_best,-1
wf_cd46c725e308,F016,20260529,Momentum_60D,24,-0.032366172600946146,12,-0.04139459040983449,12,0.004069161607377691,0.4310727745656082,1.0834472960645232,True,eligible,4,False,not_selected,Revenue_Growth,incumbent_remains_best,1
wf_cd46c725e308,F016,20260529,Dividend_Yield,24,0.04251118082937438,12,0.03322589446474749,12,-0.001004928880353485,-0.17346500169936852,0.28165125228492277,True,eligible,5,False,not_selected,Revenue_Growth,incumbent_remains_best,1
wf_cd46c725e308,F016,20260529,PE_TTM,24,0.0495789954001306,12,0.022857904485010055,12,-0.00215101811967201,-0.42730768167838634,0.33334667701948467,True,eligible,6,False,not_selected,Revenue_Growth,incumbent_remains_best,-1
wf_cd46c725e308,F016,20260529,Main_Net_In,24,0.0015035894741725765,12,-0.015053310665372598,12,-0.0032591376764812808,-0.6613467237915506,1.548429607416658,True,eligible,7,False,not_selected,Revenue_Growth,incumbent_remains_best,1
wf_cd46c725e308,F016,20260529,Debt_to_Equity,24,0.0025058945101206803,12,-0.0007133805882908028,12,-0.00157465957443758,-0.8569199407556959,0.08482510090068185,True,eligible,8,False,not_selected,Revenue_Growth,incumbent_remains_best,-1
wf_cd46c725e308,F016,20260529,ROE,24,0.02869371890881219,12,-0.00010143338225943159,12,-0.006732134805904494,-1.110390126288454,0.22750117606006637,True,eligible,9,False,not_selected,Revenue_Growth,incumbent_remains_best,1
wf_cd46c725e308,F016,20260529,Gross_Margin,24,0.007041221652525697,12,-0.00045874660548342935,12,-0.005131618236677656,-1.236727625840826,0.09998092423131129,True,eligible,10,False,not_selected,Revenue_Growth,incumbent_remains_best,1
wf_cd46c725e308,F016,20260529,Turnover_20D,24,-0.06961501092026075,12,-0.09669574810360893,12,-0.012775836530456122,-1.2796719592226944,1.0470132348744816,True,eligible,11,False,not_selected,Revenue_Growth,incumbent_remains_best,1
